Msg Timestamp,Message,Layer Id,Time,RuntimeGraph Name
14812308567,LOAD,-1,1242,us,
14812308567,DESERIALIZE,-1,825,us,
14812308567,CREATE,-1,7333972,us,
14812308567,INIT,-1,7340615,us,
14812308567,DE-INIT,-1,203360,us,
14812308567,CREATE_NETWORK(S),-1,7317638,us,
14812308567,RPC_INIT_TIME,-1,40324,us,
14812308567,SNPE_ACCELERATOR_INIT_TIME,-1,37651,us,
14812308567,ACCELERATOR_INIT_TIME,-1,37474,us,
14812096543,AVG_TOTAL_INFERENCE_TIME,-1,196558,us,graph_xvgj3gl0
14812096543,AVG_FORWARD_PROPAGATE_TIME,-1,196530,us,graph_xvgj3gl0
14812096543,AVG_RPC_EXECUTE_TIME,-1,192745,us,graph_xvgj3gl0
14812096543,AVG_SNPE_ACCELERATOR_TIME,-1,191003,us,graph_xvgj3gl0
14812096543,AVG_ACCELERATOR_TIME,-1,111833,us,graph_xvgj3gl0
14812096543,AVG_EXECUTE_TIME_SUBNET_0,-1,459070909,DSP,graph_xvgj3gl0
14812096543,EXECUTE_TIME_SUBNET_0,-1,459612493,DSP,graph_xvgj3gl0
14812096543,TOTAL_INFERENCE_TIME,-1,335277,us,graph_xvgj3gl0
14812096543,FORWARD_PROPAGATE,-1,335223,us,graph_xvgj3gl0
14812096543,FORWARD_PROPAGATE_LAYER,0,1036796,DSP,graph_xvgj3gl0
14812096543,FORWARD_PROPAGATE_LAYER,1,1398497,DSP,graph_xvgj3gl0
14812096543,FORWARD_PROPAGATE_LAYER,2,1237299,DSP,graph_xvgj3gl0
14812096543,FORWARD_PROPAGATE_LAYER,3,3212859,DSP,graph_xvgj3gl0
14812096543,FORWARD_PROPAGATE_LAYER,4,829637,DSP,graph_xvgj3gl0
14812096543,FORWARD_PROPAGATE_LAYER,5,5305374,DSP,graph_xvgj3gl0
14812096543,FORWARD_PROPAGATE_LAYER,6,967581,DSP,graph_xvgj3gl0
14812096543,FORWARD_PROPAGATE_LAYER,7,5376262,DSP,graph_xvgj3gl0
14812096543,FORWARD_PROPAGATE_LAYER,8,0,DSP,graph_xvgj3gl0
14812096543,FORWARD_PROPAGATE_LAYER,9,1497127,DSP,graph_xvgj3gl0
14812096543,FORWARD_PROPAGATE_LAYER,10,0,DSP,graph_xvgj3gl0
14812096543,FORWARD_PROPAGATE_LAYER,11,4116816,DSP,graph_xvgj3gl0
14812096543,FORWARD_PROPAGATE_LAYER,12,0,DSP,graph_xvgj3gl0
14812096543,FORWARD_PROPAGATE_LAYER,13,4062001,DSP,graph_xvgj3gl0
14812096543,FORWARD_PROPAGATE_LAYER,14,3372476,DSP,graph_xvgj3gl0
14812096543,FORWARD_PROPAGATE_LAYER,15,0,DSP,graph_xvgj3gl0
14812096543,FORWARD_PROPAGATE_LAYER,16,616005,DSP,graph_xvgj3gl0
14812096543,FORWARD_PROPAGATE_LAYER,17,3354958,DSP,graph_xvgj3gl0
14812096543,FORWARD_PROPAGATE_LAYER,18,0,DSP,graph_xvgj3gl0
14812096543,FORWARD_PROPAGATE_LAYER,19,605896,DSP,graph_xvgj3gl0
14812096543,FORWARD_PROPAGATE_LAYER,20,3571511,DSP,graph_xvgj3gl0
14812096543,FORWARD_PROPAGATE_LAYER,21,0,DSP,graph_xvgj3gl0
14812096543,FORWARD_PROPAGATE_LAYER,22,552663,DSP,graph_xvgj3gl0
14812096543,FORWARD_PROPAGATE_LAYER,23,2071604,DSP,graph_xvgj3gl0
14812096543,FORWARD_PROPAGATE_LAYER,24,0,DSP,graph_xvgj3gl0
14812096543,FORWARD_PROPAGATE_LAYER,25,509274,DSP,graph_xvgj3gl0
14812096543,FORWARD_PROPAGATE_LAYER,26,0,DSP,graph_xvgj3gl0
14812096543,FORWARD_PROPAGATE_LAYER,27,3073320,DSP,graph_xvgj3gl0
14812096543,FORWARD_PROPAGATE_LAYER,28,1979844,DSP,graph_xvgj3gl0
14812096543,FORWARD_PROPAGATE_LAYER,29,2230811,DSP,graph_xvgj3gl0
14812096543,FORWARD_PROPAGATE_LAYER,30,417136,DSP,graph_xvgj3gl0
14812096543,FORWARD_PROPAGATE_LAYER,31,2480624,DSP,graph_xvgj3gl0
14812096543,FORWARD_PROPAGATE_LAYER,32,3404431,DSP,graph_xvgj3gl0
14812096543,FORWARD_PROPAGATE_LAYER,33,1362017,DSP,graph_xvgj3gl0
14812096543,FORWARD_PROPAGATE_LAYER,34,1979722,DSP,graph_xvgj3gl0
14812096543,FORWARD_PROPAGATE_LAYER,35,7062,DSP,graph_xvgj3gl0
14812096543,FORWARD_PROPAGATE_LAYER,36,1145961,DSP,graph_xvgj3gl0
14812096543,FORWARD_PROPAGATE_LAYER,37,488785,DSP,graph_xvgj3gl0
14812096543,FORWARD_PROPAGATE_LAYER,38,1164326,DSP,graph_xvgj3gl0
14812096543,FORWARD_PROPAGATE_LAYER,39,1142988,DSP,graph_xvgj3gl0
14812096543,FORWARD_PROPAGATE_LAYER,40,7072510,DSP,graph_xvgj3gl0
14812096543,FORWARD_PROPAGATE_LAYER,41,1212948,DSP,graph_xvgj3gl0
14812096543,FORWARD_PROPAGATE_LAYER,42,322329,DSP,graph_xvgj3gl0
14812096543,FORWARD_PROPAGATE_LAYER,43,320023,DSP,graph_xvgj3gl0
14812096543,FORWARD_PROPAGATE_LAYER,44,429954,DSP,graph_xvgj3gl0
14812096543,FORWARD_PROPAGATE_LAYER,45,2938995,DSP,graph_xvgj3gl0
14812096543,FORWARD_PROPAGATE_LAYER,46,0,DSP,graph_xvgj3gl0
14812096543,FORWARD_PROPAGATE_LAYER,47,643356,DSP,graph_xvgj3gl0
14812096543,FORWARD_PROPAGATE_LAYER,48,3367938,DSP,graph_xvgj3gl0
14812096543,FORWARD_PROPAGATE_LAYER,49,0,DSP,graph_xvgj3gl0
14812096543,FORWARD_PROPAGATE_LAYER,50,670568,DSP,graph_xvgj3gl0
14812096543,FORWARD_PROPAGATE_LAYER,51,3665925,DSP,graph_xvgj3gl0
14812096543,FORWARD_PROPAGATE_LAYER,52,0,DSP,graph_xvgj3gl0
14812096543,FORWARD_PROPAGATE_LAYER,53,608405,DSP,graph_xvgj3gl0
14812096543,FORWARD_PROPAGATE_LAYER,54,2109631,DSP,graph_xvgj3gl0
14812096543,FORWARD_PROPAGATE_LAYER,55,0,DSP,graph_xvgj3gl0
14812096543,FORWARD_PROPAGATE_LAYER,56,542597,DSP,graph_xvgj3gl0
14812096543,FORWARD_PROPAGATE_LAYER,57,0,DSP,graph_xvgj3gl0
14812096543,FORWARD_PROPAGATE_LAYER,58,3083207,DSP,graph_xvgj3gl0
14812096543,FORWARD_PROPAGATE_LAYER,59,1998424,DSP,graph_xvgj3gl0
14812096543,FORWARD_PROPAGATE_LAYER,60,2280950,DSP,graph_xvgj3gl0
14812096543,FORWARD_PROPAGATE_LAYER,61,409187,DSP,graph_xvgj3gl0
14812096543,FORWARD_PROPAGATE_LAYER,62,2494336,DSP,graph_xvgj3gl0
14812096543,FORWARD_PROPAGATE_LAYER,63,3380978,DSP,graph_xvgj3gl0
14812096543,FORWARD_PROPAGATE_LAYER,64,1354193,DSP,graph_xvgj3gl0
14812096543,FORWARD_PROPAGATE_LAYER,65,1969963,DSP,graph_xvgj3gl0
14812096543,FORWARD_PROPAGATE_LAYER,66,3116,DSP,graph_xvgj3gl0
14812096543,FORWARD_PROPAGATE_LAYER,67,1146495,DSP,graph_xvgj3gl0
14812096543,FORWARD_PROPAGATE_LAYER,68,488664,DSP,graph_xvgj3gl0
14812096543,FORWARD_PROPAGATE_LAYER,69,1168704,DSP,graph_xvgj3gl0
14812096543,FORWARD_PROPAGATE_LAYER,70,1150530,DSP,graph_xvgj3gl0
14812096543,FORWARD_PROPAGATE_LAYER,71,7178950,DSP,graph_xvgj3gl0
14812096543,FORWARD_PROPAGATE_LAYER,72,1214498,DSP,graph_xvgj3gl0
14812096543,FORWARD_PROPAGATE_LAYER,73,323721,DSP,graph_xvgj3gl0
14812096543,FORWARD_PROPAGATE_LAYER,74,319635,DSP,graph_xvgj3gl0
14812096543,FORWARD_PROPAGATE_LAYER,75,392889,DSP,graph_xvgj3gl0
14812096543,FORWARD_PROPAGATE_LAYER,76,2944190,DSP,graph_xvgj3gl0
14812096543,FORWARD_PROPAGATE_LAYER,77,0,DSP,graph_xvgj3gl0
14812096543,FORWARD_PROPAGATE_LAYER,78,641472,DSP,graph_xvgj3gl0
14812096543,FORWARD_PROPAGATE_LAYER,79,3358032,DSP,graph_xvgj3gl0
14812096543,FORWARD_PROPAGATE_LAYER,80,0,DSP,graph_xvgj3gl0
14812096543,FORWARD_PROPAGATE_LAYER,81,664627,DSP,graph_xvgj3gl0
14812096543,FORWARD_PROPAGATE_LAYER,82,3676030,DSP,graph_xvgj3gl0
14812096543,FORWARD_PROPAGATE_LAYER,83,0,DSP,graph_xvgj3gl0
14812096543,FORWARD_PROPAGATE_LAYER,84,614130,DSP,graph_xvgj3gl0
14812096543,FORWARD_PROPAGATE_LAYER,85,2139801,DSP,graph_xvgj3gl0
14812096543,FORWARD_PROPAGATE_LAYER,86,0,DSP,graph_xvgj3gl0
14812096543,FORWARD_PROPAGATE_LAYER,87,550880,DSP,graph_xvgj3gl0
14812096543,FORWARD_PROPAGATE_LAYER,88,0,DSP,graph_xvgj3gl0
14812096543,FORWARD_PROPAGATE_LAYER,89,3086058,DSP,graph_xvgj3gl0
14812096543,FORWARD_PROPAGATE_LAYER,90,1991779,DSP,graph_xvgj3gl0
14812096543,FORWARD_PROPAGATE_LAYER,91,2275560,DSP,graph_xvgj3gl0
14812096543,FORWARD_PROPAGATE_LAYER,92,406447,DSP,graph_xvgj3gl0
14812096543,FORWARD_PROPAGATE_LAYER,93,2497746,DSP,graph_xvgj3gl0
14812096543,FORWARD_PROPAGATE_LAYER,94,3389685,DSP,graph_xvgj3gl0
14812096543,FORWARD_PROPAGATE_LAYER,95,1362255,DSP,graph_xvgj3gl0
14812096543,FORWARD_PROPAGATE_LAYER,96,1964458,DSP,graph_xvgj3gl0
14812096543,FORWARD_PROPAGATE_LAYER,97,4445,DSP,graph_xvgj3gl0
14812096543,FORWARD_PROPAGATE_LAYER,98,1139976,DSP,graph_xvgj3gl0
14812096543,FORWARD_PROPAGATE_LAYER,99,489952,DSP,graph_xvgj3gl0
14812096543,FORWARD_PROPAGATE_LAYER,100,1161726,DSP,graph_xvgj3gl0
14812096543,FORWARD_PROPAGATE_LAYER,101,1159036,DSP,graph_xvgj3gl0
14812096543,FORWARD_PROPAGATE_LAYER,102,7128933,DSP,graph_xvgj3gl0
14812096543,FORWARD_PROPAGATE_LAYER,103,1217183,DSP,graph_xvgj3gl0
14812096543,FORWARD_PROPAGATE_LAYER,104,323307,DSP,graph_xvgj3gl0
14812096543,FORWARD_PROPAGATE_LAYER,105,327666,DSP,graph_xvgj3gl0
14812096543,FORWARD_PROPAGATE_LAYER,106,380588,DSP,graph_xvgj3gl0
14812096543,FORWARD_PROPAGATE_LAYER,107,2950978,DSP,graph_xvgj3gl0
14812096543,FORWARD_PROPAGATE_LAYER,108,0,DSP,graph_xvgj3gl0
14812096543,FORWARD_PROPAGATE_LAYER,109,638469,DSP,graph_xvgj3gl0
14812096543,FORWARD_PROPAGATE_LAYER,110,3352844,DSP,graph_xvgj3gl0
14812096543,FORWARD_PROPAGATE_LAYER,111,0,DSP,graph_xvgj3gl0
14812096543,FORWARD_PROPAGATE_LAYER,112,667082,DSP,graph_xvgj3gl0
14812096543,FORWARD_PROPAGATE_LAYER,113,3704994,DSP,graph_xvgj3gl0
14812096543,FORWARD_PROPAGATE_LAYER,114,0,DSP,graph_xvgj3gl0
14812096543,FORWARD_PROPAGATE_LAYER,115,606223,DSP,graph_xvgj3gl0
14812096543,FORWARD_PROPAGATE_LAYER,116,2127268,DSP,graph_xvgj3gl0
14812096543,FORWARD_PROPAGATE_LAYER,117,0,DSP,graph_xvgj3gl0
14812096543,FORWARD_PROPAGATE_LAYER,118,543675,DSP,graph_xvgj3gl0
14812096543,FORWARD_PROPAGATE_LAYER,119,0,DSP,graph_xvgj3gl0
14812096543,FORWARD_PROPAGATE_LAYER,120,3077055,DSP,graph_xvgj3gl0
14812096543,FORWARD_PROPAGATE_LAYER,121,1979794,DSP,graph_xvgj3gl0
14812096543,FORWARD_PROPAGATE_LAYER,122,2274096,DSP,graph_xvgj3gl0
14812096543,FORWARD_PROPAGATE_LAYER,123,407408,DSP,graph_xvgj3gl0
14812096543,FORWARD_PROPAGATE_LAYER,124,2498893,DSP,graph_xvgj3gl0
14812096543,FORWARD_PROPAGATE_LAYER,125,3382878,DSP,graph_xvgj3gl0
14812096543,FORWARD_PROPAGATE_LAYER,126,1347540,DSP,graph_xvgj3gl0
14812096543,FORWARD_PROPAGATE_LAYER,127,1972930,DSP,graph_xvgj3gl0
14812096543,FORWARD_PROPAGATE_LAYER,128,5525,DSP,graph_xvgj3gl0
14812096543,FORWARD_PROPAGATE_LAYER,129,1147166,DSP,graph_xvgj3gl0
14812096543,FORWARD_PROPAGATE_LAYER,130,488980,DSP,graph_xvgj3gl0
14812096543,FORWARD_PROPAGATE_LAYER,131,1170895,DSP,graph_xvgj3gl0
14812096543,FORWARD_PROPAGATE_LAYER,132,1148409,DSP,graph_xvgj3gl0
14812096543,FORWARD_PROPAGATE_LAYER,133,7155740,DSP,graph_xvgj3gl0
14812096543,FORWARD_PROPAGATE_LAYER,134,1209931,DSP,graph_xvgj3gl0
14812096543,FORWARD_PROPAGATE_LAYER,135,322948,DSP,graph_xvgj3gl0
14812096543,FORWARD_PROPAGATE_LAYER,136,321320,DSP,graph_xvgj3gl0
14812096543,FORWARD_PROPAGATE_LAYER,137,400898,DSP,graph_xvgj3gl0
14812096543,FORWARD_PROPAGATE_LAYER,138,2952690,DSP,graph_xvgj3gl0
14812096543,FORWARD_PROPAGATE_LAYER,139,0,DSP,graph_xvgj3gl0
14812096543,FORWARD_PROPAGATE_LAYER,140,632653,DSP,graph_xvgj3gl0
14812096543,FORWARD_PROPAGATE_LAYER,141,3352731,DSP,graph_xvgj3gl0
14812096543,FORWARD_PROPAGATE_LAYER,142,0,DSP,graph_xvgj3gl0
14812096543,FORWARD_PROPAGATE_LAYER,143,661988,DSP,graph_xvgj3gl0
14812096543,FORWARD_PROPAGATE_LAYER,144,3671862,DSP,graph_xvgj3gl0
14812096543,FORWARD_PROPAGATE_LAYER,145,0,DSP,graph_xvgj3gl0
14812096543,FORWARD_PROPAGATE_LAYER,146,626397,DSP,graph_xvgj3gl0
14812096543,FORWARD_PROPAGATE_LAYER,147,2181273,DSP,graph_xvgj3gl0
14812096543,FORWARD_PROPAGATE_LAYER,148,0,DSP,graph_xvgj3gl0
14812096543,FORWARD_PROPAGATE_LAYER,149,549791,DSP,graph_xvgj3gl0
14812096543,FORWARD_PROPAGATE_LAYER,150,0,DSP,graph_xvgj3gl0
14812096543,FORWARD_PROPAGATE_LAYER,151,3064194,DSP,graph_xvgj3gl0
14812096543,FORWARD_PROPAGATE_LAYER,152,1995922,DSP,graph_xvgj3gl0
14812096543,FORWARD_PROPAGATE_LAYER,153,2277712,DSP,graph_xvgj3gl0
14812096543,FORWARD_PROPAGATE_LAYER,154,410339,DSP,graph_xvgj3gl0
14812096543,FORWARD_PROPAGATE_LAYER,155,2478635,DSP,graph_xvgj3gl0
14812096543,FORWARD_PROPAGATE_LAYER,156,3400960,DSP,graph_xvgj3gl0
14812096543,FORWARD_PROPAGATE_LAYER,157,1357542,DSP,graph_xvgj3gl0
14812096543,FORWARD_PROPAGATE_LAYER,158,1980076,DSP,graph_xvgj3gl0
14812096543,FORWARD_PROPAGATE_LAYER,159,2513,DSP,graph_xvgj3gl0
14812096543,FORWARD_PROPAGATE_LAYER,160,1145580,DSP,graph_xvgj3gl0
14812096543,FORWARD_PROPAGATE_LAYER,161,474460,DSP,graph_xvgj3gl0
14812096543,FORWARD_PROPAGATE_LAYER,162,1167085,DSP,graph_xvgj3gl0
14812096543,FORWARD_PROPAGATE_LAYER,163,1151858,DSP,graph_xvgj3gl0
14812096543,FORWARD_PROPAGATE_LAYER,164,7098814,DSP,graph_xvgj3gl0
14812096543,FORWARD_PROPAGATE_LAYER,165,1214671,DSP,graph_xvgj3gl0
14812096543,FORWARD_PROPAGATE_LAYER,166,328769,DSP,graph_xvgj3gl0
14812096543,FORWARD_PROPAGATE_LAYER,167,324171,DSP,graph_xvgj3gl0
14812096543,FORWARD_PROPAGATE_LAYER,168,380990,DSP,graph_xvgj3gl0
14812096543,FORWARD_PROPAGATE_LAYER,169,2939040,DSP,graph_xvgj3gl0
14812096543,FORWARD_PROPAGATE_LAYER,170,0,DSP,graph_xvgj3gl0
14812096543,FORWARD_PROPAGATE_LAYER,171,639120,DSP,graph_xvgj3gl0
14812096543,FORWARD_PROPAGATE_LAYER,172,3339921,DSP,graph_xvgj3gl0
14812096543,FORWARD_PROPAGATE_LAYER,173,0,DSP,graph_xvgj3gl0
14812096543,FORWARD_PROPAGATE_LAYER,174,661833,DSP,graph_xvgj3gl0
14812096543,FORWARD_PROPAGATE_LAYER,175,3703533,DSP,graph_xvgj3gl0
14812096543,FORWARD_PROPAGATE_LAYER,176,0,DSP,graph_xvgj3gl0
14812096543,FORWARD_PROPAGATE_LAYER,177,609721,DSP,graph_xvgj3gl0
14812096543,FORWARD_PROPAGATE_LAYER,178,2123504,DSP,graph_xvgj3gl0
14812096543,FORWARD_PROPAGATE_LAYER,179,0,DSP,graph_xvgj3gl0
14812096543,FORWARD_PROPAGATE_LAYER,180,549097,DSP,graph_xvgj3gl0
14812096543,FORWARD_PROPAGATE_LAYER,181,0,DSP,graph_xvgj3gl0
14812096543,FORWARD_PROPAGATE_LAYER,182,3095488,DSP,graph_xvgj3gl0
14812096543,FORWARD_PROPAGATE_LAYER,183,1996741,DSP,graph_xvgj3gl0
14812096543,FORWARD_PROPAGATE_LAYER,184,2281073,DSP,graph_xvgj3gl0
14812096543,FORWARD_PROPAGATE_LAYER,185,408107,DSP,graph_xvgj3gl0
14812096543,FORWARD_PROPAGATE_LAYER,186,2506705,DSP,graph_xvgj3gl0
14812096543,FORWARD_PROPAGATE_LAYER,187,3390243,DSP,graph_xvgj3gl0
14812096543,FORWARD_PROPAGATE_LAYER,188,1352283,DSP,graph_xvgj3gl0
14812096543,FORWARD_PROPAGATE_LAYER,189,1968112,DSP,graph_xvgj3gl0
14812096543,FORWARD_PROPAGATE_LAYER,190,4633,DSP,graph_xvgj3gl0
14812096543,FORWARD_PROPAGATE_LAYER,191,1147752,DSP,graph_xvgj3gl0
14812096543,FORWARD_PROPAGATE_LAYER,192,489399,DSP,graph_xvgj3gl0
14812096543,FORWARD_PROPAGATE_LAYER,193,1161917,DSP,graph_xvgj3gl0
14812096543,FORWARD_PROPAGATE_LAYER,194,1166189,DSP,graph_xvgj3gl0
14812096543,FORWARD_PROPAGATE_LAYER,195,7105370,DSP,graph_xvgj3gl0
14812096543,FORWARD_PROPAGATE_LAYER,196,1216757,DSP,graph_xvgj3gl0
14812096543,FORWARD_PROPAGATE_LAYER,197,328987,DSP,graph_xvgj3gl0
14812096543,FORWARD_PROPAGATE_LAYER,198,337416,DSP,graph_xvgj3gl0
14812096543,FORWARD_PROPAGATE_LAYER,199,392688,DSP,graph_xvgj3gl0
14812096543,FORWARD_PROPAGATE_LAYER,200,2933356,DSP,graph_xvgj3gl0
14812096543,FORWARD_PROPAGATE_LAYER,201,0,DSP,graph_xvgj3gl0
14812096543,FORWARD_PROPAGATE_LAYER,202,638524,DSP,graph_xvgj3gl0
14812096543,FORWARD_PROPAGATE_LAYER,203,3350403,DSP,graph_xvgj3gl0
14812096543,FORWARD_PROPAGATE_LAYER,204,0,DSP,graph_xvgj3gl0
14812096543,FORWARD_PROPAGATE_LAYER,205,664788,DSP,graph_xvgj3gl0
14812096543,FORWARD_PROPAGATE_LAYER,206,3686982,DSP,graph_xvgj3gl0
14812096543,FORWARD_PROPAGATE_LAYER,207,0,DSP,graph_xvgj3gl0
14812096543,FORWARD_PROPAGATE_LAYER,208,599759,DSP,graph_xvgj3gl0
14812096543,FORWARD_PROPAGATE_LAYER,209,2137016,DSP,graph_xvgj3gl0
14812096543,FORWARD_PROPAGATE_LAYER,210,0,DSP,graph_xvgj3gl0
14812096543,FORWARD_PROPAGATE_LAYER,211,543484,DSP,graph_xvgj3gl0
14812096543,FORWARD_PROPAGATE_LAYER,212,0,DSP,graph_xvgj3gl0
14812096543,FORWARD_PROPAGATE_LAYER,213,3089753,DSP,graph_xvgj3gl0
14812096543,FORWARD_PROPAGATE_LAYER,214,1995315,DSP,graph_xvgj3gl0
14812096543,FORWARD_PROPAGATE_LAYER,215,2288872,DSP,graph_xvgj3gl0
14812096543,FORWARD_PROPAGATE_LAYER,216,412651,DSP,graph_xvgj3gl0
14812096543,FORWARD_PROPAGATE_LAYER,217,2479886,DSP,graph_xvgj3gl0
14812096543,FORWARD_PROPAGATE_LAYER,218,3409981,DSP,graph_xvgj3gl0
14812096543,FORWARD_PROPAGATE_LAYER,219,1351159,DSP,graph_xvgj3gl0
14812096543,FORWARD_PROPAGATE_LAYER,220,1978080,DSP,graph_xvgj3gl0
14812096543,FORWARD_PROPAGATE_LAYER,221,5832,DSP,graph_xvgj3gl0
14812096543,FORWARD_PROPAGATE_LAYER,222,1143537,DSP,graph_xvgj3gl0
14812096543,FORWARD_PROPAGATE_LAYER,223,485060,DSP,graph_xvgj3gl0
14812096543,FORWARD_PROPAGATE_LAYER,224,1152874,DSP,graph_xvgj3gl0
14812096543,FORWARD_PROPAGATE_LAYER,225,1153228,DSP,graph_xvgj3gl0
14812096543,FORWARD_PROPAGATE_LAYER,226,7146685,DSP,graph_xvgj3gl0
14812096543,FORWARD_PROPAGATE_LAYER,227,1212784,DSP,graph_xvgj3gl0
14812096543,FORWARD_PROPAGATE_LAYER,228,332075,DSP,graph_xvgj3gl0
14812096543,FORWARD_PROPAGATE_LAYER,229,332547,DSP,graph_xvgj3gl0
14812096543,FORWARD_PROPAGATE_LAYER,230,416491,DSP,graph_xvgj3gl0
14812096543,FORWARD_PROPAGATE_LAYER,231,2945704,DSP,graph_xvgj3gl0
14812096543,FORWARD_PROPAGATE_LAYER,232,0,DSP,graph_xvgj3gl0
14812096543,FORWARD_PROPAGATE_LAYER,233,568997,DSP,graph_xvgj3gl0
14812096543,FORWARD_PROPAGATE_LAYER,234,3352025,DSP,graph_xvgj3gl0
14812096543,FORWARD_PROPAGATE_LAYER,235,0,DSP,graph_xvgj3gl0
14812096543,FORWARD_PROPAGATE_LAYER,236,657510,DSP,graph_xvgj3gl0
14812096543,FORWARD_PROPAGATE_LAYER,237,3661958,DSP,graph_xvgj3gl0
14812096543,FORWARD_PROPAGATE_LAYER,238,0,DSP,graph_xvgj3gl0
14812096543,FORWARD_PROPAGATE_LAYER,239,598844,DSP,graph_xvgj3gl0
14812096543,FORWARD_PROPAGATE_LAYER,240,2109945,DSP,graph_xvgj3gl0
14812096543,FORWARD_PROPAGATE_LAYER,241,0,DSP,graph_xvgj3gl0
14812096543,FORWARD_PROPAGATE_LAYER,242,563610,DSP,graph_xvgj3gl0
14812096543,FORWARD_PROPAGATE_LAYER,243,0,DSP,graph_xvgj3gl0
14812096543,FORWARD_PROPAGATE_LAYER,244,3107478,DSP,graph_xvgj3gl0
14812096543,FORWARD_PROPAGATE_LAYER,245,2015831,DSP,graph_xvgj3gl0
14812096543,FORWARD_PROPAGATE_LAYER,246,2279832,DSP,graph_xvgj3gl0
14812096543,FORWARD_PROPAGATE_LAYER,247,410674,DSP,graph_xvgj3gl0
14812096543,FORWARD_PROPAGATE_LAYER,248,2471647,DSP,graph_xvgj3gl0
14812096543,FORWARD_PROPAGATE_LAYER,249,3369868,DSP,graph_xvgj3gl0
14812096543,FORWARD_PROPAGATE_LAYER,250,1342371,DSP,graph_xvgj3gl0
14812096543,FORWARD_PROPAGATE_LAYER,251,1974980,DSP,graph_xvgj3gl0
14812096543,FORWARD_PROPAGATE_LAYER,252,3711,DSP,graph_xvgj3gl0
14812096543,FORWARD_PROPAGATE_LAYER,253,1144494,DSP,graph_xvgj3gl0
14812096543,FORWARD_PROPAGATE_LAYER,254,486381,DSP,graph_xvgj3gl0
14812096543,FORWARD_PROPAGATE_LAYER,255,1162179,DSP,graph_xvgj3gl0
14812096543,FORWARD_PROPAGATE_LAYER,256,1155212,DSP,graph_xvgj3gl0
14812096543,FORWARD_PROPAGATE_LAYER,257,7114604,DSP,graph_xvgj3gl0
14812096543,FORWARD_PROPAGATE_LAYER,258,1218242,DSP,graph_xvgj3gl0
14812096543,FORWARD_PROPAGATE_LAYER,259,341078,DSP,graph_xvgj3gl0
14812096543,FORWARD_PROPAGATE_LAYER,260,334809,DSP,graph_xvgj3gl0
14812096543,FORWARD_PROPAGATE_LAYER,261,72325,DSP,graph_xvgj3gl0
14812096543,FORWARD_PROPAGATE_LAYER,262,20769216,DSP,graph_xvgj3gl0
14812096543,FORWARD_PROPAGATE_LAYER,263,0,DSP,graph_xvgj3gl0
14812096543,FORWARD_PROPAGATE_LAYER,264,4530471,DSP,graph_xvgj3gl0
14812096543,FORWARD_PROPAGATE_LAYER,265,34895168,DSP,graph_xvgj3gl0
14812096543,FORWARD_PROPAGATE_LAYER,266,0,DSP,graph_xvgj3gl0
14812096543,FORWARD_PROPAGATE_LAYER,267,3872011,DSP,graph_xvgj3gl0
14812096543,FORWARD_PROPAGATE_LAYER,268,0,DSP,graph_xvgj3gl0
14812096543,FORWARD_PROPAGATE_LAYER,269,1547108,DSP,graph_xvgj3gl0
14812096543,FORWARD_PROPAGATE_LAYER,270,378598,DSP,graph_xvgj3gl0
14812096543,FORWARD_PROPAGATE_LAYER,271,0,DSP,graph_xvgj3gl0
14812096543,FORWARD_PROPAGATE_LAYER,272,1222178,DSP,graph_xvgj3gl0
14812096543,FORWARD_PROPAGATE_LAYER,273,837875,DSP,graph_xvgj3gl0
14812096543,FORWARD_PROPAGATE_LAYER,274,1390555,DSP,graph_xvgj3gl0
14812096543,FORWARD_PROPAGATE_LAYER,275,844167,DSP,graph_xvgj3gl0
14812096543,FORWARD_PROPAGATE_LAYER,276,1485227,DSP,graph_xvgj3gl0
14812096543,EXECUTE_TIME_SUBNET_0,-1,458866082,DSP,graph_xvgj3gl0
14812096543,TOTAL_INFERENCE_TIME,-1,189780,us,graph_xvgj3gl0
14812096543,FORWARD_PROPAGATE,-1,189747,us,graph_xvgj3gl0
14812096543,FORWARD_PROPAGATE_LAYER,0,998197,DSP,graph_xvgj3gl0
14812096543,FORWARD_PROPAGATE_LAYER,1,1390411,DSP,graph_xvgj3gl0
14812096543,FORWARD_PROPAGATE_LAYER,2,1212996,DSP,graph_xvgj3gl0
14812096543,FORWARD_PROPAGATE_LAYER,3,3018356,DSP,graph_xvgj3gl0
14812096543,FORWARD_PROPAGATE_LAYER,4,824119,DSP,graph_xvgj3gl0
14812096543,FORWARD_PROPAGATE_LAYER,5,5058106,DSP,graph_xvgj3gl0
14812096543,FORWARD_PROPAGATE_LAYER,6,965000,DSP,graph_xvgj3gl0
14812096543,FORWARD_PROPAGATE_LAYER,7,5367389,DSP,graph_xvgj3gl0
14812096543,FORWARD_PROPAGATE_LAYER,8,0,DSP,graph_xvgj3gl0
14812096543,FORWARD_PROPAGATE_LAYER,9,1507925,DSP,graph_xvgj3gl0
14812096543,FORWARD_PROPAGATE_LAYER,10,0,DSP,graph_xvgj3gl0
14812096543,FORWARD_PROPAGATE_LAYER,11,4114903,DSP,graph_xvgj3gl0
14812096543,FORWARD_PROPAGATE_LAYER,12,0,DSP,graph_xvgj3gl0
14812096543,FORWARD_PROPAGATE_LAYER,13,4038387,DSP,graph_xvgj3gl0
14812096543,FORWARD_PROPAGATE_LAYER,14,3378288,DSP,graph_xvgj3gl0
14812096543,FORWARD_PROPAGATE_LAYER,15,0,DSP,graph_xvgj3gl0
14812096543,FORWARD_PROPAGATE_LAYER,16,616147,DSP,graph_xvgj3gl0
14812096543,FORWARD_PROPAGATE_LAYER,17,3353846,DSP,graph_xvgj3gl0
14812096543,FORWARD_PROPAGATE_LAYER,18,0,DSP,graph_xvgj3gl0
14812096543,FORWARD_PROPAGATE_LAYER,19,605181,DSP,graph_xvgj3gl0
14812096543,FORWARD_PROPAGATE_LAYER,20,3566646,DSP,graph_xvgj3gl0
14812096543,FORWARD_PROPAGATE_LAYER,21,0,DSP,graph_xvgj3gl0
14812096543,FORWARD_PROPAGATE_LAYER,22,548975,DSP,graph_xvgj3gl0
14812096543,FORWARD_PROPAGATE_LAYER,23,2068592,DSP,graph_xvgj3gl0
14812096543,FORWARD_PROPAGATE_LAYER,24,0,DSP,graph_xvgj3gl0
14812096543,FORWARD_PROPAGATE_LAYER,25,509226,DSP,graph_xvgj3gl0
14812096543,FORWARD_PROPAGATE_LAYER,26,0,DSP,graph_xvgj3gl0
14812096543,FORWARD_PROPAGATE_LAYER,27,3088451,DSP,graph_xvgj3gl0
14812096543,FORWARD_PROPAGATE_LAYER,28,1979087,DSP,graph_xvgj3gl0
14812096543,FORWARD_PROPAGATE_LAYER,29,2230727,DSP,graph_xvgj3gl0
14812096543,FORWARD_PROPAGATE_LAYER,30,419304,DSP,graph_xvgj3gl0
14812096543,FORWARD_PROPAGATE_LAYER,31,2473803,DSP,graph_xvgj3gl0
14812096543,FORWARD_PROPAGATE_LAYER,32,3376312,DSP,graph_xvgj3gl0
14812096543,FORWARD_PROPAGATE_LAYER,33,1362249,DSP,graph_xvgj3gl0
14812096543,FORWARD_PROPAGATE_LAYER,34,1974440,DSP,graph_xvgj3gl0
14812096543,FORWARD_PROPAGATE_LAYER,35,6345,DSP,graph_xvgj3gl0
14812096543,FORWARD_PROPAGATE_LAYER,36,1148391,DSP,graph_xvgj3gl0
14812096543,FORWARD_PROPAGATE_LAYER,37,477596,DSP,graph_xvgj3gl0
14812096543,FORWARD_PROPAGATE_LAYER,38,1161763,DSP,graph_xvgj3gl0
14812096543,FORWARD_PROPAGATE_LAYER,39,1148534,DSP,graph_xvgj3gl0
14812096543,FORWARD_PROPAGATE_LAYER,40,7057594,DSP,graph_xvgj3gl0
14812096543,FORWARD_PROPAGATE_LAYER,41,1209390,DSP,graph_xvgj3gl0
14812096543,FORWARD_PROPAGATE_LAYER,42,326091,DSP,graph_xvgj3gl0
14812096543,FORWARD_PROPAGATE_LAYER,43,324977,DSP,graph_xvgj3gl0
14812096543,FORWARD_PROPAGATE_LAYER,44,415127,DSP,graph_xvgj3gl0
14812096543,FORWARD_PROPAGATE_LAYER,45,2946959,DSP,graph_xvgj3gl0
14812096543,FORWARD_PROPAGATE_LAYER,46,0,DSP,graph_xvgj3gl0
14812096543,FORWARD_PROPAGATE_LAYER,47,646311,DSP,graph_xvgj3gl0
14812096543,FORWARD_PROPAGATE_LAYER,48,3371195,DSP,graph_xvgj3gl0
14812096543,FORWARD_PROPAGATE_LAYER,49,0,DSP,graph_xvgj3gl0
14812096543,FORWARD_PROPAGATE_LAYER,50,665308,DSP,graph_xvgj3gl0
14812096543,FORWARD_PROPAGATE_LAYER,51,3668335,DSP,graph_xvgj3gl0
14812096543,FORWARD_PROPAGATE_LAYER,52,0,DSP,graph_xvgj3gl0
14812096543,FORWARD_PROPAGATE_LAYER,53,595308,DSP,graph_xvgj3gl0
14812096543,FORWARD_PROPAGATE_LAYER,54,2115539,DSP,graph_xvgj3gl0
14812096543,FORWARD_PROPAGATE_LAYER,55,0,DSP,graph_xvgj3gl0
14812096543,FORWARD_PROPAGATE_LAYER,56,552484,DSP,graph_xvgj3gl0
14812096543,FORWARD_PROPAGATE_LAYER,57,0,DSP,graph_xvgj3gl0
14812096543,FORWARD_PROPAGATE_LAYER,58,3102295,DSP,graph_xvgj3gl0
14812096543,FORWARD_PROPAGATE_LAYER,59,1998855,DSP,graph_xvgj3gl0
14812096543,FORWARD_PROPAGATE_LAYER,60,2280872,DSP,graph_xvgj3gl0
14812096543,FORWARD_PROPAGATE_LAYER,61,414847,DSP,graph_xvgj3gl0
14812096543,FORWARD_PROPAGATE_LAYER,62,2485379,DSP,graph_xvgj3gl0
14812096543,FORWARD_PROPAGATE_LAYER,63,3356233,DSP,graph_xvgj3gl0
14812096543,FORWARD_PROPAGATE_LAYER,64,1348385,DSP,graph_xvgj3gl0
14812096543,FORWARD_PROPAGATE_LAYER,65,1971674,DSP,graph_xvgj3gl0
14812096543,FORWARD_PROPAGATE_LAYER,66,3605,DSP,graph_xvgj3gl0
14812096543,FORWARD_PROPAGATE_LAYER,67,1151331,DSP,graph_xvgj3gl0
14812096543,FORWARD_PROPAGATE_LAYER,68,488252,DSP,graph_xvgj3gl0
14812096543,FORWARD_PROPAGATE_LAYER,69,1164949,DSP,graph_xvgj3gl0
14812096543,FORWARD_PROPAGATE_LAYER,70,1152969,DSP,graph_xvgj3gl0
14812096543,FORWARD_PROPAGATE_LAYER,71,7154797,DSP,graph_xvgj3gl0
14812096543,FORWARD_PROPAGATE_LAYER,72,1206801,DSP,graph_xvgj3gl0
14812096543,FORWARD_PROPAGATE_LAYER,73,322039,DSP,graph_xvgj3gl0
14812096543,FORWARD_PROPAGATE_LAYER,74,318784,DSP,graph_xvgj3gl0
14812096543,FORWARD_PROPAGATE_LAYER,75,389716,DSP,graph_xvgj3gl0
14812096543,FORWARD_PROPAGATE_LAYER,76,2950462,DSP,graph_xvgj3gl0
14812096543,FORWARD_PROPAGATE_LAYER,77,0,DSP,graph_xvgj3gl0
14812096543,FORWARD_PROPAGATE_LAYER,78,645646,DSP,graph_xvgj3gl0
14812096543,FORWARD_PROPAGATE_LAYER,79,3362490,DSP,graph_xvgj3gl0
14812096543,FORWARD_PROPAGATE_LAYER,80,0,DSP,graph_xvgj3gl0
14812096543,FORWARD_PROPAGATE_LAYER,81,667477,DSP,graph_xvgj3gl0
14812096543,FORWARD_PROPAGATE_LAYER,82,3676810,DSP,graph_xvgj3gl0
14812096543,FORWARD_PROPAGATE_LAYER,83,0,DSP,graph_xvgj3gl0
14812096543,FORWARD_PROPAGATE_LAYER,84,610947,DSP,graph_xvgj3gl0
14812096543,FORWARD_PROPAGATE_LAYER,85,2125659,DSP,graph_xvgj3gl0
14812096543,FORWARD_PROPAGATE_LAYER,86,0,DSP,graph_xvgj3gl0
14812096543,FORWARD_PROPAGATE_LAYER,87,554338,DSP,graph_xvgj3gl0
14812096543,FORWARD_PROPAGATE_LAYER,88,0,DSP,graph_xvgj3gl0
14812096543,FORWARD_PROPAGATE_LAYER,89,3077849,DSP,graph_xvgj3gl0
14812096543,FORWARD_PROPAGATE_LAYER,90,1990847,DSP,graph_xvgj3gl0
14812096543,FORWARD_PROPAGATE_LAYER,91,2273199,DSP,graph_xvgj3gl0
14812096543,FORWARD_PROPAGATE_LAYER,92,409305,DSP,graph_xvgj3gl0
14812096543,FORWARD_PROPAGATE_LAYER,93,2494746,DSP,graph_xvgj3gl0
14812096543,FORWARD_PROPAGATE_LAYER,94,3400060,DSP,graph_xvgj3gl0
14812096543,FORWARD_PROPAGATE_LAYER,95,1352804,DSP,graph_xvgj3gl0
14812096543,FORWARD_PROPAGATE_LAYER,96,1977231,DSP,graph_xvgj3gl0
14812096543,FORWARD_PROPAGATE_LAYER,97,5326,DSP,graph_xvgj3gl0
14812096543,FORWARD_PROPAGATE_LAYER,98,1144109,DSP,graph_xvgj3gl0
14812096543,FORWARD_PROPAGATE_LAYER,99,486507,DSP,graph_xvgj3gl0
14812096543,FORWARD_PROPAGATE_LAYER,100,1164231,DSP,graph_xvgj3gl0
14812096543,FORWARD_PROPAGATE_LAYER,101,1156923,DSP,graph_xvgj3gl0
14812096543,FORWARD_PROPAGATE_LAYER,102,7121791,DSP,graph_xvgj3gl0
14812096543,FORWARD_PROPAGATE_LAYER,103,1215680,DSP,graph_xvgj3gl0
14812096543,FORWARD_PROPAGATE_LAYER,104,323576,DSP,graph_xvgj3gl0
14812096543,FORWARD_PROPAGATE_LAYER,105,327383,DSP,graph_xvgj3gl0
14812096543,FORWARD_PROPAGATE_LAYER,106,377570,DSP,graph_xvgj3gl0
14812096543,FORWARD_PROPAGATE_LAYER,107,2961205,DSP,graph_xvgj3gl0
14812096543,FORWARD_PROPAGATE_LAYER,108,0,DSP,graph_xvgj3gl0
14812096543,FORWARD_PROPAGATE_LAYER,109,635580,DSP,graph_xvgj3gl0
14812096543,FORWARD_PROPAGATE_LAYER,110,3373175,DSP,graph_xvgj3gl0
14812096543,FORWARD_PROPAGATE_LAYER,111,0,DSP,graph_xvgj3gl0
14812096543,FORWARD_PROPAGATE_LAYER,112,663532,DSP,graph_xvgj3gl0
14812096543,FORWARD_PROPAGATE_LAYER,113,3685919,DSP,graph_xvgj3gl0
14812096543,FORWARD_PROPAGATE_LAYER,114,0,DSP,graph_xvgj3gl0
14812096543,FORWARD_PROPAGATE_LAYER,115,607634,DSP,graph_xvgj3gl0
14812096543,FORWARD_PROPAGATE_LAYER,116,2099217,DSP,graph_xvgj3gl0
14812096543,FORWARD_PROPAGATE_LAYER,117,0,DSP,graph_xvgj3gl0
14812096543,FORWARD_PROPAGATE_LAYER,118,550382,DSP,graph_xvgj3gl0
14812096543,FORWARD_PROPAGATE_LAYER,119,0,DSP,graph_xvgj3gl0
14812096543,FORWARD_PROPAGATE_LAYER,120,3076340,DSP,graph_xvgj3gl0
14812096543,FORWARD_PROPAGATE_LAYER,121,1980971,DSP,graph_xvgj3gl0
14812096543,FORWARD_PROPAGATE_LAYER,122,2277669,DSP,graph_xvgj3gl0
14812096543,FORWARD_PROPAGATE_LAYER,123,407412,DSP,graph_xvgj3gl0
14812096543,FORWARD_PROPAGATE_LAYER,124,2504973,DSP,graph_xvgj3gl0
14812096543,FORWARD_PROPAGATE_LAYER,125,3371413,DSP,graph_xvgj3gl0
14812096543,FORWARD_PROPAGATE_LAYER,126,1342439,DSP,graph_xvgj3gl0
14812096543,FORWARD_PROPAGATE_LAYER,127,1982041,DSP,graph_xvgj3gl0
14812096543,FORWARD_PROPAGATE_LAYER,128,5785,DSP,graph_xvgj3gl0
14812096543,FORWARD_PROPAGATE_LAYER,129,1150628,DSP,graph_xvgj3gl0
14812096543,FORWARD_PROPAGATE_LAYER,130,492963,DSP,graph_xvgj3gl0
14812096543,FORWARD_PROPAGATE_LAYER,131,1167709,DSP,graph_xvgj3gl0
14812096543,FORWARD_PROPAGATE_LAYER,132,1153960,DSP,graph_xvgj3gl0
14812096543,FORWARD_PROPAGATE_LAYER,133,7148048,DSP,graph_xvgj3gl0
14812096543,FORWARD_PROPAGATE_LAYER,134,1205141,DSP,graph_xvgj3gl0
14812096543,FORWARD_PROPAGATE_LAYER,135,321446,DSP,graph_xvgj3gl0
14812096543,FORWARD_PROPAGATE_LAYER,136,321486,DSP,graph_xvgj3gl0
14812096543,FORWARD_PROPAGATE_LAYER,137,395957,DSP,graph_xvgj3gl0
14812096543,FORWARD_PROPAGATE_LAYER,138,2954429,DSP,graph_xvgj3gl0
14812096543,FORWARD_PROPAGATE_LAYER,139,0,DSP,graph_xvgj3gl0
14812096543,FORWARD_PROPAGATE_LAYER,140,632586,DSP,graph_xvgj3gl0
14812096543,FORWARD_PROPAGATE_LAYER,141,3346070,DSP,graph_xvgj3gl0
14812096543,FORWARD_PROPAGATE_LAYER,142,0,DSP,graph_xvgj3gl0
14812096543,FORWARD_PROPAGATE_LAYER,143,660091,DSP,graph_xvgj3gl0
14812096543,FORWARD_PROPAGATE_LAYER,144,3685122,DSP,graph_xvgj3gl0
14812096543,FORWARD_PROPAGATE_LAYER,145,0,DSP,graph_xvgj3gl0
14812096543,FORWARD_PROPAGATE_LAYER,146,610862,DSP,graph_xvgj3gl0
14812096543,FORWARD_PROPAGATE_LAYER,147,2123306,DSP,graph_xvgj3gl0
14812096543,FORWARD_PROPAGATE_LAYER,148,0,DSP,graph_xvgj3gl0
14812096543,FORWARD_PROPAGATE_LAYER,149,554811,DSP,graph_xvgj3gl0
14812096543,FORWARD_PROPAGATE_LAYER,150,0,DSP,graph_xvgj3gl0
14812096543,FORWARD_PROPAGATE_LAYER,151,3099860,DSP,graph_xvgj3gl0
14812096543,FORWARD_PROPAGATE_LAYER,152,1996612,DSP,graph_xvgj3gl0
14812096543,FORWARD_PROPAGATE_LAYER,153,2284419,DSP,graph_xvgj3gl0
14812096543,FORWARD_PROPAGATE_LAYER,154,407591,DSP,graph_xvgj3gl0
14812096543,FORWARD_PROPAGATE_LAYER,155,2485214,DSP,graph_xvgj3gl0
14812096543,FORWARD_PROPAGATE_LAYER,156,3377819,DSP,graph_xvgj3gl0
14812096543,FORWARD_PROPAGATE_LAYER,157,1349650,DSP,graph_xvgj3gl0
14812096543,FORWARD_PROPAGATE_LAYER,158,1973747,DSP,graph_xvgj3gl0
14812096543,FORWARD_PROPAGATE_LAYER,159,2969,DSP,graph_xvgj3gl0
14812096543,FORWARD_PROPAGATE_LAYER,160,1147535,DSP,graph_xvgj3gl0
14812096543,FORWARD_PROPAGATE_LAYER,161,473810,DSP,graph_xvgj3gl0
14812096543,FORWARD_PROPAGATE_LAYER,162,1169190,DSP,graph_xvgj3gl0
14812096543,FORWARD_PROPAGATE_LAYER,163,1163836,DSP,graph_xvgj3gl0
14812096543,FORWARD_PROPAGATE_LAYER,164,7083380,DSP,graph_xvgj3gl0
14812096543,FORWARD_PROPAGATE_LAYER,165,1213624,DSP,graph_xvgj3gl0
14812096543,FORWARD_PROPAGATE_LAYER,166,327771,DSP,graph_xvgj3gl0
14812096543,FORWARD_PROPAGATE_LAYER,167,325129,DSP,graph_xvgj3gl0
14812096543,FORWARD_PROPAGATE_LAYER,168,382519,DSP,graph_xvgj3gl0
14812096543,FORWARD_PROPAGATE_LAYER,169,2942327,DSP,graph_xvgj3gl0
14812096543,FORWARD_PROPAGATE_LAYER,170,0,DSP,graph_xvgj3gl0
14812096543,FORWARD_PROPAGATE_LAYER,171,642263,DSP,graph_xvgj3gl0
14812096543,FORWARD_PROPAGATE_LAYER,172,3341173,DSP,graph_xvgj3gl0
14812096543,FORWARD_PROPAGATE_LAYER,173,0,DSP,graph_xvgj3gl0
14812096543,FORWARD_PROPAGATE_LAYER,174,662109,DSP,graph_xvgj3gl0
14812096543,FORWARD_PROPAGATE_LAYER,175,3672240,DSP,graph_xvgj3gl0
14812096543,FORWARD_PROPAGATE_LAYER,176,0,DSP,graph_xvgj3gl0
14812096543,FORWARD_PROPAGATE_LAYER,177,610696,DSP,graph_xvgj3gl0
14812096543,FORWARD_PROPAGATE_LAYER,178,2119809,DSP,graph_xvgj3gl0
14812096543,FORWARD_PROPAGATE_LAYER,179,0,DSP,graph_xvgj3gl0
14812096543,FORWARD_PROPAGATE_LAYER,180,544159,DSP,graph_xvgj3gl0
14812096543,FORWARD_PROPAGATE_LAYER,181,0,DSP,graph_xvgj3gl0
14812096543,FORWARD_PROPAGATE_LAYER,182,3075050,DSP,graph_xvgj3gl0
14812096543,FORWARD_PROPAGATE_LAYER,183,1997648,DSP,graph_xvgj3gl0
14812096543,FORWARD_PROPAGATE_LAYER,184,2280413,DSP,graph_xvgj3gl0
14812096543,FORWARD_PROPAGATE_LAYER,185,410514,DSP,graph_xvgj3gl0
14812096543,FORWARD_PROPAGATE_LAYER,186,2508227,DSP,graph_xvgj3gl0
14812096543,FORWARD_PROPAGATE_LAYER,187,3395818,DSP,graph_xvgj3gl0
14812096543,FORWARD_PROPAGATE_LAYER,188,1354226,DSP,graph_xvgj3gl0
14812096543,FORWARD_PROPAGATE_LAYER,189,1969972,DSP,graph_xvgj3gl0
14812096543,FORWARD_PROPAGATE_LAYER,190,4743,DSP,graph_xvgj3gl0
14812096543,FORWARD_PROPAGATE_LAYER,191,1147973,DSP,graph_xvgj3gl0
14812096543,FORWARD_PROPAGATE_LAYER,192,490243,DSP,graph_xvgj3gl0
14812096543,FORWARD_PROPAGATE_LAYER,193,1163640,DSP,graph_xvgj3gl0
14812096543,FORWARD_PROPAGATE_LAYER,194,1161860,DSP,graph_xvgj3gl0
14812096543,FORWARD_PROPAGATE_LAYER,195,7091981,DSP,graph_xvgj3gl0
14812096543,FORWARD_PROPAGATE_LAYER,196,1211859,DSP,graph_xvgj3gl0
14812096543,FORWARD_PROPAGATE_LAYER,197,328891,DSP,graph_xvgj3gl0
14812096543,FORWARD_PROPAGATE_LAYER,198,336955,DSP,graph_xvgj3gl0
14812096543,FORWARD_PROPAGATE_LAYER,199,395217,DSP,graph_xvgj3gl0
14812096543,FORWARD_PROPAGATE_LAYER,200,2942067,DSP,graph_xvgj3gl0
14812096543,FORWARD_PROPAGATE_LAYER,201,0,DSP,graph_xvgj3gl0
14812096543,FORWARD_PROPAGATE_LAYER,202,637300,DSP,graph_xvgj3gl0
14812096543,FORWARD_PROPAGATE_LAYER,203,3371683,DSP,graph_xvgj3gl0
14812096543,FORWARD_PROPAGATE_LAYER,204,0,DSP,graph_xvgj3gl0
14812096543,FORWARD_PROPAGATE_LAYER,205,666581,DSP,graph_xvgj3gl0
14812096543,FORWARD_PROPAGATE_LAYER,206,3671863,DSP,graph_xvgj3gl0
14812096543,FORWARD_PROPAGATE_LAYER,207,0,DSP,graph_xvgj3gl0
14812096543,FORWARD_PROPAGATE_LAYER,208,599985,DSP,graph_xvgj3gl0
14812096543,FORWARD_PROPAGATE_LAYER,209,2121930,DSP,graph_xvgj3gl0
14812096543,FORWARD_PROPAGATE_LAYER,210,0,DSP,graph_xvgj3gl0
14812096543,FORWARD_PROPAGATE_LAYER,211,552997,DSP,graph_xvgj3gl0
14812096543,FORWARD_PROPAGATE_LAYER,212,0,DSP,graph_xvgj3gl0
14812096543,FORWARD_PROPAGATE_LAYER,213,3082681,DSP,graph_xvgj3gl0
14812096543,FORWARD_PROPAGATE_LAYER,214,2000088,DSP,graph_xvgj3gl0
14812096543,FORWARD_PROPAGATE_LAYER,215,2290367,DSP,graph_xvgj3gl0
14812096543,FORWARD_PROPAGATE_LAYER,216,410787,DSP,graph_xvgj3gl0
14812096543,FORWARD_PROPAGATE_LAYER,217,2500791,DSP,graph_xvgj3gl0
14812096543,FORWARD_PROPAGATE_LAYER,218,3403893,DSP,graph_xvgj3gl0
14812096543,FORWARD_PROPAGATE_LAYER,219,1348403,DSP,graph_xvgj3gl0
14812096543,FORWARD_PROPAGATE_LAYER,220,1970571,DSP,graph_xvgj3gl0
14812096543,FORWARD_PROPAGATE_LAYER,221,5470,DSP,graph_xvgj3gl0
14812096543,FORWARD_PROPAGATE_LAYER,222,1142231,DSP,graph_xvgj3gl0
14812096543,FORWARD_PROPAGATE_LAYER,223,485309,DSP,graph_xvgj3gl0
14812096543,FORWARD_PROPAGATE_LAYER,224,1153374,DSP,graph_xvgj3gl0
14812096543,FORWARD_PROPAGATE_LAYER,225,1160229,DSP,graph_xvgj3gl0
14812096543,FORWARD_PROPAGATE_LAYER,226,7127803,DSP,graph_xvgj3gl0
14812096543,FORWARD_PROPAGATE_LAYER,227,1214382,DSP,graph_xvgj3gl0
14812096543,FORWARD_PROPAGATE_LAYER,228,331285,DSP,graph_xvgj3gl0
14812096543,FORWARD_PROPAGATE_LAYER,229,333188,DSP,graph_xvgj3gl0
14812096543,FORWARD_PROPAGATE_LAYER,230,411926,DSP,graph_xvgj3gl0
14812096543,FORWARD_PROPAGATE_LAYER,231,2963763,DSP,graph_xvgj3gl0
14812096543,FORWARD_PROPAGATE_LAYER,232,0,DSP,graph_xvgj3gl0
14812096543,FORWARD_PROPAGATE_LAYER,233,570898,DSP,graph_xvgj3gl0
14812096543,FORWARD_PROPAGATE_LAYER,234,3347133,DSP,graph_xvgj3gl0
14812096543,FORWARD_PROPAGATE_LAYER,235,0,DSP,graph_xvgj3gl0
14812096543,FORWARD_PROPAGATE_LAYER,236,659359,DSP,graph_xvgj3gl0
14812096543,FORWARD_PROPAGATE_LAYER,237,3684062,DSP,graph_xvgj3gl0
14812096543,FORWARD_PROPAGATE_LAYER,238,0,DSP,graph_xvgj3gl0
14812096543,FORWARD_PROPAGATE_LAYER,239,597258,DSP,graph_xvgj3gl0
14812096543,FORWARD_PROPAGATE_LAYER,240,2109287,DSP,graph_xvgj3gl0
14812096543,FORWARD_PROPAGATE_LAYER,241,0,DSP,graph_xvgj3gl0
14812096543,FORWARD_PROPAGATE_LAYER,242,567500,DSP,graph_xvgj3gl0
14812096543,FORWARD_PROPAGATE_LAYER,243,0,DSP,graph_xvgj3gl0
14812096543,FORWARD_PROPAGATE_LAYER,244,3078153,DSP,graph_xvgj3gl0
14812096543,FORWARD_PROPAGATE_LAYER,245,2015976,DSP,graph_xvgj3gl0
14812096543,FORWARD_PROPAGATE_LAYER,246,2283556,DSP,graph_xvgj3gl0
14812096543,FORWARD_PROPAGATE_LAYER,247,412719,DSP,graph_xvgj3gl0
14812096543,FORWARD_PROPAGATE_LAYER,248,2481866,DSP,graph_xvgj3gl0
14812096543,FORWARD_PROPAGATE_LAYER,249,3341534,DSP,graph_xvgj3gl0
14812096543,FORWARD_PROPAGATE_LAYER,250,1348285,DSP,graph_xvgj3gl0
14812096543,FORWARD_PROPAGATE_LAYER,251,1975196,DSP,graph_xvgj3gl0
14812096543,FORWARD_PROPAGATE_LAYER,252,3440,DSP,graph_xvgj3gl0
14812096543,FORWARD_PROPAGATE_LAYER,253,1145620,DSP,graph_xvgj3gl0
14812096543,FORWARD_PROPAGATE_LAYER,254,484454,DSP,graph_xvgj3gl0
14812096543,FORWARD_PROPAGATE_LAYER,255,1173761,DSP,graph_xvgj3gl0
14812096543,FORWARD_PROPAGATE_LAYER,256,1160152,DSP,graph_xvgj3gl0
14812096543,FORWARD_PROPAGATE_LAYER,257,7126200,DSP,graph_xvgj3gl0
14812096543,FORWARD_PROPAGATE_LAYER,258,1217176,DSP,graph_xvgj3gl0
14812096543,FORWARD_PROPAGATE_LAYER,259,342403,DSP,graph_xvgj3gl0
14812096543,FORWARD_PROPAGATE_LAYER,260,333818,DSP,graph_xvgj3gl0
14812096543,FORWARD_PROPAGATE_LAYER,261,73732,DSP,graph_xvgj3gl0
14812096543,FORWARD_PROPAGATE_LAYER,262,20762266,DSP,graph_xvgj3gl0
14812096543,FORWARD_PROPAGATE_LAYER,263,0,DSP,graph_xvgj3gl0
14812096543,FORWARD_PROPAGATE_LAYER,264,4540680,DSP,graph_xvgj3gl0
14812096543,FORWARD_PROPAGATE_LAYER,265,34888508,DSP,graph_xvgj3gl0
14812096543,FORWARD_PROPAGATE_LAYER,266,0,DSP,graph_xvgj3gl0
14812096543,FORWARD_PROPAGATE_LAYER,267,3871391,DSP,graph_xvgj3gl0
14812096543,FORWARD_PROPAGATE_LAYER,268,0,DSP,graph_xvgj3gl0
14812096543,FORWARD_PROPAGATE_LAYER,269,1546652,DSP,graph_xvgj3gl0
14812096543,FORWARD_PROPAGATE_LAYER,270,375153,DSP,graph_xvgj3gl0
14812096543,FORWARD_PROPAGATE_LAYER,271,0,DSP,graph_xvgj3gl0
14812096543,FORWARD_PROPAGATE_LAYER,272,1219929,DSP,graph_xvgj3gl0
14812096543,FORWARD_PROPAGATE_LAYER,273,836021,DSP,graph_xvgj3gl0
14812096543,FORWARD_PROPAGATE_LAYER,274,1393390,DSP,graph_xvgj3gl0
14812096543,FORWARD_PROPAGATE_LAYER,275,844679,DSP,graph_xvgj3gl0
14812096543,FORWARD_PROPAGATE_LAYER,276,1488886,DSP,graph_xvgj3gl0
14812096543,EXECUTE_TIME_SUBNET_0,-1,458881077,DSP,graph_xvgj3gl0
14812096543,TOTAL_INFERENCE_TIME,-1,188336,us,graph_xvgj3gl0
14812096543,FORWARD_PROPAGATE,-1,188312,us,graph_xvgj3gl0
14812096543,FORWARD_PROPAGATE_LAYER,0,1001203,DSP,graph_xvgj3gl0
14812096543,FORWARD_PROPAGATE_LAYER,1,1387962,DSP,graph_xvgj3gl0
14812096543,FORWARD_PROPAGATE_LAYER,2,1211128,DSP,graph_xvgj3gl0
14812096543,FORWARD_PROPAGATE_LAYER,3,3020938,DSP,graph_xvgj3gl0
14812096543,FORWARD_PROPAGATE_LAYER,4,824478,DSP,graph_xvgj3gl0
14812096543,FORWARD_PROPAGATE_LAYER,5,5073838,DSP,graph_xvgj3gl0
14812096543,FORWARD_PROPAGATE_LAYER,6,959174,DSP,graph_xvgj3gl0
14812096543,FORWARD_PROPAGATE_LAYER,7,5372701,DSP,graph_xvgj3gl0
14812096543,FORWARD_PROPAGATE_LAYER,8,0,DSP,graph_xvgj3gl0
14812096543,FORWARD_PROPAGATE_LAYER,9,1507294,DSP,graph_xvgj3gl0
14812096543,FORWARD_PROPAGATE_LAYER,10,0,DSP,graph_xvgj3gl0
14812096543,FORWARD_PROPAGATE_LAYER,11,4104073,DSP,graph_xvgj3gl0
14812096543,FORWARD_PROPAGATE_LAYER,12,0,DSP,graph_xvgj3gl0
14812096543,FORWARD_PROPAGATE_LAYER,13,4039588,DSP,graph_xvgj3gl0
14812096543,FORWARD_PROPAGATE_LAYER,14,3363858,DSP,graph_xvgj3gl0
14812096543,FORWARD_PROPAGATE_LAYER,15,0,DSP,graph_xvgj3gl0
14812096543,FORWARD_PROPAGATE_LAYER,16,613580,DSP,graph_xvgj3gl0
14812096543,FORWARD_PROPAGATE_LAYER,17,3359329,DSP,graph_xvgj3gl0
14812096543,FORWARD_PROPAGATE_LAYER,18,0,DSP,graph_xvgj3gl0
14812096543,FORWARD_PROPAGATE_LAYER,19,604699,DSP,graph_xvgj3gl0
14812096543,FORWARD_PROPAGATE_LAYER,20,3563858,DSP,graph_xvgj3gl0
14812096543,FORWARD_PROPAGATE_LAYER,21,0,DSP,graph_xvgj3gl0
14812096543,FORWARD_PROPAGATE_LAYER,22,550045,DSP,graph_xvgj3gl0
14812096543,FORWARD_PROPAGATE_LAYER,23,2065161,DSP,graph_xvgj3gl0
14812096543,FORWARD_PROPAGATE_LAYER,24,0,DSP,graph_xvgj3gl0
14812096543,FORWARD_PROPAGATE_LAYER,25,509235,DSP,graph_xvgj3gl0
14812096543,FORWARD_PROPAGATE_LAYER,26,0,DSP,graph_xvgj3gl0
14812096543,FORWARD_PROPAGATE_LAYER,27,3077539,DSP,graph_xvgj3gl0
14812096543,FORWARD_PROPAGATE_LAYER,28,1979437,DSP,graph_xvgj3gl0
14812096543,FORWARD_PROPAGATE_LAYER,29,2231987,DSP,graph_xvgj3gl0
14812096543,FORWARD_PROPAGATE_LAYER,30,414402,DSP,graph_xvgj3gl0
14812096543,FORWARD_PROPAGATE_LAYER,31,2481228,DSP,graph_xvgj3gl0
14812096543,FORWARD_PROPAGATE_LAYER,32,3390627,DSP,graph_xvgj3gl0
14812096543,FORWARD_PROPAGATE_LAYER,33,1364159,DSP,graph_xvgj3gl0
14812096543,FORWARD_PROPAGATE_LAYER,34,1981931,DSP,graph_xvgj3gl0
14812096543,FORWARD_PROPAGATE_LAYER,35,6450,DSP,graph_xvgj3gl0
14812096543,FORWARD_PROPAGATE_LAYER,36,1155846,DSP,graph_xvgj3gl0
14812096543,FORWARD_PROPAGATE_LAYER,37,477959,DSP,graph_xvgj3gl0
14812096543,FORWARD_PROPAGATE_LAYER,38,1171104,DSP,graph_xvgj3gl0
14812096543,FORWARD_PROPAGATE_LAYER,39,1141837,DSP,graph_xvgj3gl0
14812096543,FORWARD_PROPAGATE_LAYER,40,7062122,DSP,graph_xvgj3gl0
14812096543,FORWARD_PROPAGATE_LAYER,41,1209001,DSP,graph_xvgj3gl0
14812096543,FORWARD_PROPAGATE_LAYER,42,326155,DSP,graph_xvgj3gl0
14812096543,FORWARD_PROPAGATE_LAYER,43,318575,DSP,graph_xvgj3gl0
14812096543,FORWARD_PROPAGATE_LAYER,44,417188,DSP,graph_xvgj3gl0
14812096543,FORWARD_PROPAGATE_LAYER,45,2934744,DSP,graph_xvgj3gl0
14812096543,FORWARD_PROPAGATE_LAYER,46,0,DSP,graph_xvgj3gl0
14812096543,FORWARD_PROPAGATE_LAYER,47,641101,DSP,graph_xvgj3gl0
14812096543,FORWARD_PROPAGATE_LAYER,48,3347909,DSP,graph_xvgj3gl0
14812096543,FORWARD_PROPAGATE_LAYER,49,0,DSP,graph_xvgj3gl0
14812096543,FORWARD_PROPAGATE_LAYER,50,666209,DSP,graph_xvgj3gl0
14812096543,FORWARD_PROPAGATE_LAYER,51,3685182,DSP,graph_xvgj3gl0
14812096543,FORWARD_PROPAGATE_LAYER,52,0,DSP,graph_xvgj3gl0
14812096543,FORWARD_PROPAGATE_LAYER,53,609382,DSP,graph_xvgj3gl0
14812096543,FORWARD_PROPAGATE_LAYER,54,2109666,DSP,graph_xvgj3gl0
14812096543,FORWARD_PROPAGATE_LAYER,55,0,DSP,graph_xvgj3gl0
14812096543,FORWARD_PROPAGATE_LAYER,56,546443,DSP,graph_xvgj3gl0
14812096543,FORWARD_PROPAGATE_LAYER,57,0,DSP,graph_xvgj3gl0
14812096543,FORWARD_PROPAGATE_LAYER,58,3093527,DSP,graph_xvgj3gl0
14812096543,FORWARD_PROPAGATE_LAYER,59,1995540,DSP,graph_xvgj3gl0
14812096543,FORWARD_PROPAGATE_LAYER,60,2280464,DSP,graph_xvgj3gl0
14812096543,FORWARD_PROPAGATE_LAYER,61,408706,DSP,graph_xvgj3gl0
14812096543,FORWARD_PROPAGATE_LAYER,62,2490285,DSP,graph_xvgj3gl0
14812096543,FORWARD_PROPAGATE_LAYER,63,3387874,DSP,graph_xvgj3gl0
14812096543,FORWARD_PROPAGATE_LAYER,64,1350879,DSP,graph_xvgj3gl0
14812096543,FORWARD_PROPAGATE_LAYER,65,1979454,DSP,graph_xvgj3gl0
14812096543,FORWARD_PROPAGATE_LAYER,66,4873,DSP,graph_xvgj3gl0
14812096543,FORWARD_PROPAGATE_LAYER,67,1146052,DSP,graph_xvgj3gl0
14812096543,FORWARD_PROPAGATE_LAYER,68,494007,DSP,graph_xvgj3gl0
14812096543,FORWARD_PROPAGATE_LAYER,69,1166724,DSP,graph_xvgj3gl0
14812096543,FORWARD_PROPAGATE_LAYER,70,1143672,DSP,graph_xvgj3gl0
14812096543,FORWARD_PROPAGATE_LAYER,71,7158484,DSP,graph_xvgj3gl0
14812096543,FORWARD_PROPAGATE_LAYER,72,1209742,DSP,graph_xvgj3gl0
14812096543,FORWARD_PROPAGATE_LAYER,73,321360,DSP,graph_xvgj3gl0
14812096543,FORWARD_PROPAGATE_LAYER,74,319642,DSP,graph_xvgj3gl0
14812096543,FORWARD_PROPAGATE_LAYER,75,393081,DSP,graph_xvgj3gl0
14812096543,FORWARD_PROPAGATE_LAYER,76,2955047,DSP,graph_xvgj3gl0
14812096543,FORWARD_PROPAGATE_LAYER,77,0,DSP,graph_xvgj3gl0
14812096543,FORWARD_PROPAGATE_LAYER,78,648655,DSP,graph_xvgj3gl0
14812096543,FORWARD_PROPAGATE_LAYER,79,3369316,DSP,graph_xvgj3gl0
14812096543,FORWARD_PROPAGATE_LAYER,80,0,DSP,graph_xvgj3gl0
14812096543,FORWARD_PROPAGATE_LAYER,81,665343,DSP,graph_xvgj3gl0
14812096543,FORWARD_PROPAGATE_LAYER,82,3714183,DSP,graph_xvgj3gl0
14812096543,FORWARD_PROPAGATE_LAYER,83,0,DSP,graph_xvgj3gl0
14812096543,FORWARD_PROPAGATE_LAYER,84,610622,DSP,graph_xvgj3gl0
14812096543,FORWARD_PROPAGATE_LAYER,85,2103730,DSP,graph_xvgj3gl0
14812096543,FORWARD_PROPAGATE_LAYER,86,0,DSP,graph_xvgj3gl0
14812096543,FORWARD_PROPAGATE_LAYER,87,556039,DSP,graph_xvgj3gl0
14812096543,FORWARD_PROPAGATE_LAYER,88,0,DSP,graph_xvgj3gl0
14812096543,FORWARD_PROPAGATE_LAYER,89,3089366,DSP,graph_xvgj3gl0
14812096543,FORWARD_PROPAGATE_LAYER,90,1990574,DSP,graph_xvgj3gl0
14812096543,FORWARD_PROPAGATE_LAYER,91,2274755,DSP,graph_xvgj3gl0
14812096543,FORWARD_PROPAGATE_LAYER,92,410044,DSP,graph_xvgj3gl0
14812096543,FORWARD_PROPAGATE_LAYER,93,2495212,DSP,graph_xvgj3gl0
14812096543,FORWARD_PROPAGATE_LAYER,94,3363650,DSP,graph_xvgj3gl0
14812096543,FORWARD_PROPAGATE_LAYER,95,1350045,DSP,graph_xvgj3gl0
14812096543,FORWARD_PROPAGATE_LAYER,96,1990575,DSP,graph_xvgj3gl0
14812096543,FORWARD_PROPAGATE_LAYER,97,4898,DSP,graph_xvgj3gl0
14812096543,FORWARD_PROPAGATE_LAYER,98,1144870,DSP,graph_xvgj3gl0
14812096543,FORWARD_PROPAGATE_LAYER,99,487824,DSP,graph_xvgj3gl0
14812096543,FORWARD_PROPAGATE_LAYER,100,1163264,DSP,graph_xvgj3gl0
14812096543,FORWARD_PROPAGATE_LAYER,101,1163842,DSP,graph_xvgj3gl0
14812096543,FORWARD_PROPAGATE_LAYER,102,7122515,DSP,graph_xvgj3gl0
14812096543,FORWARD_PROPAGATE_LAYER,103,1218583,DSP,graph_xvgj3gl0
14812096543,FORWARD_PROPAGATE_LAYER,104,320506,DSP,graph_xvgj3gl0
14812096543,FORWARD_PROPAGATE_LAYER,105,328029,DSP,graph_xvgj3gl0
14812096543,FORWARD_PROPAGATE_LAYER,106,375015,DSP,graph_xvgj3gl0
14812096543,FORWARD_PROPAGATE_LAYER,107,2951936,DSP,graph_xvgj3gl0
14812096543,FORWARD_PROPAGATE_LAYER,108,0,DSP,graph_xvgj3gl0
14812096543,FORWARD_PROPAGATE_LAYER,109,635988,DSP,graph_xvgj3gl0
14812096543,FORWARD_PROPAGATE_LAYER,110,3362003,DSP,graph_xvgj3gl0
14812096543,FORWARD_PROPAGATE_LAYER,111,0,DSP,graph_xvgj3gl0
14812096543,FORWARD_PROPAGATE_LAYER,112,665366,DSP,graph_xvgj3gl0
14812096543,FORWARD_PROPAGATE_LAYER,113,3656580,DSP,graph_xvgj3gl0
14812096543,FORWARD_PROPAGATE_LAYER,114,0,DSP,graph_xvgj3gl0
14812096543,FORWARD_PROPAGATE_LAYER,115,606459,DSP,graph_xvgj3gl0
14812096543,FORWARD_PROPAGATE_LAYER,116,2127111,DSP,graph_xvgj3gl0
14812096543,FORWARD_PROPAGATE_LAYER,117,0,DSP,graph_xvgj3gl0
14812096543,FORWARD_PROPAGATE_LAYER,118,550278,DSP,graph_xvgj3gl0
14812096543,FORWARD_PROPAGATE_LAYER,119,0,DSP,graph_xvgj3gl0
14812096543,FORWARD_PROPAGATE_LAYER,120,3090209,DSP,graph_xvgj3gl0
14812096543,FORWARD_PROPAGATE_LAYER,121,1980504,DSP,graph_xvgj3gl0
14812096543,FORWARD_PROPAGATE_LAYER,122,2276823,DSP,graph_xvgj3gl0
14812096543,FORWARD_PROPAGATE_LAYER,123,407162,DSP,graph_xvgj3gl0
14812096543,FORWARD_PROPAGATE_LAYER,124,2488816,DSP,graph_xvgj3gl0
14812096543,FORWARD_PROPAGATE_LAYER,125,3383887,DSP,graph_xvgj3gl0
14812096543,FORWARD_PROPAGATE_LAYER,126,1344716,DSP,graph_xvgj3gl0
14812096543,FORWARD_PROPAGATE_LAYER,127,1977513,DSP,graph_xvgj3gl0
14812096543,FORWARD_PROPAGATE_LAYER,128,6111,DSP,graph_xvgj3gl0
14812096543,FORWARD_PROPAGATE_LAYER,129,1148164,DSP,graph_xvgj3gl0
14812096543,FORWARD_PROPAGATE_LAYER,130,491920,DSP,graph_xvgj3gl0
14812096543,FORWARD_PROPAGATE_LAYER,131,1170261,DSP,graph_xvgj3gl0
14812096543,FORWARD_PROPAGATE_LAYER,132,1147285,DSP,graph_xvgj3gl0
14812096543,FORWARD_PROPAGATE_LAYER,133,7153141,DSP,graph_xvgj3gl0
14812096543,FORWARD_PROPAGATE_LAYER,134,1211267,DSP,graph_xvgj3gl0
14812096543,FORWARD_PROPAGATE_LAYER,135,322615,DSP,graph_xvgj3gl0
14812096543,FORWARD_PROPAGATE_LAYER,136,321374,DSP,graph_xvgj3gl0
14812096543,FORWARD_PROPAGATE_LAYER,137,399438,DSP,graph_xvgj3gl0
14812096543,FORWARD_PROPAGATE_LAYER,138,2972502,DSP,graph_xvgj3gl0
14812096543,FORWARD_PROPAGATE_LAYER,139,0,DSP,graph_xvgj3gl0
14812096543,FORWARD_PROPAGATE_LAYER,140,633200,DSP,graph_xvgj3gl0
14812096543,FORWARD_PROPAGATE_LAYER,141,3335690,DSP,graph_xvgj3gl0
14812096543,FORWARD_PROPAGATE_LAYER,142,0,DSP,graph_xvgj3gl0
14812096543,FORWARD_PROPAGATE_LAYER,143,663606,DSP,graph_xvgj3gl0
14812096543,FORWARD_PROPAGATE_LAYER,144,3708089,DSP,graph_xvgj3gl0
14812096543,FORWARD_PROPAGATE_LAYER,145,0,DSP,graph_xvgj3gl0
14812096543,FORWARD_PROPAGATE_LAYER,146,612662,DSP,graph_xvgj3gl0
14812096543,FORWARD_PROPAGATE_LAYER,147,2123924,DSP,graph_xvgj3gl0
14812096543,FORWARD_PROPAGATE_LAYER,148,0,DSP,graph_xvgj3gl0
14812096543,FORWARD_PROPAGATE_LAYER,149,548259,DSP,graph_xvgj3gl0
14812096543,FORWARD_PROPAGATE_LAYER,150,0,DSP,graph_xvgj3gl0
14812096543,FORWARD_PROPAGATE_LAYER,151,3109634,DSP,graph_xvgj3gl0
14812096543,FORWARD_PROPAGATE_LAYER,152,1994719,DSP,graph_xvgj3gl0
14812096543,FORWARD_PROPAGATE_LAYER,153,2278495,DSP,graph_xvgj3gl0
14812096543,FORWARD_PROPAGATE_LAYER,154,407576,DSP,graph_xvgj3gl0
14812096543,FORWARD_PROPAGATE_LAYER,155,2488786,DSP,graph_xvgj3gl0
14812096543,FORWARD_PROPAGATE_LAYER,156,3352824,DSP,graph_xvgj3gl0
14812096543,FORWARD_PROPAGATE_LAYER,157,1345297,DSP,graph_xvgj3gl0
14812096543,FORWARD_PROPAGATE_LAYER,158,1967506,DSP,graph_xvgj3gl0
14812096543,FORWARD_PROPAGATE_LAYER,159,3351,DSP,graph_xvgj3gl0
14812096543,FORWARD_PROPAGATE_LAYER,160,1145083,DSP,graph_xvgj3gl0
14812096543,FORWARD_PROPAGATE_LAYER,161,473209,DSP,graph_xvgj3gl0
14812096543,FORWARD_PROPAGATE_LAYER,162,1164739,DSP,graph_xvgj3gl0
14812096543,FORWARD_PROPAGATE_LAYER,163,1155270,DSP,graph_xvgj3gl0
14812096543,FORWARD_PROPAGATE_LAYER,164,7082509,DSP,graph_xvgj3gl0
14812096543,FORWARD_PROPAGATE_LAYER,165,1211106,DSP,graph_xvgj3gl0
14812096543,FORWARD_PROPAGATE_LAYER,166,327070,DSP,graph_xvgj3gl0
14812096543,FORWARD_PROPAGATE_LAYER,167,323079,DSP,graph_xvgj3gl0
14812096543,FORWARD_PROPAGATE_LAYER,168,380158,DSP,graph_xvgj3gl0
14812096543,FORWARD_PROPAGATE_LAYER,169,2928776,DSP,graph_xvgj3gl0
14812096543,FORWARD_PROPAGATE_LAYER,170,0,DSP,graph_xvgj3gl0
14812096543,FORWARD_PROPAGATE_LAYER,171,638100,DSP,graph_xvgj3gl0
14812096543,FORWARD_PROPAGATE_LAYER,172,3344929,DSP,graph_xvgj3gl0
14812096543,FORWARD_PROPAGATE_LAYER,173,0,DSP,graph_xvgj3gl0
14812096543,FORWARD_PROPAGATE_LAYER,174,662915,DSP,graph_xvgj3gl0
14812096543,FORWARD_PROPAGATE_LAYER,175,3692856,DSP,graph_xvgj3gl0
14812096543,FORWARD_PROPAGATE_LAYER,176,0,DSP,graph_xvgj3gl0
14812096543,FORWARD_PROPAGATE_LAYER,177,600347,DSP,graph_xvgj3gl0
14812096543,FORWARD_PROPAGATE_LAYER,178,2122690,DSP,graph_xvgj3gl0
14812096543,FORWARD_PROPAGATE_LAYER,179,0,DSP,graph_xvgj3gl0
14812096543,FORWARD_PROPAGATE_LAYER,180,553357,DSP,graph_xvgj3gl0
14812096543,FORWARD_PROPAGATE_LAYER,181,0,DSP,graph_xvgj3gl0
14812096543,FORWARD_PROPAGATE_LAYER,182,3105104,DSP,graph_xvgj3gl0
14812096543,FORWARD_PROPAGATE_LAYER,183,1996626,DSP,graph_xvgj3gl0
14812096543,FORWARD_PROPAGATE_LAYER,184,2277721,DSP,graph_xvgj3gl0
14812096543,FORWARD_PROPAGATE_LAYER,185,408494,DSP,graph_xvgj3gl0
14812096543,FORWARD_PROPAGATE_LAYER,186,2497014,DSP,graph_xvgj3gl0
14812096543,FORWARD_PROPAGATE_LAYER,187,3401213,DSP,graph_xvgj3gl0
14812096543,FORWARD_PROPAGATE_LAYER,188,1348396,DSP,graph_xvgj3gl0
14812096543,FORWARD_PROPAGATE_LAYER,189,1975888,DSP,graph_xvgj3gl0
14812096543,FORWARD_PROPAGATE_LAYER,190,4394,DSP,graph_xvgj3gl0
14812096543,FORWARD_PROPAGATE_LAYER,191,1144079,DSP,graph_xvgj3gl0
14812096543,FORWARD_PROPAGATE_LAYER,192,488217,DSP,graph_xvgj3gl0
14812096543,FORWARD_PROPAGATE_LAYER,193,1164191,DSP,graph_xvgj3gl0
14812096543,FORWARD_PROPAGATE_LAYER,194,1160669,DSP,graph_xvgj3gl0
14812096543,FORWARD_PROPAGATE_LAYER,195,7103649,DSP,graph_xvgj3gl0
14812096543,FORWARD_PROPAGATE_LAYER,196,1213392,DSP,graph_xvgj3gl0
14812096543,FORWARD_PROPAGATE_LAYER,197,330247,DSP,graph_xvgj3gl0
14812096543,FORWARD_PROPAGATE_LAYER,198,336915,DSP,graph_xvgj3gl0
14812096543,FORWARD_PROPAGATE_LAYER,199,392862,DSP,graph_xvgj3gl0
14812096543,FORWARD_PROPAGATE_LAYER,200,2940752,DSP,graph_xvgj3gl0
14812096543,FORWARD_PROPAGATE_LAYER,201,0,DSP,graph_xvgj3gl0
14812096543,FORWARD_PROPAGATE_LAYER,202,636628,DSP,graph_xvgj3gl0
14812096543,FORWARD_PROPAGATE_LAYER,203,3362349,DSP,graph_xvgj3gl0
14812096543,FORWARD_PROPAGATE_LAYER,204,0,DSP,graph_xvgj3gl0
14812096543,FORWARD_PROPAGATE_LAYER,205,663480,DSP,graph_xvgj3gl0
14812096543,FORWARD_PROPAGATE_LAYER,206,3677411,DSP,graph_xvgj3gl0
14812096543,FORWARD_PROPAGATE_LAYER,207,0,DSP,graph_xvgj3gl0
14812096543,FORWARD_PROPAGATE_LAYER,208,610679,DSP,graph_xvgj3gl0
14812096543,FORWARD_PROPAGATE_LAYER,209,2122146,DSP,graph_xvgj3gl0
14812096543,FORWARD_PROPAGATE_LAYER,210,0,DSP,graph_xvgj3gl0
14812096543,FORWARD_PROPAGATE_LAYER,211,551108,DSP,graph_xvgj3gl0
14812096543,FORWARD_PROPAGATE_LAYER,212,0,DSP,graph_xvgj3gl0
14812096543,FORWARD_PROPAGATE_LAYER,213,3084835,DSP,graph_xvgj3gl0
14812096543,FORWARD_PROPAGATE_LAYER,214,1998308,DSP,graph_xvgj3gl0
14812096543,FORWARD_PROPAGATE_LAYER,215,2292482,DSP,graph_xvgj3gl0
14812096543,FORWARD_PROPAGATE_LAYER,216,409398,DSP,graph_xvgj3gl0
14812096543,FORWARD_PROPAGATE_LAYER,217,2480004,DSP,graph_xvgj3gl0
14812096543,FORWARD_PROPAGATE_LAYER,218,3407952,DSP,graph_xvgj3gl0
14812096543,FORWARD_PROPAGATE_LAYER,219,1359181,DSP,graph_xvgj3gl0
14812096543,FORWARD_PROPAGATE_LAYER,220,1977052,DSP,graph_xvgj3gl0
14812096543,FORWARD_PROPAGATE_LAYER,221,5243,DSP,graph_xvgj3gl0
14812096543,FORWARD_PROPAGATE_LAYER,222,1148934,DSP,graph_xvgj3gl0
14812096543,FORWARD_PROPAGATE_LAYER,223,486025,DSP,graph_xvgj3gl0
14812096543,FORWARD_PROPAGATE_LAYER,224,1158291,DSP,graph_xvgj3gl0
14812096543,FORWARD_PROPAGATE_LAYER,225,1159337,DSP,graph_xvgj3gl0
14812096543,FORWARD_PROPAGATE_LAYER,226,7136950,DSP,graph_xvgj3gl0
14812096543,FORWARD_PROPAGATE_LAYER,227,1215319,DSP,graph_xvgj3gl0
14812096543,FORWARD_PROPAGATE_LAYER,228,332207,DSP,graph_xvgj3gl0
14812096543,FORWARD_PROPAGATE_LAYER,229,330656,DSP,graph_xvgj3gl0
14812096543,FORWARD_PROPAGATE_LAYER,230,410979,DSP,graph_xvgj3gl0
14812096543,FORWARD_PROPAGATE_LAYER,231,2952943,DSP,graph_xvgj3gl0
14812096543,FORWARD_PROPAGATE_LAYER,232,0,DSP,graph_xvgj3gl0
14812096543,FORWARD_PROPAGATE_LAYER,233,571857,DSP,graph_xvgj3gl0
14812096543,FORWARD_PROPAGATE_LAYER,234,3344632,DSP,graph_xvgj3gl0
14812096543,FORWARD_PROPAGATE_LAYER,235,0,DSP,graph_xvgj3gl0
14812096543,FORWARD_PROPAGATE_LAYER,236,658774,DSP,graph_xvgj3gl0
14812096543,FORWARD_PROPAGATE_LAYER,237,3665165,DSP,graph_xvgj3gl0
14812096543,FORWARD_PROPAGATE_LAYER,238,0,DSP,graph_xvgj3gl0
14812096543,FORWARD_PROPAGATE_LAYER,239,597177,DSP,graph_xvgj3gl0
14812096543,FORWARD_PROPAGATE_LAYER,240,2131088,DSP,graph_xvgj3gl0
14812096543,FORWARD_PROPAGATE_LAYER,241,0,DSP,graph_xvgj3gl0
14812096543,FORWARD_PROPAGATE_LAYER,242,555794,DSP,graph_xvgj3gl0
14812096543,FORWARD_PROPAGATE_LAYER,243,0,DSP,graph_xvgj3gl0
14812096543,FORWARD_PROPAGATE_LAYER,244,3107468,DSP,graph_xvgj3gl0
14812096543,FORWARD_PROPAGATE_LAYER,245,2015980,DSP,graph_xvgj3gl0
14812096543,FORWARD_PROPAGATE_LAYER,246,2282405,DSP,graph_xvgj3gl0
14812096543,FORWARD_PROPAGATE_LAYER,247,414775,DSP,graph_xvgj3gl0
14812096543,FORWARD_PROPAGATE_LAYER,248,2474023,DSP,graph_xvgj3gl0
14812096543,FORWARD_PROPAGATE_LAYER,249,3331190,DSP,graph_xvgj3gl0
14812096543,FORWARD_PROPAGATE_LAYER,250,1347812,DSP,graph_xvgj3gl0
14812096543,FORWARD_PROPAGATE_LAYER,251,1967383,DSP,graph_xvgj3gl0
14812096543,FORWARD_PROPAGATE_LAYER,252,6030,DSP,graph_xvgj3gl0
14812096543,FORWARD_PROPAGATE_LAYER,253,1145254,DSP,graph_xvgj3gl0
14812096543,FORWARD_PROPAGATE_LAYER,254,486720,DSP,graph_xvgj3gl0
14812096543,FORWARD_PROPAGATE_LAYER,255,1162266,DSP,graph_xvgj3gl0
14812096543,FORWARD_PROPAGATE_LAYER,256,1157008,DSP,graph_xvgj3gl0
14812096543,FORWARD_PROPAGATE_LAYER,257,7124717,DSP,graph_xvgj3gl0
14812096543,FORWARD_PROPAGATE_LAYER,258,1219900,DSP,graph_xvgj3gl0
14812096543,FORWARD_PROPAGATE_LAYER,259,343544,DSP,graph_xvgj3gl0
14812096543,FORWARD_PROPAGATE_LAYER,260,340445,DSP,graph_xvgj3gl0
14812096543,FORWARD_PROPAGATE_LAYER,261,73392,DSP,graph_xvgj3gl0
14812096543,FORWARD_PROPAGATE_LAYER,262,20729824,DSP,graph_xvgj3gl0
14812096543,FORWARD_PROPAGATE_LAYER,263,0,DSP,graph_xvgj3gl0
14812096543,FORWARD_PROPAGATE_LAYER,264,4537658,DSP,graph_xvgj3gl0
14812096543,FORWARD_PROPAGATE_LAYER,265,34884330,DSP,graph_xvgj3gl0
14812096543,FORWARD_PROPAGATE_LAYER,266,0,DSP,graph_xvgj3gl0
14812096543,FORWARD_PROPAGATE_LAYER,267,3870790,DSP,graph_xvgj3gl0
14812096543,FORWARD_PROPAGATE_LAYER,268,0,DSP,graph_xvgj3gl0
14812096543,FORWARD_PROPAGATE_LAYER,269,1546982,DSP,graph_xvgj3gl0
14812096543,FORWARD_PROPAGATE_LAYER,270,378090,DSP,graph_xvgj3gl0
14812096543,FORWARD_PROPAGATE_LAYER,271,0,DSP,graph_xvgj3gl0
14812096543,FORWARD_PROPAGATE_LAYER,272,1218517,DSP,graph_xvgj3gl0
14812096543,FORWARD_PROPAGATE_LAYER,273,834916,DSP,graph_xvgj3gl0
14812096543,FORWARD_PROPAGATE_LAYER,274,1392171,DSP,graph_xvgj3gl0
14812096543,FORWARD_PROPAGATE_LAYER,275,843313,DSP,graph_xvgj3gl0
14812096543,FORWARD_PROPAGATE_LAYER,276,1489534,DSP,graph_xvgj3gl0
14812096543,EXECUTE_TIME_SUBNET_0,-1,459062988,DSP,graph_xvgj3gl0
14812096543,TOTAL_INFERENCE_TIME,-1,184581,us,graph_xvgj3gl0
14812096543,FORWARD_PROPAGATE,-1,184562,us,graph_xvgj3gl0
14812096543,FORWARD_PROPAGATE_LAYER,0,1002811,DSP,graph_xvgj3gl0
14812096543,FORWARD_PROPAGATE_LAYER,1,1385987,DSP,graph_xvgj3gl0
14812096543,FORWARD_PROPAGATE_LAYER,2,1287459,DSP,graph_xvgj3gl0
14812096543,FORWARD_PROPAGATE_LAYER,3,3020126,DSP,graph_xvgj3gl0
14812096543,FORWARD_PROPAGATE_LAYER,4,825443,DSP,graph_xvgj3gl0
14812096543,FORWARD_PROPAGATE_LAYER,5,5095956,DSP,graph_xvgj3gl0
14812096543,FORWARD_PROPAGATE_LAYER,6,959786,DSP,graph_xvgj3gl0
14812096543,FORWARD_PROPAGATE_LAYER,7,5437994,DSP,graph_xvgj3gl0
14812096543,FORWARD_PROPAGATE_LAYER,8,0,DSP,graph_xvgj3gl0
14812096543,FORWARD_PROPAGATE_LAYER,9,1495214,DSP,graph_xvgj3gl0
14812096543,FORWARD_PROPAGATE_LAYER,10,0,DSP,graph_xvgj3gl0
14812096543,FORWARD_PROPAGATE_LAYER,11,4090981,DSP,graph_xvgj3gl0
14812096543,FORWARD_PROPAGATE_LAYER,12,0,DSP,graph_xvgj3gl0
14812096543,FORWARD_PROPAGATE_LAYER,13,4027546,DSP,graph_xvgj3gl0
14812096543,FORWARD_PROPAGATE_LAYER,14,3369349,DSP,graph_xvgj3gl0
14812096543,FORWARD_PROPAGATE_LAYER,15,0,DSP,graph_xvgj3gl0
14812096543,FORWARD_PROPAGATE_LAYER,16,619664,DSP,graph_xvgj3gl0
14812096543,FORWARD_PROPAGATE_LAYER,17,3364072,DSP,graph_xvgj3gl0
14812096543,FORWARD_PROPAGATE_LAYER,18,0,DSP,graph_xvgj3gl0
14812096543,FORWARD_PROPAGATE_LAYER,19,604945,DSP,graph_xvgj3gl0
14812096543,FORWARD_PROPAGATE_LAYER,20,3573781,DSP,graph_xvgj3gl0
14812096543,FORWARD_PROPAGATE_LAYER,21,0,DSP,graph_xvgj3gl0
14812096543,FORWARD_PROPAGATE_LAYER,22,549268,DSP,graph_xvgj3gl0
14812096543,FORWARD_PROPAGATE_LAYER,23,2072845,DSP,graph_xvgj3gl0
14812096543,FORWARD_PROPAGATE_LAYER,24,0,DSP,graph_xvgj3gl0
14812096543,FORWARD_PROPAGATE_LAYER,25,508603,DSP,graph_xvgj3gl0
14812096543,FORWARD_PROPAGATE_LAYER,26,0,DSP,graph_xvgj3gl0
14812096543,FORWARD_PROPAGATE_LAYER,27,3071342,DSP,graph_xvgj3gl0
14812096543,FORWARD_PROPAGATE_LAYER,28,1979387,DSP,graph_xvgj3gl0
14812096543,FORWARD_PROPAGATE_LAYER,29,2233257,DSP,graph_xvgj3gl0
14812096543,FORWARD_PROPAGATE_LAYER,30,415060,DSP,graph_xvgj3gl0
14812096543,FORWARD_PROPAGATE_LAYER,31,2481339,DSP,graph_xvgj3gl0
14812096543,FORWARD_PROPAGATE_LAYER,32,3428540,DSP,graph_xvgj3gl0
14812096543,FORWARD_PROPAGATE_LAYER,33,1356695,DSP,graph_xvgj3gl0
14812096543,FORWARD_PROPAGATE_LAYER,34,1983246,DSP,graph_xvgj3gl0
14812096543,FORWARD_PROPAGATE_LAYER,35,6332,DSP,graph_xvgj3gl0
14812096543,FORWARD_PROPAGATE_LAYER,36,1149859,DSP,graph_xvgj3gl0
14812096543,FORWARD_PROPAGATE_LAYER,37,476795,DSP,graph_xvgj3gl0
14812096543,FORWARD_PROPAGATE_LAYER,38,1166149,DSP,graph_xvgj3gl0
14812096543,FORWARD_PROPAGATE_LAYER,39,1140523,DSP,graph_xvgj3gl0
14812096543,FORWARD_PROPAGATE_LAYER,40,7066530,DSP,graph_xvgj3gl0
14812096543,FORWARD_PROPAGATE_LAYER,41,1212676,DSP,graph_xvgj3gl0
14812096543,FORWARD_PROPAGATE_LAYER,42,325412,DSP,graph_xvgj3gl0
14812096543,FORWARD_PROPAGATE_LAYER,43,319338,DSP,graph_xvgj3gl0
14812096543,FORWARD_PROPAGATE_LAYER,44,419960,DSP,graph_xvgj3gl0
14812096543,FORWARD_PROPAGATE_LAYER,45,2952660,DSP,graph_xvgj3gl0
14812096543,FORWARD_PROPAGATE_LAYER,46,0,DSP,graph_xvgj3gl0
14812096543,FORWARD_PROPAGATE_LAYER,47,645417,DSP,graph_xvgj3gl0
14812096543,FORWARD_PROPAGATE_LAYER,48,3350251,DSP,graph_xvgj3gl0
14812096543,FORWARD_PROPAGATE_LAYER,49,0,DSP,graph_xvgj3gl0
14812096543,FORWARD_PROPAGATE_LAYER,50,666489,DSP,graph_xvgj3gl0
14812096543,FORWARD_PROPAGATE_LAYER,51,3671503,DSP,graph_xvgj3gl0
14812096543,FORWARD_PROPAGATE_LAYER,52,0,DSP,graph_xvgj3gl0
14812096543,FORWARD_PROPAGATE_LAYER,53,608316,DSP,graph_xvgj3gl0
14812096543,FORWARD_PROPAGATE_LAYER,54,2111083,DSP,graph_xvgj3gl0
14812096543,FORWARD_PROPAGATE_LAYER,55,0,DSP,graph_xvgj3gl0
14812096543,FORWARD_PROPAGATE_LAYER,56,554462,DSP,graph_xvgj3gl0
14812096543,FORWARD_PROPAGATE_LAYER,57,0,DSP,graph_xvgj3gl0
14812096543,FORWARD_PROPAGATE_LAYER,58,3110996,DSP,graph_xvgj3gl0
14812096543,FORWARD_PROPAGATE_LAYER,59,1999598,DSP,graph_xvgj3gl0
14812096543,FORWARD_PROPAGATE_LAYER,60,2281114,DSP,graph_xvgj3gl0
14812096543,FORWARD_PROPAGATE_LAYER,61,409016,DSP,graph_xvgj3gl0
14812096543,FORWARD_PROPAGATE_LAYER,62,2489412,DSP,graph_xvgj3gl0
14812096543,FORWARD_PROPAGATE_LAYER,63,3419206,DSP,graph_xvgj3gl0
14812096543,FORWARD_PROPAGATE_LAYER,64,1351157,DSP,graph_xvgj3gl0
14812096543,FORWARD_PROPAGATE_LAYER,65,1967871,DSP,graph_xvgj3gl0
14812096543,FORWARD_PROPAGATE_LAYER,66,4528,DSP,graph_xvgj3gl0
14812096543,FORWARD_PROPAGATE_LAYER,67,1143726,DSP,graph_xvgj3gl0
14812096543,FORWARD_PROPAGATE_LAYER,68,488472,DSP,graph_xvgj3gl0
14812096543,FORWARD_PROPAGATE_LAYER,69,1170068,DSP,graph_xvgj3gl0
14812096543,FORWARD_PROPAGATE_LAYER,70,1148235,DSP,graph_xvgj3gl0
14812096543,FORWARD_PROPAGATE_LAYER,71,7161704,DSP,graph_xvgj3gl0
14812096543,FORWARD_PROPAGATE_LAYER,72,1210435,DSP,graph_xvgj3gl0
14812096543,FORWARD_PROPAGATE_LAYER,73,321140,DSP,graph_xvgj3gl0
14812096543,FORWARD_PROPAGATE_LAYER,74,320054,DSP,graph_xvgj3gl0
14812096543,FORWARD_PROPAGATE_LAYER,75,393681,DSP,graph_xvgj3gl0
14812096543,FORWARD_PROPAGATE_LAYER,76,2962981,DSP,graph_xvgj3gl0
14812096543,FORWARD_PROPAGATE_LAYER,77,0,DSP,graph_xvgj3gl0
14812096543,FORWARD_PROPAGATE_LAYER,78,641245,DSP,graph_xvgj3gl0
14812096543,FORWARD_PROPAGATE_LAYER,79,3361054,DSP,graph_xvgj3gl0
14812096543,FORWARD_PROPAGATE_LAYER,80,0,DSP,graph_xvgj3gl0
14812096543,FORWARD_PROPAGATE_LAYER,81,666142,DSP,graph_xvgj3gl0
14812096543,FORWARD_PROPAGATE_LAYER,82,3660800,DSP,graph_xvgj3gl0
14812096543,FORWARD_PROPAGATE_LAYER,83,0,DSP,graph_xvgj3gl0
14812096543,FORWARD_PROPAGATE_LAYER,84,611635,DSP,graph_xvgj3gl0
14812096543,FORWARD_PROPAGATE_LAYER,85,2136715,DSP,graph_xvgj3gl0
14812096543,FORWARD_PROPAGATE_LAYER,86,0,DSP,graph_xvgj3gl0
14812096543,FORWARD_PROPAGATE_LAYER,87,544510,DSP,graph_xvgj3gl0
14812096543,FORWARD_PROPAGATE_LAYER,88,0,DSP,graph_xvgj3gl0
14812096543,FORWARD_PROPAGATE_LAYER,89,3089414,DSP,graph_xvgj3gl0
14812096543,FORWARD_PROPAGATE_LAYER,90,1990417,DSP,graph_xvgj3gl0
14812096543,FORWARD_PROPAGATE_LAYER,91,2277383,DSP,graph_xvgj3gl0
14812096543,FORWARD_PROPAGATE_LAYER,92,406684,DSP,graph_xvgj3gl0
14812096543,FORWARD_PROPAGATE_LAYER,93,2497060,DSP,graph_xvgj3gl0
14812096543,FORWARD_PROPAGATE_LAYER,94,3356937,DSP,graph_xvgj3gl0
14812096543,FORWARD_PROPAGATE_LAYER,95,1350600,DSP,graph_xvgj3gl0
14812096543,FORWARD_PROPAGATE_LAYER,96,1970287,DSP,graph_xvgj3gl0
14812096543,FORWARD_PROPAGATE_LAYER,97,4464,DSP,graph_xvgj3gl0
14812096543,FORWARD_PROPAGATE_LAYER,98,1144377,DSP,graph_xvgj3gl0
14812096543,FORWARD_PROPAGATE_LAYER,99,488632,DSP,graph_xvgj3gl0
14812096543,FORWARD_PROPAGATE_LAYER,100,1160286,DSP,graph_xvgj3gl0
14812096543,FORWARD_PROPAGATE_LAYER,101,1152688,DSP,graph_xvgj3gl0
14812096543,FORWARD_PROPAGATE_LAYER,102,7137776,DSP,graph_xvgj3gl0
14812096543,FORWARD_PROPAGATE_LAYER,103,1216187,DSP,graph_xvgj3gl0
14812096543,FORWARD_PROPAGATE_LAYER,104,320353,DSP,graph_xvgj3gl0
14812096543,FORWARD_PROPAGATE_LAYER,105,327829,DSP,graph_xvgj3gl0
14812096543,FORWARD_PROPAGATE_LAYER,106,378552,DSP,graph_xvgj3gl0
14812096543,FORWARD_PROPAGATE_LAYER,107,2968096,DSP,graph_xvgj3gl0
14812096543,FORWARD_PROPAGATE_LAYER,108,0,DSP,graph_xvgj3gl0
14812096543,FORWARD_PROPAGATE_LAYER,109,636039,DSP,graph_xvgj3gl0
14812096543,FORWARD_PROPAGATE_LAYER,110,3357694,DSP,graph_xvgj3gl0
14812096543,FORWARD_PROPAGATE_LAYER,111,0,DSP,graph_xvgj3gl0
14812096543,FORWARD_PROPAGATE_LAYER,112,667397,DSP,graph_xvgj3gl0
14812096543,FORWARD_PROPAGATE_LAYER,113,3676516,DSP,graph_xvgj3gl0
14812096543,FORWARD_PROPAGATE_LAYER,114,0,DSP,graph_xvgj3gl0
14812096543,FORWARD_PROPAGATE_LAYER,115,606019,DSP,graph_xvgj3gl0
14812096543,FORWARD_PROPAGATE_LAYER,116,2144270,DSP,graph_xvgj3gl0
14812096543,FORWARD_PROPAGATE_LAYER,117,0,DSP,graph_xvgj3gl0
14812096543,FORWARD_PROPAGATE_LAYER,118,545804,DSP,graph_xvgj3gl0
14812096543,FORWARD_PROPAGATE_LAYER,119,0,DSP,graph_xvgj3gl0
14812096543,FORWARD_PROPAGATE_LAYER,120,3066519,DSP,graph_xvgj3gl0
14812096543,FORWARD_PROPAGATE_LAYER,121,1981062,DSP,graph_xvgj3gl0
14812096543,FORWARD_PROPAGATE_LAYER,122,2273463,DSP,graph_xvgj3gl0
14812096543,FORWARD_PROPAGATE_LAYER,123,406545,DSP,graph_xvgj3gl0
14812096543,FORWARD_PROPAGATE_LAYER,124,2490346,DSP,graph_xvgj3gl0
14812096543,FORWARD_PROPAGATE_LAYER,125,3367436,DSP,graph_xvgj3gl0
14812096543,FORWARD_PROPAGATE_LAYER,126,1338994,DSP,graph_xvgj3gl0
14812096543,FORWARD_PROPAGATE_LAYER,127,1973298,DSP,graph_xvgj3gl0
14812096543,FORWARD_PROPAGATE_LAYER,128,5574,DSP,graph_xvgj3gl0
14812096543,FORWARD_PROPAGATE_LAYER,129,1144535,DSP,graph_xvgj3gl0
14812096543,FORWARD_PROPAGATE_LAYER,130,493436,DSP,graph_xvgj3gl0
14812096543,FORWARD_PROPAGATE_LAYER,131,1165534,DSP,graph_xvgj3gl0
14812096543,FORWARD_PROPAGATE_LAYER,132,1146363,DSP,graph_xvgj3gl0
14812096543,FORWARD_PROPAGATE_LAYER,133,7163745,DSP,graph_xvgj3gl0
14812096543,FORWARD_PROPAGATE_LAYER,134,1212786,DSP,graph_xvgj3gl0
14812096543,FORWARD_PROPAGATE_LAYER,135,322560,DSP,graph_xvgj3gl0
14812096543,FORWARD_PROPAGATE_LAYER,136,320800,DSP,graph_xvgj3gl0
14812096543,FORWARD_PROPAGATE_LAYER,137,398170,DSP,graph_xvgj3gl0
14812096543,FORWARD_PROPAGATE_LAYER,138,2962763,DSP,graph_xvgj3gl0
14812096543,FORWARD_PROPAGATE_LAYER,139,0,DSP,graph_xvgj3gl0
14812096543,FORWARD_PROPAGATE_LAYER,140,632553,DSP,graph_xvgj3gl0
14812096543,FORWARD_PROPAGATE_LAYER,141,3344184,DSP,graph_xvgj3gl0
14812096543,FORWARD_PROPAGATE_LAYER,142,0,DSP,graph_xvgj3gl0
14812096543,FORWARD_PROPAGATE_LAYER,143,660724,DSP,graph_xvgj3gl0
14812096543,FORWARD_PROPAGATE_LAYER,144,3687192,DSP,graph_xvgj3gl0
14812096543,FORWARD_PROPAGATE_LAYER,145,0,DSP,graph_xvgj3gl0
14812096543,FORWARD_PROPAGATE_LAYER,146,610319,DSP,graph_xvgj3gl0
14812096543,FORWARD_PROPAGATE_LAYER,147,2113821,DSP,graph_xvgj3gl0
14812096543,FORWARD_PROPAGATE_LAYER,148,0,DSP,graph_xvgj3gl0
14812096543,FORWARD_PROPAGATE_LAYER,149,550558,DSP,graph_xvgj3gl0
14812096543,FORWARD_PROPAGATE_LAYER,150,0,DSP,graph_xvgj3gl0
14812096543,FORWARD_PROPAGATE_LAYER,151,3081009,DSP,graph_xvgj3gl0
14812096543,FORWARD_PROPAGATE_LAYER,152,1998757,DSP,graph_xvgj3gl0
14812096543,FORWARD_PROPAGATE_LAYER,153,2279609,DSP,graph_xvgj3gl0
14812096543,FORWARD_PROPAGATE_LAYER,154,408966,DSP,graph_xvgj3gl0
14812096543,FORWARD_PROPAGATE_LAYER,155,2484611,DSP,graph_xvgj3gl0
14812096543,FORWARD_PROPAGATE_LAYER,156,3345444,DSP,graph_xvgj3gl0
14812096543,FORWARD_PROPAGATE_LAYER,157,1359039,DSP,graph_xvgj3gl0
14812096543,FORWARD_PROPAGATE_LAYER,158,1972269,DSP,graph_xvgj3gl0
14812096543,FORWARD_PROPAGATE_LAYER,159,3330,DSP,graph_xvgj3gl0
14812096543,FORWARD_PROPAGATE_LAYER,160,1140265,DSP,graph_xvgj3gl0
14812096543,FORWARD_PROPAGATE_LAYER,161,474888,DSP,graph_xvgj3gl0
14812096543,FORWARD_PROPAGATE_LAYER,162,1163156,DSP,graph_xvgj3gl0
14812096543,FORWARD_PROPAGATE_LAYER,163,1164286,DSP,graph_xvgj3gl0
14812096543,FORWARD_PROPAGATE_LAYER,164,7089127,DSP,graph_xvgj3gl0
14812096543,FORWARD_PROPAGATE_LAYER,165,1214933,DSP,graph_xvgj3gl0
14812096543,FORWARD_PROPAGATE_LAYER,166,325479,DSP,graph_xvgj3gl0
14812096543,FORWARD_PROPAGATE_LAYER,167,323909,DSP,graph_xvgj3gl0
14812096543,FORWARD_PROPAGATE_LAYER,168,381769,DSP,graph_xvgj3gl0
14812096543,FORWARD_PROPAGATE_LAYER,169,2936466,DSP,graph_xvgj3gl0
14812096543,FORWARD_PROPAGATE_LAYER,170,0,DSP,graph_xvgj3gl0
14812096543,FORWARD_PROPAGATE_LAYER,171,635640,DSP,graph_xvgj3gl0
14812096543,FORWARD_PROPAGATE_LAYER,172,3364260,DSP,graph_xvgj3gl0
14812096543,FORWARD_PROPAGATE_LAYER,173,0,DSP,graph_xvgj3gl0
14812096543,FORWARD_PROPAGATE_LAYER,174,660396,DSP,graph_xvgj3gl0
14812096543,FORWARD_PROPAGATE_LAYER,175,3713363,DSP,graph_xvgj3gl0
14812096543,FORWARD_PROPAGATE_LAYER,176,0,DSP,graph_xvgj3gl0
14812096543,FORWARD_PROPAGATE_LAYER,177,611603,DSP,graph_xvgj3gl0
14812096543,FORWARD_PROPAGATE_LAYER,178,2125728,DSP,graph_xvgj3gl0
14812096543,FORWARD_PROPAGATE_LAYER,179,0,DSP,graph_xvgj3gl0
14812096543,FORWARD_PROPAGATE_LAYER,180,544005,DSP,graph_xvgj3gl0
14812096543,FORWARD_PROPAGATE_LAYER,181,0,DSP,graph_xvgj3gl0
14812096543,FORWARD_PROPAGATE_LAYER,182,3080055,DSP,graph_xvgj3gl0
14812096543,FORWARD_PROPAGATE_LAYER,183,1995186,DSP,graph_xvgj3gl0
14812096543,FORWARD_PROPAGATE_LAYER,184,2278757,DSP,graph_xvgj3gl0
14812096543,FORWARD_PROPAGATE_LAYER,185,407187,DSP,graph_xvgj3gl0
14812096543,FORWARD_PROPAGATE_LAYER,186,2510451,DSP,graph_xvgj3gl0
14812096543,FORWARD_PROPAGATE_LAYER,187,3391041,DSP,graph_xvgj3gl0
14812096543,FORWARD_PROPAGATE_LAYER,188,1352441,DSP,graph_xvgj3gl0
14812096543,FORWARD_PROPAGATE_LAYER,189,1963699,DSP,graph_xvgj3gl0
14812096543,FORWARD_PROPAGATE_LAYER,190,5022,DSP,graph_xvgj3gl0
14812096543,FORWARD_PROPAGATE_LAYER,191,1155479,DSP,graph_xvgj3gl0
14812096543,FORWARD_PROPAGATE_LAYER,192,489463,DSP,graph_xvgj3gl0
14812096543,FORWARD_PROPAGATE_LAYER,193,1161392,DSP,graph_xvgj3gl0
14812096543,FORWARD_PROPAGATE_LAYER,194,1156104,DSP,graph_xvgj3gl0
14812096543,FORWARD_PROPAGATE_LAYER,195,7102799,DSP,graph_xvgj3gl0
14812096543,FORWARD_PROPAGATE_LAYER,196,1214728,DSP,graph_xvgj3gl0
14812096543,FORWARD_PROPAGATE_LAYER,197,332527,DSP,graph_xvgj3gl0
14812096543,FORWARD_PROPAGATE_LAYER,198,335879,DSP,graph_xvgj3gl0
14812096543,FORWARD_PROPAGATE_LAYER,199,392336,DSP,graph_xvgj3gl0
14812096543,FORWARD_PROPAGATE_LAYER,200,2944728,DSP,graph_xvgj3gl0
14812096543,FORWARD_PROPAGATE_LAYER,201,0,DSP,graph_xvgj3gl0
14812096543,FORWARD_PROPAGATE_LAYER,202,638579,DSP,graph_xvgj3gl0
14812096543,FORWARD_PROPAGATE_LAYER,203,3352358,DSP,graph_xvgj3gl0
14812096543,FORWARD_PROPAGATE_LAYER,204,0,DSP,graph_xvgj3gl0
14812096543,FORWARD_PROPAGATE_LAYER,205,664083,DSP,graph_xvgj3gl0
14812096543,FORWARD_PROPAGATE_LAYER,206,3683653,DSP,graph_xvgj3gl0
14812096543,FORWARD_PROPAGATE_LAYER,207,0,DSP,graph_xvgj3gl0
14812096543,FORWARD_PROPAGATE_LAYER,208,609344,DSP,graph_xvgj3gl0
14812096543,FORWARD_PROPAGATE_LAYER,209,2140056,DSP,graph_xvgj3gl0
14812096543,FORWARD_PROPAGATE_LAYER,210,0,DSP,graph_xvgj3gl0
14812096543,FORWARD_PROPAGATE_LAYER,211,555951,DSP,graph_xvgj3gl0
14812096543,FORWARD_PROPAGATE_LAYER,212,0,DSP,graph_xvgj3gl0
14812096543,FORWARD_PROPAGATE_LAYER,213,3097446,DSP,graph_xvgj3gl0
14812096543,FORWARD_PROPAGATE_LAYER,214,1998545,DSP,graph_xvgj3gl0
14812096543,FORWARD_PROPAGATE_LAYER,215,2288108,DSP,graph_xvgj3gl0
14812096543,FORWARD_PROPAGATE_LAYER,216,411731,DSP,graph_xvgj3gl0
14812096543,FORWARD_PROPAGATE_LAYER,217,2479838,DSP,graph_xvgj3gl0
14812096543,FORWARD_PROPAGATE_LAYER,218,3398878,DSP,graph_xvgj3gl0
14812096543,FORWARD_PROPAGATE_LAYER,219,1348572,DSP,graph_xvgj3gl0
14812096543,FORWARD_PROPAGATE_LAYER,220,1974264,DSP,graph_xvgj3gl0
14812096543,FORWARD_PROPAGATE_LAYER,221,4662,DSP,graph_xvgj3gl0
14812096543,FORWARD_PROPAGATE_LAYER,222,1140174,DSP,graph_xvgj3gl0
14812096543,FORWARD_PROPAGATE_LAYER,223,487943,DSP,graph_xvgj3gl0
14812096543,FORWARD_PROPAGATE_LAYER,224,1150639,DSP,graph_xvgj3gl0
14812096543,FORWARD_PROPAGATE_LAYER,225,1160087,DSP,graph_xvgj3gl0
14812096543,FORWARD_PROPAGATE_LAYER,226,7128438,DSP,graph_xvgj3gl0
14812096543,FORWARD_PROPAGATE_LAYER,227,1223927,DSP,graph_xvgj3gl0
14812096543,FORWARD_PROPAGATE_LAYER,228,329393,DSP,graph_xvgj3gl0
14812096543,FORWARD_PROPAGATE_LAYER,229,332270,DSP,graph_xvgj3gl0
14812096543,FORWARD_PROPAGATE_LAYER,230,409771,DSP,graph_xvgj3gl0
14812096543,FORWARD_PROPAGATE_LAYER,231,2951934,DSP,graph_xvgj3gl0
14812096543,FORWARD_PROPAGATE_LAYER,232,0,DSP,graph_xvgj3gl0
14812096543,FORWARD_PROPAGATE_LAYER,233,568655,DSP,graph_xvgj3gl0
14812096543,FORWARD_PROPAGATE_LAYER,234,3347715,DSP,graph_xvgj3gl0
14812096543,FORWARD_PROPAGATE_LAYER,235,0,DSP,graph_xvgj3gl0
14812096543,FORWARD_PROPAGATE_LAYER,236,655630,DSP,graph_xvgj3gl0
14812096543,FORWARD_PROPAGATE_LAYER,237,3665008,DSP,graph_xvgj3gl0
14812096543,FORWARD_PROPAGATE_LAYER,238,0,DSP,graph_xvgj3gl0
14812096543,FORWARD_PROPAGATE_LAYER,239,599955,DSP,graph_xvgj3gl0
14812096543,FORWARD_PROPAGATE_LAYER,240,2130219,DSP,graph_xvgj3gl0
14812096543,FORWARD_PROPAGATE_LAYER,241,0,DSP,graph_xvgj3gl0
14812096543,FORWARD_PROPAGATE_LAYER,242,564085,DSP,graph_xvgj3gl0
14812096543,FORWARD_PROPAGATE_LAYER,243,0,DSP,graph_xvgj3gl0
14812096543,FORWARD_PROPAGATE_LAYER,244,3056054,DSP,graph_xvgj3gl0
14812096543,FORWARD_PROPAGATE_LAYER,245,2015745,DSP,graph_xvgj3gl0
14812096543,FORWARD_PROPAGATE_LAYER,246,2279035,DSP,graph_xvgj3gl0
14812096543,FORWARD_PROPAGATE_LAYER,247,410855,DSP,graph_xvgj3gl0
14812096543,FORWARD_PROPAGATE_LAYER,248,2478512,DSP,graph_xvgj3gl0
14812096543,FORWARD_PROPAGATE_LAYER,249,3382601,DSP,graph_xvgj3gl0
14812096543,FORWARD_PROPAGATE_LAYER,250,1340030,DSP,graph_xvgj3gl0
14812096543,FORWARD_PROPAGATE_LAYER,251,1968980,DSP,graph_xvgj3gl0
14812096543,FORWARD_PROPAGATE_LAYER,252,5413,DSP,graph_xvgj3gl0
14812096543,FORWARD_PROPAGATE_LAYER,253,1142280,DSP,graph_xvgj3gl0
14812096543,FORWARD_PROPAGATE_LAYER,254,487205,DSP,graph_xvgj3gl0
14812096543,FORWARD_PROPAGATE_LAYER,255,1170456,DSP,graph_xvgj3gl0
14812096543,FORWARD_PROPAGATE_LAYER,256,1153909,DSP,graph_xvgj3gl0
14812096543,FORWARD_PROPAGATE_LAYER,257,7108696,DSP,graph_xvgj3gl0
14812096543,FORWARD_PROPAGATE_LAYER,258,1218559,DSP,graph_xvgj3gl0
14812096543,FORWARD_PROPAGATE_LAYER,259,341381,DSP,graph_xvgj3gl0
14812096543,FORWARD_PROPAGATE_LAYER,260,337244,DSP,graph_xvgj3gl0
14812096543,FORWARD_PROPAGATE_LAYER,261,72490,DSP,graph_xvgj3gl0
14812096543,FORWARD_PROPAGATE_LAYER,262,20760128,DSP,graph_xvgj3gl0
14812096543,FORWARD_PROPAGATE_LAYER,263,0,DSP,graph_xvgj3gl0
14812096543,FORWARD_PROPAGATE_LAYER,264,4534251,DSP,graph_xvgj3gl0
14812096543,FORWARD_PROPAGATE_LAYER,265,34915226,DSP,graph_xvgj3gl0
14812096543,FORWARD_PROPAGATE_LAYER,266,0,DSP,graph_xvgj3gl0
14812096543,FORWARD_PROPAGATE_LAYER,267,3871312,DSP,graph_xvgj3gl0
14812096543,FORWARD_PROPAGATE_LAYER,268,0,DSP,graph_xvgj3gl0
14812096543,FORWARD_PROPAGATE_LAYER,269,1546058,DSP,graph_xvgj3gl0
14812096543,FORWARD_PROPAGATE_LAYER,270,381166,DSP,graph_xvgj3gl0
14812096543,FORWARD_PROPAGATE_LAYER,271,0,DSP,graph_xvgj3gl0
14812096543,FORWARD_PROPAGATE_LAYER,272,1222602,DSP,graph_xvgj3gl0
14812096543,FORWARD_PROPAGATE_LAYER,273,836828,DSP,graph_xvgj3gl0
14812096543,FORWARD_PROPAGATE_LAYER,274,1383571,DSP,graph_xvgj3gl0
14812096543,FORWARD_PROPAGATE_LAYER,275,843259,DSP,graph_xvgj3gl0
14812096543,FORWARD_PROPAGATE_LAYER,276,1470663,DSP,graph_xvgj3gl0
14812096543,EXECUTE_TIME_SUBNET_0,-1,458832246,DSP,graph_xvgj3gl0
14812096543,TOTAL_INFERENCE_TIME,-1,190109,us,graph_xvgj3gl0
14812096543,FORWARD_PROPAGATE,-1,190070,us,graph_xvgj3gl0
14812096543,FORWARD_PROPAGATE_LAYER,0,1000515,DSP,graph_xvgj3gl0
14812096543,FORWARD_PROPAGATE_LAYER,1,1391494,DSP,graph_xvgj3gl0
14812096543,FORWARD_PROPAGATE_LAYER,2,1210383,DSP,graph_xvgj3gl0
14812096543,FORWARD_PROPAGATE_LAYER,3,3023397,DSP,graph_xvgj3gl0
14812096543,FORWARD_PROPAGATE_LAYER,4,826679,DSP,graph_xvgj3gl0
14812096543,FORWARD_PROPAGATE_LAYER,5,5103928,DSP,graph_xvgj3gl0
14812096543,FORWARD_PROPAGATE_LAYER,6,963986,DSP,graph_xvgj3gl0
14812096543,FORWARD_PROPAGATE_LAYER,7,5372935,DSP,graph_xvgj3gl0
14812096543,FORWARD_PROPAGATE_LAYER,8,0,DSP,graph_xvgj3gl0
14812096543,FORWARD_PROPAGATE_LAYER,9,1495331,DSP,graph_xvgj3gl0
14812096543,FORWARD_PROPAGATE_LAYER,10,0,DSP,graph_xvgj3gl0
14812096543,FORWARD_PROPAGATE_LAYER,11,4106226,DSP,graph_xvgj3gl0
14812096543,FORWARD_PROPAGATE_LAYER,12,0,DSP,graph_xvgj3gl0
14812096543,FORWARD_PROPAGATE_LAYER,13,4076655,DSP,graph_xvgj3gl0
14812096543,FORWARD_PROPAGATE_LAYER,14,3381129,DSP,graph_xvgj3gl0
14812096543,FORWARD_PROPAGATE_LAYER,15,0,DSP,graph_xvgj3gl0
14812096543,FORWARD_PROPAGATE_LAYER,16,615078,DSP,graph_xvgj3gl0
14812096543,FORWARD_PROPAGATE_LAYER,17,3355492,DSP,graph_xvgj3gl0
14812096543,FORWARD_PROPAGATE_LAYER,18,0,DSP,graph_xvgj3gl0
14812096543,FORWARD_PROPAGATE_LAYER,19,607255,DSP,graph_xvgj3gl0
14812096543,FORWARD_PROPAGATE_LAYER,20,3575983,DSP,graph_xvgj3gl0
14812096543,FORWARD_PROPAGATE_LAYER,21,0,DSP,graph_xvgj3gl0
14812096543,FORWARD_PROPAGATE_LAYER,22,551759,DSP,graph_xvgj3gl0
14812096543,FORWARD_PROPAGATE_LAYER,23,2053287,DSP,graph_xvgj3gl0
14812096543,FORWARD_PROPAGATE_LAYER,24,0,DSP,graph_xvgj3gl0
14812096543,FORWARD_PROPAGATE_LAYER,25,509561,DSP,graph_xvgj3gl0
14812096543,FORWARD_PROPAGATE_LAYER,26,0,DSP,graph_xvgj3gl0
14812096543,FORWARD_PROPAGATE_LAYER,27,3073213,DSP,graph_xvgj3gl0
14812096543,FORWARD_PROPAGATE_LAYER,28,1980318,DSP,graph_xvgj3gl0
14812096543,FORWARD_PROPAGATE_LAYER,29,2231566,DSP,graph_xvgj3gl0
14812096543,FORWARD_PROPAGATE_LAYER,30,414970,DSP,graph_xvgj3gl0
14812096543,FORWARD_PROPAGATE_LAYER,31,2474446,DSP,graph_xvgj3gl0
14812096543,FORWARD_PROPAGATE_LAYER,32,3401190,DSP,graph_xvgj3gl0
14812096543,FORWARD_PROPAGATE_LAYER,33,1359256,DSP,graph_xvgj3gl0
14812096543,FORWARD_PROPAGATE_LAYER,34,1977814,DSP,graph_xvgj3gl0
14812096543,FORWARD_PROPAGATE_LAYER,35,6464,DSP,graph_xvgj3gl0
14812096543,FORWARD_PROPAGATE_LAYER,36,1150031,DSP,graph_xvgj3gl0
14812096543,FORWARD_PROPAGATE_LAYER,37,477076,DSP,graph_xvgj3gl0
14812096543,FORWARD_PROPAGATE_LAYER,38,1166942,DSP,graph_xvgj3gl0
14812096543,FORWARD_PROPAGATE_LAYER,39,1143430,DSP,graph_xvgj3gl0
14812096543,FORWARD_PROPAGATE_LAYER,40,7061122,DSP,graph_xvgj3gl0
14812096543,FORWARD_PROPAGATE_LAYER,41,1212101,DSP,graph_xvgj3gl0
14812096543,FORWARD_PROPAGATE_LAYER,42,323446,DSP,graph_xvgj3gl0
14812096543,FORWARD_PROPAGATE_LAYER,43,320298,DSP,graph_xvgj3gl0
14812096543,FORWARD_PROPAGATE_LAYER,44,423868,DSP,graph_xvgj3gl0
14812096543,FORWARD_PROPAGATE_LAYER,45,2956488,DSP,graph_xvgj3gl0
14812096543,FORWARD_PROPAGATE_LAYER,46,0,DSP,graph_xvgj3gl0
14812096543,FORWARD_PROPAGATE_LAYER,47,639872,DSP,graph_xvgj3gl0
14812096543,FORWARD_PROPAGATE_LAYER,48,3347256,DSP,graph_xvgj3gl0
14812096543,FORWARD_PROPAGATE_LAYER,49,0,DSP,graph_xvgj3gl0
14812096543,FORWARD_PROPAGATE_LAYER,50,671554,DSP,graph_xvgj3gl0
14812096543,FORWARD_PROPAGATE_LAYER,51,3677243,DSP,graph_xvgj3gl0
14812096543,FORWARD_PROPAGATE_LAYER,52,0,DSP,graph_xvgj3gl0
14812096543,FORWARD_PROPAGATE_LAYER,53,607624,DSP,graph_xvgj3gl0
14812096543,FORWARD_PROPAGATE_LAYER,54,2125661,DSP,graph_xvgj3gl0
14812096543,FORWARD_PROPAGATE_LAYER,55,0,DSP,graph_xvgj3gl0
14812096543,FORWARD_PROPAGATE_LAYER,56,549069,DSP,graph_xvgj3gl0
14812096543,FORWARD_PROPAGATE_LAYER,57,0,DSP,graph_xvgj3gl0
14812096543,FORWARD_PROPAGATE_LAYER,58,3069745,DSP,graph_xvgj3gl0
14812096543,FORWARD_PROPAGATE_LAYER,59,1997805,DSP,graph_xvgj3gl0
14812096543,FORWARD_PROPAGATE_LAYER,60,2278582,DSP,graph_xvgj3gl0
14812096543,FORWARD_PROPAGATE_LAYER,61,408877,DSP,graph_xvgj3gl0
14812096543,FORWARD_PROPAGATE_LAYER,62,2483161,DSP,graph_xvgj3gl0
14812096543,FORWARD_PROPAGATE_LAYER,63,3375663,DSP,graph_xvgj3gl0
14812096543,FORWARD_PROPAGATE_LAYER,64,1350785,DSP,graph_xvgj3gl0
14812096543,FORWARD_PROPAGATE_LAYER,65,1974279,DSP,graph_xvgj3gl0
14812096543,FORWARD_PROPAGATE_LAYER,66,4782,DSP,graph_xvgj3gl0
14812096543,FORWARD_PROPAGATE_LAYER,67,1142993,DSP,graph_xvgj3gl0
14812096543,FORWARD_PROPAGATE_LAYER,68,489795,DSP,graph_xvgj3gl0
14812096543,FORWARD_PROPAGATE_LAYER,69,1174707,DSP,graph_xvgj3gl0
14812096543,FORWARD_PROPAGATE_LAYER,70,1151026,DSP,graph_xvgj3gl0
14812096543,FORWARD_PROPAGATE_LAYER,71,7167193,DSP,graph_xvgj3gl0
14812096543,FORWARD_PROPAGATE_LAYER,72,1212671,DSP,graph_xvgj3gl0
14812096543,FORWARD_PROPAGATE_LAYER,73,321349,DSP,graph_xvgj3gl0
14812096543,FORWARD_PROPAGATE_LAYER,74,319333,DSP,graph_xvgj3gl0
14812096543,FORWARD_PROPAGATE_LAYER,75,393599,DSP,graph_xvgj3gl0
14812096543,FORWARD_PROPAGATE_LAYER,76,2952573,DSP,graph_xvgj3gl0
14812096543,FORWARD_PROPAGATE_LAYER,77,0,DSP,graph_xvgj3gl0
14812096543,FORWARD_PROPAGATE_LAYER,78,640561,DSP,graph_xvgj3gl0
14812096543,FORWARD_PROPAGATE_LAYER,79,3362783,DSP,graph_xvgj3gl0
14812096543,FORWARD_PROPAGATE_LAYER,80,0,DSP,graph_xvgj3gl0
14812096543,FORWARD_PROPAGATE_LAYER,81,663966,DSP,graph_xvgj3gl0
14812096543,FORWARD_PROPAGATE_LAYER,82,3671243,DSP,graph_xvgj3gl0
14812096543,FORWARD_PROPAGATE_LAYER,83,0,DSP,graph_xvgj3gl0
14812096543,FORWARD_PROPAGATE_LAYER,84,600077,DSP,graph_xvgj3gl0
14812096543,FORWARD_PROPAGATE_LAYER,85,2135175,DSP,graph_xvgj3gl0
14812096543,FORWARD_PROPAGATE_LAYER,86,0,DSP,graph_xvgj3gl0
14812096543,FORWARD_PROPAGATE_LAYER,87,547981,DSP,graph_xvgj3gl0
14812096543,FORWARD_PROPAGATE_LAYER,88,0,DSP,graph_xvgj3gl0
14812096543,FORWARD_PROPAGATE_LAYER,89,3097597,DSP,graph_xvgj3gl0
14812096543,FORWARD_PROPAGATE_LAYER,90,1992838,DSP,graph_xvgj3gl0
14812096543,FORWARD_PROPAGATE_LAYER,91,2275262,DSP,graph_xvgj3gl0
14812096543,FORWARD_PROPAGATE_LAYER,92,408307,DSP,graph_xvgj3gl0
14812096543,FORWARD_PROPAGATE_LAYER,93,2501252,DSP,graph_xvgj3gl0
14812096543,FORWARD_PROPAGATE_LAYER,94,3343021,DSP,graph_xvgj3gl0
14812096543,FORWARD_PROPAGATE_LAYER,95,1359313,DSP,graph_xvgj3gl0
14812096543,FORWARD_PROPAGATE_LAYER,96,1965154,DSP,graph_xvgj3gl0
14812096543,FORWARD_PROPAGATE_LAYER,97,4894,DSP,graph_xvgj3gl0
14812096543,FORWARD_PROPAGATE_LAYER,98,1145703,DSP,graph_xvgj3gl0
14812096543,FORWARD_PROPAGATE_LAYER,99,488486,DSP,graph_xvgj3gl0
14812096543,FORWARD_PROPAGATE_LAYER,100,1163365,DSP,graph_xvgj3gl0
14812096543,FORWARD_PROPAGATE_LAYER,101,1155878,DSP,graph_xvgj3gl0
14812096543,FORWARD_PROPAGATE_LAYER,102,7140411,DSP,graph_xvgj3gl0
14812096543,FORWARD_PROPAGATE_LAYER,103,1211822,DSP,graph_xvgj3gl0
14812096543,FORWARD_PROPAGATE_LAYER,104,320441,DSP,graph_xvgj3gl0
14812096543,FORWARD_PROPAGATE_LAYER,105,326684,DSP,graph_xvgj3gl0
14812096543,FORWARD_PROPAGATE_LAYER,106,378158,DSP,graph_xvgj3gl0
14812096543,FORWARD_PROPAGATE_LAYER,107,2944401,DSP,graph_xvgj3gl0
14812096543,FORWARD_PROPAGATE_LAYER,108,0,DSP,graph_xvgj3gl0
14812096543,FORWARD_PROPAGATE_LAYER,109,636024,DSP,graph_xvgj3gl0
14812096543,FORWARD_PROPAGATE_LAYER,110,3368675,DSP,graph_xvgj3gl0
14812096543,FORWARD_PROPAGATE_LAYER,111,0,DSP,graph_xvgj3gl0
14812096543,FORWARD_PROPAGATE_LAYER,112,661489,DSP,graph_xvgj3gl0
14812096543,FORWARD_PROPAGATE_LAYER,113,3654823,DSP,graph_xvgj3gl0
14812096543,FORWARD_PROPAGATE_LAYER,114,0,DSP,graph_xvgj3gl0
14812096543,FORWARD_PROPAGATE_LAYER,115,608670,DSP,graph_xvgj3gl0
14812096543,FORWARD_PROPAGATE_LAYER,116,2128097,DSP,graph_xvgj3gl0
14812096543,FORWARD_PROPAGATE_LAYER,117,0,DSP,graph_xvgj3gl0
14812096543,FORWARD_PROPAGATE_LAYER,118,543969,DSP,graph_xvgj3gl0
14812096543,FORWARD_PROPAGATE_LAYER,119,0,DSP,graph_xvgj3gl0
14812096543,FORWARD_PROPAGATE_LAYER,120,3091653,DSP,graph_xvgj3gl0
14812096543,FORWARD_PROPAGATE_LAYER,121,1980737,DSP,graph_xvgj3gl0
14812096543,FORWARD_PROPAGATE_LAYER,122,2272452,DSP,graph_xvgj3gl0
14812096543,FORWARD_PROPAGATE_LAYER,123,407817,DSP,graph_xvgj3gl0
14812096543,FORWARD_PROPAGATE_LAYER,124,2487397,DSP,graph_xvgj3gl0
14812096543,FORWARD_PROPAGATE_LAYER,125,3369307,DSP,graph_xvgj3gl0
14812096543,FORWARD_PROPAGATE_LAYER,126,1354771,DSP,graph_xvgj3gl0
14812096543,FORWARD_PROPAGATE_LAYER,127,1983019,DSP,graph_xvgj3gl0
14812096543,FORWARD_PROPAGATE_LAYER,128,6685,DSP,graph_xvgj3gl0
14812096543,FORWARD_PROPAGATE_LAYER,129,1144225,DSP,graph_xvgj3gl0
14812096543,FORWARD_PROPAGATE_LAYER,130,491249,DSP,graph_xvgj3gl0
14812096543,FORWARD_PROPAGATE_LAYER,131,1171476,DSP,graph_xvgj3gl0
14812096543,FORWARD_PROPAGATE_LAYER,132,1150257,DSP,graph_xvgj3gl0
14812096543,FORWARD_PROPAGATE_LAYER,133,7152032,DSP,graph_xvgj3gl0
14812096543,FORWARD_PROPAGATE_LAYER,134,1214899,DSP,graph_xvgj3gl0
14812096543,FORWARD_PROPAGATE_LAYER,135,321573,DSP,graph_xvgj3gl0
14812096543,FORWARD_PROPAGATE_LAYER,136,321086,DSP,graph_xvgj3gl0
14812096543,FORWARD_PROPAGATE_LAYER,137,400632,DSP,graph_xvgj3gl0
14812096543,FORWARD_PROPAGATE_LAYER,138,2950465,DSP,graph_xvgj3gl0
14812096543,FORWARD_PROPAGATE_LAYER,139,0,DSP,graph_xvgj3gl0
14812096543,FORWARD_PROPAGATE_LAYER,140,633127,DSP,graph_xvgj3gl0
14812096543,FORWARD_PROPAGATE_LAYER,141,3352502,DSP,graph_xvgj3gl0
14812096543,FORWARD_PROPAGATE_LAYER,142,0,DSP,graph_xvgj3gl0
14812096543,FORWARD_PROPAGATE_LAYER,143,661378,DSP,graph_xvgj3gl0
14812096543,FORWARD_PROPAGATE_LAYER,144,3694032,DSP,graph_xvgj3gl0
14812096543,FORWARD_PROPAGATE_LAYER,145,0,DSP,graph_xvgj3gl0
14812096543,FORWARD_PROPAGATE_LAYER,146,600026,DSP,graph_xvgj3gl0
14812096543,FORWARD_PROPAGATE_LAYER,147,2109373,DSP,graph_xvgj3gl0
14812096543,FORWARD_PROPAGATE_LAYER,148,0,DSP,graph_xvgj3gl0
14812096543,FORWARD_PROPAGATE_LAYER,149,545283,DSP,graph_xvgj3gl0
14812096543,FORWARD_PROPAGATE_LAYER,150,0,DSP,graph_xvgj3gl0
14812096543,FORWARD_PROPAGATE_LAYER,151,3090444,DSP,graph_xvgj3gl0
14812096543,FORWARD_PROPAGATE_LAYER,152,1999290,DSP,graph_xvgj3gl0
14812096543,FORWARD_PROPAGATE_LAYER,153,2279462,DSP,graph_xvgj3gl0
14812096543,FORWARD_PROPAGATE_LAYER,154,407999,DSP,graph_xvgj3gl0
14812096543,FORWARD_PROPAGATE_LAYER,155,2489859,DSP,graph_xvgj3gl0
14812096543,FORWARD_PROPAGATE_LAYER,156,3373176,DSP,graph_xvgj3gl0
14812096543,FORWARD_PROPAGATE_LAYER,157,1349302,DSP,graph_xvgj3gl0
14812096543,FORWARD_PROPAGATE_LAYER,158,1963392,DSP,graph_xvgj3gl0
14812096543,FORWARD_PROPAGATE_LAYER,159,4718,DSP,graph_xvgj3gl0
14812096543,FORWARD_PROPAGATE_LAYER,160,1146679,DSP,graph_xvgj3gl0
14812096543,FORWARD_PROPAGATE_LAYER,161,474056,DSP,graph_xvgj3gl0
14812096543,FORWARD_PROPAGATE_LAYER,162,1175016,DSP,graph_xvgj3gl0
14812096543,FORWARD_PROPAGATE_LAYER,163,1164109,DSP,graph_xvgj3gl0
14812096543,FORWARD_PROPAGATE_LAYER,164,7098778,DSP,graph_xvgj3gl0
14812096543,FORWARD_PROPAGATE_LAYER,165,1211218,DSP,graph_xvgj3gl0
14812096543,FORWARD_PROPAGATE_LAYER,166,327275,DSP,graph_xvgj3gl0
14812096543,FORWARD_PROPAGATE_LAYER,167,324002,DSP,graph_xvgj3gl0
14812096543,FORWARD_PROPAGATE_LAYER,168,381003,DSP,graph_xvgj3gl0
14812096543,FORWARD_PROPAGATE_LAYER,169,2935298,DSP,graph_xvgj3gl0
14812096543,FORWARD_PROPAGATE_LAYER,170,0,DSP,graph_xvgj3gl0
14812096543,FORWARD_PROPAGATE_LAYER,171,635681,DSP,graph_xvgj3gl0
14812096543,FORWARD_PROPAGATE_LAYER,172,3341750,DSP,graph_xvgj3gl0
14812096543,FORWARD_PROPAGATE_LAYER,173,0,DSP,graph_xvgj3gl0
14812096543,FORWARD_PROPAGATE_LAYER,174,662836,DSP,graph_xvgj3gl0
14812096543,FORWARD_PROPAGATE_LAYER,175,3658756,DSP,graph_xvgj3gl0
14812096543,FORWARD_PROPAGATE_LAYER,176,0,DSP,graph_xvgj3gl0
14812096543,FORWARD_PROPAGATE_LAYER,177,611609,DSP,graph_xvgj3gl0
14812096543,FORWARD_PROPAGATE_LAYER,178,2138077,DSP,graph_xvgj3gl0
14812096543,FORWARD_PROPAGATE_LAYER,179,0,DSP,graph_xvgj3gl0
14812096543,FORWARD_PROPAGATE_LAYER,180,545513,DSP,graph_xvgj3gl0
14812096543,FORWARD_PROPAGATE_LAYER,181,0,DSP,graph_xvgj3gl0
14812096543,FORWARD_PROPAGATE_LAYER,182,3084642,DSP,graph_xvgj3gl0
14812096543,FORWARD_PROPAGATE_LAYER,183,1997077,DSP,graph_xvgj3gl0
14812096543,FORWARD_PROPAGATE_LAYER,184,2278208,DSP,graph_xvgj3gl0
14812096543,FORWARD_PROPAGATE_LAYER,185,406661,DSP,graph_xvgj3gl0
14812096543,FORWARD_PROPAGATE_LAYER,186,2503609,DSP,graph_xvgj3gl0
14812096543,FORWARD_PROPAGATE_LAYER,187,3389835,DSP,graph_xvgj3gl0
14812096543,FORWARD_PROPAGATE_LAYER,188,1349368,DSP,graph_xvgj3gl0
14812096543,FORWARD_PROPAGATE_LAYER,189,1973042,DSP,graph_xvgj3gl0
14812096543,FORWARD_PROPAGATE_LAYER,190,5634,DSP,graph_xvgj3gl0
14812096543,FORWARD_PROPAGATE_LAYER,191,1145964,DSP,graph_xvgj3gl0
14812096543,FORWARD_PROPAGATE_LAYER,192,490837,DSP,graph_xvgj3gl0
14812096543,FORWARD_PROPAGATE_LAYER,193,1168768,DSP,graph_xvgj3gl0
14812096543,FORWARD_PROPAGATE_LAYER,194,1157580,DSP,graph_xvgj3gl0
14812096543,FORWARD_PROPAGATE_LAYER,195,7108544,DSP,graph_xvgj3gl0
14812096543,FORWARD_PROPAGATE_LAYER,196,1215728,DSP,graph_xvgj3gl0
14812096543,FORWARD_PROPAGATE_LAYER,197,330855,DSP,graph_xvgj3gl0
14812096543,FORWARD_PROPAGATE_LAYER,198,337067,DSP,graph_xvgj3gl0
14812096543,FORWARD_PROPAGATE_LAYER,199,389217,DSP,graph_xvgj3gl0
14812096543,FORWARD_PROPAGATE_LAYER,200,2937333,DSP,graph_xvgj3gl0
14812096543,FORWARD_PROPAGATE_LAYER,201,0,DSP,graph_xvgj3gl0
14812096543,FORWARD_PROPAGATE_LAYER,202,635841,DSP,graph_xvgj3gl0
14812096543,FORWARD_PROPAGATE_LAYER,203,3364937,DSP,graph_xvgj3gl0
14812096543,FORWARD_PROPAGATE_LAYER,204,0,DSP,graph_xvgj3gl0
14812096543,FORWARD_PROPAGATE_LAYER,205,666573,DSP,graph_xvgj3gl0
14812096543,FORWARD_PROPAGATE_LAYER,206,3677489,DSP,graph_xvgj3gl0
14812096543,FORWARD_PROPAGATE_LAYER,207,0,DSP,graph_xvgj3gl0
14812096543,FORWARD_PROPAGATE_LAYER,208,611429,DSP,graph_xvgj3gl0
14812096543,FORWARD_PROPAGATE_LAYER,209,2122593,DSP,graph_xvgj3gl0
14812096543,FORWARD_PROPAGATE_LAYER,210,0,DSP,graph_xvgj3gl0
14812096543,FORWARD_PROPAGATE_LAYER,211,551821,DSP,graph_xvgj3gl0
14812096543,FORWARD_PROPAGATE_LAYER,212,0,DSP,graph_xvgj3gl0
14812096543,FORWARD_PROPAGATE_LAYER,213,3101267,DSP,graph_xvgj3gl0
14812096543,FORWARD_PROPAGATE_LAYER,214,1996745,DSP,graph_xvgj3gl0
14812096543,FORWARD_PROPAGATE_LAYER,215,2290565,DSP,graph_xvgj3gl0
14812096543,FORWARD_PROPAGATE_LAYER,216,411632,DSP,graph_xvgj3gl0
14812096543,FORWARD_PROPAGATE_LAYER,217,2482854,DSP,graph_xvgj3gl0
14812096543,FORWARD_PROPAGATE_LAYER,218,3414768,DSP,graph_xvgj3gl0
14812096543,FORWARD_PROPAGATE_LAYER,219,1352140,DSP,graph_xvgj3gl0
14812096543,FORWARD_PROPAGATE_LAYER,220,1971584,DSP,graph_xvgj3gl0
14812096543,FORWARD_PROPAGATE_LAYER,221,5172,DSP,graph_xvgj3gl0
14812096543,FORWARD_PROPAGATE_LAYER,222,1144389,DSP,graph_xvgj3gl0
14812096543,FORWARD_PROPAGATE_LAYER,223,487630,DSP,graph_xvgj3gl0
14812096543,FORWARD_PROPAGATE_LAYER,224,1157169,DSP,graph_xvgj3gl0
14812096543,FORWARD_PROPAGATE_LAYER,225,1159533,DSP,graph_xvgj3gl0
14812096543,FORWARD_PROPAGATE_LAYER,226,7128862,DSP,graph_xvgj3gl0
14812096543,FORWARD_PROPAGATE_LAYER,227,1222160,DSP,graph_xvgj3gl0
14812096543,FORWARD_PROPAGATE_LAYER,228,332483,DSP,graph_xvgj3gl0
14812096543,FORWARD_PROPAGATE_LAYER,229,334591,DSP,graph_xvgj3gl0
14812096543,FORWARD_PROPAGATE_LAYER,230,411715,DSP,graph_xvgj3gl0
14812096543,FORWARD_PROPAGATE_LAYER,231,2953229,DSP,graph_xvgj3gl0
14812096543,FORWARD_PROPAGATE_LAYER,232,0,DSP,graph_xvgj3gl0
14812096543,FORWARD_PROPAGATE_LAYER,233,567252,DSP,graph_xvgj3gl0
14812096543,FORWARD_PROPAGATE_LAYER,234,3360843,DSP,graph_xvgj3gl0
14812096543,FORWARD_PROPAGATE_LAYER,235,0,DSP,graph_xvgj3gl0
14812096543,FORWARD_PROPAGATE_LAYER,236,653792,DSP,graph_xvgj3gl0
14812096543,FORWARD_PROPAGATE_LAYER,237,3668085,DSP,graph_xvgj3gl0
14812096543,FORWARD_PROPAGATE_LAYER,238,0,DSP,graph_xvgj3gl0
14812096543,FORWARD_PROPAGATE_LAYER,239,587902,DSP,graph_xvgj3gl0
14812096543,FORWARD_PROPAGATE_LAYER,240,2115128,DSP,graph_xvgj3gl0
14812096543,FORWARD_PROPAGATE_LAYER,241,0,DSP,graph_xvgj3gl0
14812096543,FORWARD_PROPAGATE_LAYER,242,562309,DSP,graph_xvgj3gl0
14812096543,FORWARD_PROPAGATE_LAYER,243,0,DSP,graph_xvgj3gl0
14812096543,FORWARD_PROPAGATE_LAYER,244,3086989,DSP,graph_xvgj3gl0
14812096543,FORWARD_PROPAGATE_LAYER,245,2015173,DSP,graph_xvgj3gl0
14812096543,FORWARD_PROPAGATE_LAYER,246,2280433,DSP,graph_xvgj3gl0
14812096543,FORWARD_PROPAGATE_LAYER,247,412017,DSP,graph_xvgj3gl0
14812096543,FORWARD_PROPAGATE_LAYER,248,2475904,DSP,graph_xvgj3gl0
14812096543,FORWARD_PROPAGATE_LAYER,249,3358638,DSP,graph_xvgj3gl0
14812096543,FORWARD_PROPAGATE_LAYER,250,1344348,DSP,graph_xvgj3gl0
14812096543,FORWARD_PROPAGATE_LAYER,251,1963230,DSP,graph_xvgj3gl0
14812096543,FORWARD_PROPAGATE_LAYER,252,4204,DSP,graph_xvgj3gl0
14812096543,FORWARD_PROPAGATE_LAYER,253,1143252,DSP,graph_xvgj3gl0
14812096543,FORWARD_PROPAGATE_LAYER,254,485011,DSP,graph_xvgj3gl0
14812096543,FORWARD_PROPAGATE_LAYER,255,1161982,DSP,graph_xvgj3gl0
14812096543,FORWARD_PROPAGATE_LAYER,256,1154804,DSP,graph_xvgj3gl0
14812096543,FORWARD_PROPAGATE_LAYER,257,7117206,DSP,graph_xvgj3gl0
14812096543,FORWARD_PROPAGATE_LAYER,258,1217306,DSP,graph_xvgj3gl0
14812096543,FORWARD_PROPAGATE_LAYER,259,340763,DSP,graph_xvgj3gl0
14812096543,FORWARD_PROPAGATE_LAYER,260,335264,DSP,graph_xvgj3gl0
14812096543,FORWARD_PROPAGATE_LAYER,261,72846,DSP,graph_xvgj3gl0
14812096543,FORWARD_PROPAGATE_LAYER,262,20754708,DSP,graph_xvgj3gl0
14812096543,FORWARD_PROPAGATE_LAYER,263,0,DSP,graph_xvgj3gl0
14812096543,FORWARD_PROPAGATE_LAYER,264,4532390,DSP,graph_xvgj3gl0
14812096543,FORWARD_PROPAGATE_LAYER,265,34856367,DSP,graph_xvgj3gl0
14812096543,FORWARD_PROPAGATE_LAYER,266,0,DSP,graph_xvgj3gl0
14812096543,FORWARD_PROPAGATE_LAYER,267,3871508,DSP,graph_xvgj3gl0
14812096543,FORWARD_PROPAGATE_LAYER,268,0,DSP,graph_xvgj3gl0
14812096543,FORWARD_PROPAGATE_LAYER,269,1547246,DSP,graph_xvgj3gl0
14812096543,FORWARD_PROPAGATE_LAYER,270,382744,DSP,graph_xvgj3gl0
14812096543,FORWARD_PROPAGATE_LAYER,271,0,DSP,graph_xvgj3gl0
14812096543,FORWARD_PROPAGATE_LAYER,272,1222452,DSP,graph_xvgj3gl0
14812096543,FORWARD_PROPAGATE_LAYER,273,838086,DSP,graph_xvgj3gl0
14812096543,FORWARD_PROPAGATE_LAYER,274,1386292,DSP,graph_xvgj3gl0
14812096543,FORWARD_PROPAGATE_LAYER,275,844127,DSP,graph_xvgj3gl0
14812096543,FORWARD_PROPAGATE_LAYER,276,1486925,DSP,graph_xvgj3gl0
14812096543,EXECUTE_TIME_SUBNET_0,-1,458960866,DSP,graph_xvgj3gl0
14812096543,TOTAL_INFERENCE_TIME,-1,187680,us,graph_xvgj3gl0
14812096543,FORWARD_PROPAGATE,-1,187644,us,graph_xvgj3gl0
14812096543,FORWARD_PROPAGATE_LAYER,0,994258,DSP,graph_xvgj3gl0
14812096543,FORWARD_PROPAGATE_LAYER,1,1387924,DSP,graph_xvgj3gl0
14812096543,FORWARD_PROPAGATE_LAYER,2,1210839,DSP,graph_xvgj3gl0
14812096543,FORWARD_PROPAGATE_LAYER,3,3035976,DSP,graph_xvgj3gl0
14812096543,FORWARD_PROPAGATE_LAYER,4,825584,DSP,graph_xvgj3gl0
14812096543,FORWARD_PROPAGATE_LAYER,5,5102769,DSP,graph_xvgj3gl0
14812096543,FORWARD_PROPAGATE_LAYER,6,972583,DSP,graph_xvgj3gl0
14812096543,FORWARD_PROPAGATE_LAYER,7,5382827,DSP,graph_xvgj3gl0
14812096543,FORWARD_PROPAGATE_LAYER,8,0,DSP,graph_xvgj3gl0
14812096543,FORWARD_PROPAGATE_LAYER,9,1494326,DSP,graph_xvgj3gl0
14812096543,FORWARD_PROPAGATE_LAYER,10,0,DSP,graph_xvgj3gl0
14812096543,FORWARD_PROPAGATE_LAYER,11,4099819,DSP,graph_xvgj3gl0
14812096543,FORWARD_PROPAGATE_LAYER,12,0,DSP,graph_xvgj3gl0
14812096543,FORWARD_PROPAGATE_LAYER,13,4042007,DSP,graph_xvgj3gl0
14812096543,FORWARD_PROPAGATE_LAYER,14,3366372,DSP,graph_xvgj3gl0
14812096543,FORWARD_PROPAGATE_LAYER,15,0,DSP,graph_xvgj3gl0
14812096543,FORWARD_PROPAGATE_LAYER,16,618383,DSP,graph_xvgj3gl0
14812096543,FORWARD_PROPAGATE_LAYER,17,3352267,DSP,graph_xvgj3gl0
14812096543,FORWARD_PROPAGATE_LAYER,18,0,DSP,graph_xvgj3gl0
14812096543,FORWARD_PROPAGATE_LAYER,19,604607,DSP,graph_xvgj3gl0
14812096543,FORWARD_PROPAGATE_LAYER,20,3565318,DSP,graph_xvgj3gl0
14812096543,FORWARD_PROPAGATE_LAYER,21,0,DSP,graph_xvgj3gl0
14812096543,FORWARD_PROPAGATE_LAYER,22,551940,DSP,graph_xvgj3gl0
14812096543,FORWARD_PROPAGATE_LAYER,23,2074665,DSP,graph_xvgj3gl0
14812096543,FORWARD_PROPAGATE_LAYER,24,0,DSP,graph_xvgj3gl0
14812096543,FORWARD_PROPAGATE_LAYER,25,509147,DSP,graph_xvgj3gl0
14812096543,FORWARD_PROPAGATE_LAYER,26,0,DSP,graph_xvgj3gl0
14812096543,FORWARD_PROPAGATE_LAYER,27,3066966,DSP,graph_xvgj3gl0
14812096543,FORWARD_PROPAGATE_LAYER,28,1978559,DSP,graph_xvgj3gl0
14812096543,FORWARD_PROPAGATE_LAYER,29,2232361,DSP,graph_xvgj3gl0
14812096543,FORWARD_PROPAGATE_LAYER,30,419718,DSP,graph_xvgj3gl0
14812096543,FORWARD_PROPAGATE_LAYER,31,2474951,DSP,graph_xvgj3gl0
14812096543,FORWARD_PROPAGATE_LAYER,32,3409527,DSP,graph_xvgj3gl0
14812096543,FORWARD_PROPAGATE_LAYER,33,1359951,DSP,graph_xvgj3gl0
14812096543,FORWARD_PROPAGATE_LAYER,34,1987872,DSP,graph_xvgj3gl0
14812096543,FORWARD_PROPAGATE_LAYER,35,6374,DSP,graph_xvgj3gl0
14812096543,FORWARD_PROPAGATE_LAYER,36,1152227,DSP,graph_xvgj3gl0
14812096543,FORWARD_PROPAGATE_LAYER,37,477896,DSP,graph_xvgj3gl0
14812096543,FORWARD_PROPAGATE_LAYER,38,1166213,DSP,graph_xvgj3gl0
14812096543,FORWARD_PROPAGATE_LAYER,39,1141130,DSP,graph_xvgj3gl0
14812096543,FORWARD_PROPAGATE_LAYER,40,7061503,DSP,graph_xvgj3gl0
14812096543,FORWARD_PROPAGATE_LAYER,41,1207655,DSP,graph_xvgj3gl0
14812096543,FORWARD_PROPAGATE_LAYER,42,326164,DSP,graph_xvgj3gl0
14812096543,FORWARD_PROPAGATE_LAYER,43,319326,DSP,graph_xvgj3gl0
14812096543,FORWARD_PROPAGATE_LAYER,44,419959,DSP,graph_xvgj3gl0
14812096543,FORWARD_PROPAGATE_LAYER,45,2947400,DSP,graph_xvgj3gl0
14812096543,FORWARD_PROPAGATE_LAYER,46,0,DSP,graph_xvgj3gl0
14812096543,FORWARD_PROPAGATE_LAYER,47,644426,DSP,graph_xvgj3gl0
14812096543,FORWARD_PROPAGATE_LAYER,48,3350765,DSP,graph_xvgj3gl0
14812096543,FORWARD_PROPAGATE_LAYER,49,0,DSP,graph_xvgj3gl0
14812096543,FORWARD_PROPAGATE_LAYER,50,666543,DSP,graph_xvgj3gl0
14812096543,FORWARD_PROPAGATE_LAYER,51,3658285,DSP,graph_xvgj3gl0
14812096543,FORWARD_PROPAGATE_LAYER,52,0,DSP,graph_xvgj3gl0
14812096543,FORWARD_PROPAGATE_LAYER,53,608262,DSP,graph_xvgj3gl0
14812096543,FORWARD_PROPAGATE_LAYER,54,2119756,DSP,graph_xvgj3gl0
14812096543,FORWARD_PROPAGATE_LAYER,55,0,DSP,graph_xvgj3gl0
14812096543,FORWARD_PROPAGATE_LAYER,56,543797,DSP,graph_xvgj3gl0
14812096543,FORWARD_PROPAGATE_LAYER,57,0,DSP,graph_xvgj3gl0
14812096543,FORWARD_PROPAGATE_LAYER,58,3078413,DSP,graph_xvgj3gl0
14812096543,FORWARD_PROPAGATE_LAYER,59,1997090,DSP,graph_xvgj3gl0
14812096543,FORWARD_PROPAGATE_LAYER,60,2278580,DSP,graph_xvgj3gl0
14812096543,FORWARD_PROPAGATE_LAYER,61,410047,DSP,graph_xvgj3gl0
14812096543,FORWARD_PROPAGATE_LAYER,62,2493290,DSP,graph_xvgj3gl0
14812096543,FORWARD_PROPAGATE_LAYER,63,3386459,DSP,graph_xvgj3gl0
14812096543,FORWARD_PROPAGATE_LAYER,64,1353352,DSP,graph_xvgj3gl0
14812096543,FORWARD_PROPAGATE_LAYER,65,1980149,DSP,graph_xvgj3gl0
14812096543,FORWARD_PROPAGATE_LAYER,66,5114,DSP,graph_xvgj3gl0
14812096543,FORWARD_PROPAGATE_LAYER,67,1149805,DSP,graph_xvgj3gl0
14812096543,FORWARD_PROPAGATE_LAYER,68,488085,DSP,graph_xvgj3gl0
14812096543,FORWARD_PROPAGATE_LAYER,69,1172429,DSP,graph_xvgj3gl0
14812096543,FORWARD_PROPAGATE_LAYER,70,1150706,DSP,graph_xvgj3gl0
14812096543,FORWARD_PROPAGATE_LAYER,71,7153347,DSP,graph_xvgj3gl0
14812096543,FORWARD_PROPAGATE_LAYER,72,1214895,DSP,graph_xvgj3gl0
14812096543,FORWARD_PROPAGATE_LAYER,73,320729,DSP,graph_xvgj3gl0
14812096543,FORWARD_PROPAGATE_LAYER,74,319477,DSP,graph_xvgj3gl0
14812096543,FORWARD_PROPAGATE_LAYER,75,394912,DSP,graph_xvgj3gl0
14812096543,FORWARD_PROPAGATE_LAYER,76,2953729,DSP,graph_xvgj3gl0
14812096543,FORWARD_PROPAGATE_LAYER,77,0,DSP,graph_xvgj3gl0
14812096543,FORWARD_PROPAGATE_LAYER,78,645386,DSP,graph_xvgj3gl0
14812096543,FORWARD_PROPAGATE_LAYER,79,3359986,DSP,graph_xvgj3gl0
14812096543,FORWARD_PROPAGATE_LAYER,80,0,DSP,graph_xvgj3gl0
14812096543,FORWARD_PROPAGATE_LAYER,81,663761,DSP,graph_xvgj3gl0
14812096543,FORWARD_PROPAGATE_LAYER,82,3671532,DSP,graph_xvgj3gl0
14812096543,FORWARD_PROPAGATE_LAYER,83,0,DSP,graph_xvgj3gl0
14812096543,FORWARD_PROPAGATE_LAYER,84,612190,DSP,graph_xvgj3gl0
14812096543,FORWARD_PROPAGATE_LAYER,85,2140016,DSP,graph_xvgj3gl0
14812096543,FORWARD_PROPAGATE_LAYER,86,0,DSP,graph_xvgj3gl0
14812096543,FORWARD_PROPAGATE_LAYER,87,543913,DSP,graph_xvgj3gl0
14812096543,FORWARD_PROPAGATE_LAYER,88,0,DSP,graph_xvgj3gl0
14812096543,FORWARD_PROPAGATE_LAYER,89,3078628,DSP,graph_xvgj3gl0
14812096543,FORWARD_PROPAGATE_LAYER,90,1989191,DSP,graph_xvgj3gl0
14812096543,FORWARD_PROPAGATE_LAYER,91,2274682,DSP,graph_xvgj3gl0
14812096543,FORWARD_PROPAGATE_LAYER,92,407372,DSP,graph_xvgj3gl0
14812096543,FORWARD_PROPAGATE_LAYER,93,2511777,DSP,graph_xvgj3gl0
14812096543,FORWARD_PROPAGATE_LAYER,94,3379216,DSP,graph_xvgj3gl0
14812096543,FORWARD_PROPAGATE_LAYER,95,1348760,DSP,graph_xvgj3gl0
14812096543,FORWARD_PROPAGATE_LAYER,96,1971986,DSP,graph_xvgj3gl0
14812096543,FORWARD_PROPAGATE_LAYER,97,4946,DSP,graph_xvgj3gl0
14812096543,FORWARD_PROPAGATE_LAYER,98,1144522,DSP,graph_xvgj3gl0
14812096543,FORWARD_PROPAGATE_LAYER,99,488261,DSP,graph_xvgj3gl0
14812096543,FORWARD_PROPAGATE_LAYER,100,1156726,DSP,graph_xvgj3gl0
14812096543,FORWARD_PROPAGATE_LAYER,101,1155102,DSP,graph_xvgj3gl0
14812096543,FORWARD_PROPAGATE_LAYER,102,7132465,DSP,graph_xvgj3gl0
14812096543,FORWARD_PROPAGATE_LAYER,103,1217258,DSP,graph_xvgj3gl0
14812096543,FORWARD_PROPAGATE_LAYER,104,322771,DSP,graph_xvgj3gl0
14812096543,FORWARD_PROPAGATE_LAYER,105,326721,DSP,graph_xvgj3gl0
14812096543,FORWARD_PROPAGATE_LAYER,106,375565,DSP,graph_xvgj3gl0
14812096543,FORWARD_PROPAGATE_LAYER,107,2959921,DSP,graph_xvgj3gl0
14812096543,FORWARD_PROPAGATE_LAYER,108,0,DSP,graph_xvgj3gl0
14812096543,FORWARD_PROPAGATE_LAYER,109,637929,DSP,graph_xvgj3gl0
14812096543,FORWARD_PROPAGATE_LAYER,110,3362609,DSP,graph_xvgj3gl0
14812096543,FORWARD_PROPAGATE_LAYER,111,0,DSP,graph_xvgj3gl0
14812096543,FORWARD_PROPAGATE_LAYER,112,662039,DSP,graph_xvgj3gl0
14812096543,FORWARD_PROPAGATE_LAYER,113,3679998,DSP,graph_xvgj3gl0
14812096543,FORWARD_PROPAGATE_LAYER,114,0,DSP,graph_xvgj3gl0
14812096543,FORWARD_PROPAGATE_LAYER,115,605721,DSP,graph_xvgj3gl0
14812096543,FORWARD_PROPAGATE_LAYER,116,2136468,DSP,graph_xvgj3gl0
14812096543,FORWARD_PROPAGATE_LAYER,117,0,DSP,graph_xvgj3gl0
14812096543,FORWARD_PROPAGATE_LAYER,118,546932,DSP,graph_xvgj3gl0
14812096543,FORWARD_PROPAGATE_LAYER,119,0,DSP,graph_xvgj3gl0
14812096543,FORWARD_PROPAGATE_LAYER,120,3086572,DSP,graph_xvgj3gl0
14812096543,FORWARD_PROPAGATE_LAYER,121,1979837,DSP,graph_xvgj3gl0
14812096543,FORWARD_PROPAGATE_LAYER,122,2272553,DSP,graph_xvgj3gl0
14812096543,FORWARD_PROPAGATE_LAYER,123,407843,DSP,graph_xvgj3gl0
14812096543,FORWARD_PROPAGATE_LAYER,124,2492502,DSP,graph_xvgj3gl0
14812096543,FORWARD_PROPAGATE_LAYER,125,3391451,DSP,graph_xvgj3gl0
14812096543,FORWARD_PROPAGATE_LAYER,126,1343771,DSP,graph_xvgj3gl0
14812096543,FORWARD_PROPAGATE_LAYER,127,1977141,DSP,graph_xvgj3gl0
14812096543,FORWARD_PROPAGATE_LAYER,128,6783,DSP,graph_xvgj3gl0
14812096543,FORWARD_PROPAGATE_LAYER,129,1146246,DSP,graph_xvgj3gl0
14812096543,FORWARD_PROPAGATE_LAYER,130,489042,DSP,graph_xvgj3gl0
14812096543,FORWARD_PROPAGATE_LAYER,131,1171064,DSP,graph_xvgj3gl0
14812096543,FORWARD_PROPAGATE_LAYER,132,1150824,DSP,graph_xvgj3gl0
14812096543,FORWARD_PROPAGATE_LAYER,133,7150930,DSP,graph_xvgj3gl0
14812096543,FORWARD_PROPAGATE_LAYER,134,1211917,DSP,graph_xvgj3gl0
14812096543,FORWARD_PROPAGATE_LAYER,135,320516,DSP,graph_xvgj3gl0
14812096543,FORWARD_PROPAGATE_LAYER,136,321497,DSP,graph_xvgj3gl0
14812096543,FORWARD_PROPAGATE_LAYER,137,397575,DSP,graph_xvgj3gl0
14812096543,FORWARD_PROPAGATE_LAYER,138,2956166,DSP,graph_xvgj3gl0
14812096543,FORWARD_PROPAGATE_LAYER,139,0,DSP,graph_xvgj3gl0
14812096543,FORWARD_PROPAGATE_LAYER,140,634574,DSP,graph_xvgj3gl0
14812096543,FORWARD_PROPAGATE_LAYER,141,3346014,DSP,graph_xvgj3gl0
14812096543,FORWARD_PROPAGATE_LAYER,142,0,DSP,graph_xvgj3gl0
14812096543,FORWARD_PROPAGATE_LAYER,143,661850,DSP,graph_xvgj3gl0
14812096543,FORWARD_PROPAGATE_LAYER,144,3680902,DSP,graph_xvgj3gl0
14812096543,FORWARD_PROPAGATE_LAYER,145,0,DSP,graph_xvgj3gl0
14812096543,FORWARD_PROPAGATE_LAYER,146,614066,DSP,graph_xvgj3gl0
14812096543,FORWARD_PROPAGATE_LAYER,147,2129467,DSP,graph_xvgj3gl0
14812096543,FORWARD_PROPAGATE_LAYER,148,0,DSP,graph_xvgj3gl0
14812096543,FORWARD_PROPAGATE_LAYER,149,552091,DSP,graph_xvgj3gl0
14812096543,FORWARD_PROPAGATE_LAYER,150,0,DSP,graph_xvgj3gl0
14812096543,FORWARD_PROPAGATE_LAYER,151,3087850,DSP,graph_xvgj3gl0
14812096543,FORWARD_PROPAGATE_LAYER,152,1998175,DSP,graph_xvgj3gl0
14812096543,FORWARD_PROPAGATE_LAYER,153,2281216,DSP,graph_xvgj3gl0
14812096543,FORWARD_PROPAGATE_LAYER,154,409073,DSP,graph_xvgj3gl0
14812096543,FORWARD_PROPAGATE_LAYER,155,2487336,DSP,graph_xvgj3gl0
14812096543,FORWARD_PROPAGATE_LAYER,156,3410870,DSP,graph_xvgj3gl0
14812096543,FORWARD_PROPAGATE_LAYER,157,1352066,DSP,graph_xvgj3gl0
14812096543,FORWARD_PROPAGATE_LAYER,158,1985944,DSP,graph_xvgj3gl0
14812096543,FORWARD_PROPAGATE_LAYER,159,4515,DSP,graph_xvgj3gl0
14812096543,FORWARD_PROPAGATE_LAYER,160,1146571,DSP,graph_xvgj3gl0
14812096543,FORWARD_PROPAGATE_LAYER,161,472915,DSP,graph_xvgj3gl0
14812096543,FORWARD_PROPAGATE_LAYER,162,1167720,DSP,graph_xvgj3gl0
14812096543,FORWARD_PROPAGATE_LAYER,163,1157632,DSP,graph_xvgj3gl0
14812096543,FORWARD_PROPAGATE_LAYER,164,7093258,DSP,graph_xvgj3gl0
14812096543,FORWARD_PROPAGATE_LAYER,165,1211726,DSP,graph_xvgj3gl0
14812096543,FORWARD_PROPAGATE_LAYER,166,326397,DSP,graph_xvgj3gl0
14812096543,FORWARD_PROPAGATE_LAYER,167,324886,DSP,graph_xvgj3gl0
14812096543,FORWARD_PROPAGATE_LAYER,168,381386,DSP,graph_xvgj3gl0
14812096543,FORWARD_PROPAGATE_LAYER,169,2934448,DSP,graph_xvgj3gl0
14812096543,FORWARD_PROPAGATE_LAYER,170,0,DSP,graph_xvgj3gl0
14812096543,FORWARD_PROPAGATE_LAYER,171,639625,DSP,graph_xvgj3gl0
14812096543,FORWARD_PROPAGATE_LAYER,172,3357615,DSP,graph_xvgj3gl0
14812096543,FORWARD_PROPAGATE_LAYER,173,0,DSP,graph_xvgj3gl0
14812096543,FORWARD_PROPAGATE_LAYER,174,659138,DSP,graph_xvgj3gl0
14812096543,FORWARD_PROPAGATE_LAYER,175,3678147,DSP,graph_xvgj3gl0
14812096543,FORWARD_PROPAGATE_LAYER,176,0,DSP,graph_xvgj3gl0
14812096543,FORWARD_PROPAGATE_LAYER,177,601018,DSP,graph_xvgj3gl0
14812096543,FORWARD_PROPAGATE_LAYER,178,2133452,DSP,graph_xvgj3gl0
14812096543,FORWARD_PROPAGATE_LAYER,179,0,DSP,graph_xvgj3gl0
14812096543,FORWARD_PROPAGATE_LAYER,180,550146,DSP,graph_xvgj3gl0
14812096543,FORWARD_PROPAGATE_LAYER,181,0,DSP,graph_xvgj3gl0
14812096543,FORWARD_PROPAGATE_LAYER,182,3071435,DSP,graph_xvgj3gl0
14812096543,FORWARD_PROPAGATE_LAYER,183,1995414,DSP,graph_xvgj3gl0
14812096543,FORWARD_PROPAGATE_LAYER,184,2277958,DSP,graph_xvgj3gl0
14812096543,FORWARD_PROPAGATE_LAYER,185,408168,DSP,graph_xvgj3gl0
14812096543,FORWARD_PROPAGATE_LAYER,186,2504393,DSP,graph_xvgj3gl0
14812096543,FORWARD_PROPAGATE_LAYER,187,3381571,DSP,graph_xvgj3gl0
14812096543,FORWARD_PROPAGATE_LAYER,188,1349778,DSP,graph_xvgj3gl0
14812096543,FORWARD_PROPAGATE_LAYER,189,1986488,DSP,graph_xvgj3gl0
14812096543,FORWARD_PROPAGATE_LAYER,190,5563,DSP,graph_xvgj3gl0
14812096543,FORWARD_PROPAGATE_LAYER,191,1148306,DSP,graph_xvgj3gl0
14812096543,FORWARD_PROPAGATE_LAYER,192,488306,DSP,graph_xvgj3gl0
14812096543,FORWARD_PROPAGATE_LAYER,193,1167137,DSP,graph_xvgj3gl0
14812096543,FORWARD_PROPAGATE_LAYER,194,1163935,DSP,graph_xvgj3gl0
14812096543,FORWARD_PROPAGATE_LAYER,195,7096864,DSP,graph_xvgj3gl0
14812096543,FORWARD_PROPAGATE_LAYER,196,1215415,DSP,graph_xvgj3gl0
14812096543,FORWARD_PROPAGATE_LAYER,197,330938,DSP,graph_xvgj3gl0
14812096543,FORWARD_PROPAGATE_LAYER,198,335677,DSP,graph_xvgj3gl0
14812096543,FORWARD_PROPAGATE_LAYER,199,393968,DSP,graph_xvgj3gl0
14812096543,FORWARD_PROPAGATE_LAYER,200,2925989,DSP,graph_xvgj3gl0
14812096543,FORWARD_PROPAGATE_LAYER,201,0,DSP,graph_xvgj3gl0
14812096543,FORWARD_PROPAGATE_LAYER,202,637710,DSP,graph_xvgj3gl0
14812096543,FORWARD_PROPAGATE_LAYER,203,3356607,DSP,graph_xvgj3gl0
14812096543,FORWARD_PROPAGATE_LAYER,204,0,DSP,graph_xvgj3gl0
14812096543,FORWARD_PROPAGATE_LAYER,205,663075,DSP,graph_xvgj3gl0
14812096543,FORWARD_PROPAGATE_LAYER,206,3666224,DSP,graph_xvgj3gl0
14812096543,FORWARD_PROPAGATE_LAYER,207,0,DSP,graph_xvgj3gl0
14812096543,FORWARD_PROPAGATE_LAYER,208,600679,DSP,graph_xvgj3gl0
14812096543,FORWARD_PROPAGATE_LAYER,209,2141027,DSP,graph_xvgj3gl0
14812096543,FORWARD_PROPAGATE_LAYER,210,0,DSP,graph_xvgj3gl0
14812096543,FORWARD_PROPAGATE_LAYER,211,545797,DSP,graph_xvgj3gl0
14812096543,FORWARD_PROPAGATE_LAYER,212,0,DSP,graph_xvgj3gl0
14812096543,FORWARD_PROPAGATE_LAYER,213,3087437,DSP,graph_xvgj3gl0
14812096543,FORWARD_PROPAGATE_LAYER,214,1998010,DSP,graph_xvgj3gl0
14812096543,FORWARD_PROPAGATE_LAYER,215,2290938,DSP,graph_xvgj3gl0
14812096543,FORWARD_PROPAGATE_LAYER,216,413207,DSP,graph_xvgj3gl0
14812096543,FORWARD_PROPAGATE_LAYER,217,2474873,DSP,graph_xvgj3gl0
14812096543,FORWARD_PROPAGATE_LAYER,218,3388987,DSP,graph_xvgj3gl0
14812096543,FORWARD_PROPAGATE_LAYER,219,1350460,DSP,graph_xvgj3gl0
14812096543,FORWARD_PROPAGATE_LAYER,220,1978915,DSP,graph_xvgj3gl0
14812096543,FORWARD_PROPAGATE_LAYER,221,6079,DSP,graph_xvgj3gl0
14812096543,FORWARD_PROPAGATE_LAYER,222,1142730,DSP,graph_xvgj3gl0
14812096543,FORWARD_PROPAGATE_LAYER,223,485691,DSP,graph_xvgj3gl0
14812096543,FORWARD_PROPAGATE_LAYER,224,1164012,DSP,graph_xvgj3gl0
14812096543,FORWARD_PROPAGATE_LAYER,225,1155897,DSP,graph_xvgj3gl0
14812096543,FORWARD_PROPAGATE_LAYER,226,7137329,DSP,graph_xvgj3gl0
14812096543,FORWARD_PROPAGATE_LAYER,227,1216426,DSP,graph_xvgj3gl0
14812096543,FORWARD_PROPAGATE_LAYER,228,330241,DSP,graph_xvgj3gl0
14812096543,FORWARD_PROPAGATE_LAYER,229,332432,DSP,graph_xvgj3gl0
14812096543,FORWARD_PROPAGATE_LAYER,230,408199,DSP,graph_xvgj3gl0
14812096543,FORWARD_PROPAGATE_LAYER,231,2955196,DSP,graph_xvgj3gl0
14812096543,FORWARD_PROPAGATE_LAYER,232,0,DSP,graph_xvgj3gl0
14812096543,FORWARD_PROPAGATE_LAYER,233,569264,DSP,graph_xvgj3gl0
14812096543,FORWARD_PROPAGATE_LAYER,234,3358919,DSP,graph_xvgj3gl0
14812096543,FORWARD_PROPAGATE_LAYER,235,0,DSP,graph_xvgj3gl0
14812096543,FORWARD_PROPAGATE_LAYER,236,658188,DSP,graph_xvgj3gl0
14812096543,FORWARD_PROPAGATE_LAYER,237,3667025,DSP,graph_xvgj3gl0
14812096543,FORWARD_PROPAGATE_LAYER,238,0,DSP,graph_xvgj3gl0
14812096543,FORWARD_PROPAGATE_LAYER,239,596871,DSP,graph_xvgj3gl0
14812096543,FORWARD_PROPAGATE_LAYER,240,2110860,DSP,graph_xvgj3gl0
14812096543,FORWARD_PROPAGATE_LAYER,241,0,DSP,graph_xvgj3gl0
14812096543,FORWARD_PROPAGATE_LAYER,242,562757,DSP,graph_xvgj3gl0
14812096543,FORWARD_PROPAGATE_LAYER,243,0,DSP,graph_xvgj3gl0
14812096543,FORWARD_PROPAGATE_LAYER,244,3070169,DSP,graph_xvgj3gl0
14812096543,FORWARD_PROPAGATE_LAYER,245,2018498,DSP,graph_xvgj3gl0
14812096543,FORWARD_PROPAGATE_LAYER,246,2281831,DSP,graph_xvgj3gl0
14812096543,FORWARD_PROPAGATE_LAYER,247,413805,DSP,graph_xvgj3gl0
14812096543,FORWARD_PROPAGATE_LAYER,248,2478671,DSP,graph_xvgj3gl0
14812096543,FORWARD_PROPAGATE_LAYER,249,3385305,DSP,graph_xvgj3gl0
14812096543,FORWARD_PROPAGATE_LAYER,250,1349735,DSP,graph_xvgj3gl0
14812096543,FORWARD_PROPAGATE_LAYER,251,1976263,DSP,graph_xvgj3gl0
14812096543,FORWARD_PROPAGATE_LAYER,252,4445,DSP,graph_xvgj3gl0
14812096543,FORWARD_PROPAGATE_LAYER,253,1144075,DSP,graph_xvgj3gl0
14812096543,FORWARD_PROPAGATE_LAYER,254,485325,DSP,graph_xvgj3gl0
14812096543,FORWARD_PROPAGATE_LAYER,255,1165476,DSP,graph_xvgj3gl0
14812096543,FORWARD_PROPAGATE_LAYER,256,1152783,DSP,graph_xvgj3gl0
14812096543,FORWARD_PROPAGATE_LAYER,257,7119511,DSP,graph_xvgj3gl0
14812096543,FORWARD_PROPAGATE_LAYER,258,1223472,DSP,graph_xvgj3gl0
14812096543,FORWARD_PROPAGATE_LAYER,259,344106,DSP,graph_xvgj3gl0
14812096543,FORWARD_PROPAGATE_LAYER,260,336210,DSP,graph_xvgj3gl0
14812096543,FORWARD_PROPAGATE_LAYER,261,73995,DSP,graph_xvgj3gl0
14812096543,FORWARD_PROPAGATE_LAYER,262,20741589,DSP,graph_xvgj3gl0
14812096543,FORWARD_PROPAGATE_LAYER,263,0,DSP,graph_xvgj3gl0
14812096543,FORWARD_PROPAGATE_LAYER,264,4532570,DSP,graph_xvgj3gl0
14812096543,FORWARD_PROPAGATE_LAYER,265,34887354,DSP,graph_xvgj3gl0
14812096543,FORWARD_PROPAGATE_LAYER,266,0,DSP,graph_xvgj3gl0
14812096543,FORWARD_PROPAGATE_LAYER,267,3872138,DSP,graph_xvgj3gl0
14812096543,FORWARD_PROPAGATE_LAYER,268,0,DSP,graph_xvgj3gl0
14812096543,FORWARD_PROPAGATE_LAYER,269,1547044,DSP,graph_xvgj3gl0
14812096543,FORWARD_PROPAGATE_LAYER,270,375054,DSP,graph_xvgj3gl0
14812096543,FORWARD_PROPAGATE_LAYER,271,0,DSP,graph_xvgj3gl0
14812096543,FORWARD_PROPAGATE_LAYER,272,1221217,DSP,graph_xvgj3gl0
14812096543,FORWARD_PROPAGATE_LAYER,273,837186,DSP,graph_xvgj3gl0
14812096543,FORWARD_PROPAGATE_LAYER,274,1390054,DSP,graph_xvgj3gl0
14812096543,FORWARD_PROPAGATE_LAYER,275,843415,DSP,graph_xvgj3gl0
14812096543,FORWARD_PROPAGATE_LAYER,276,1489731,DSP,graph_xvgj3gl0
14812096543,EXECUTE_TIME_SUBNET_0,-1,458846837,DSP,graph_xvgj3gl0
14812096543,TOTAL_INFERENCE_TIME,-1,185863,us,graph_xvgj3gl0
14812096543,FORWARD_PROPAGATE,-1,185840,us,graph_xvgj3gl0
14812096543,FORWARD_PROPAGATE_LAYER,0,994582,DSP,graph_xvgj3gl0
14812096543,FORWARD_PROPAGATE_LAYER,1,1382533,DSP,graph_xvgj3gl0
14812096543,FORWARD_PROPAGATE_LAYER,2,1216119,DSP,graph_xvgj3gl0
14812096543,FORWARD_PROPAGATE_LAYER,3,3023091,DSP,graph_xvgj3gl0
14812096543,FORWARD_PROPAGATE_LAYER,4,826129,DSP,graph_xvgj3gl0
14812096543,FORWARD_PROPAGATE_LAYER,5,5101665,DSP,graph_xvgj3gl0
14812096543,FORWARD_PROPAGATE_LAYER,6,958218,DSP,graph_xvgj3gl0
14812096543,FORWARD_PROPAGATE_LAYER,7,5377659,DSP,graph_xvgj3gl0
14812096543,FORWARD_PROPAGATE_LAYER,8,0,DSP,graph_xvgj3gl0
14812096543,FORWARD_PROPAGATE_LAYER,9,1489779,DSP,graph_xvgj3gl0
14812096543,FORWARD_PROPAGATE_LAYER,10,0,DSP,graph_xvgj3gl0
14812096543,FORWARD_PROPAGATE_LAYER,11,4108998,DSP,graph_xvgj3gl0
14812096543,FORWARD_PROPAGATE_LAYER,12,0,DSP,graph_xvgj3gl0
14812096543,FORWARD_PROPAGATE_LAYER,13,4062271,DSP,graph_xvgj3gl0
14812096543,FORWARD_PROPAGATE_LAYER,14,3369902,DSP,graph_xvgj3gl0
14812096543,FORWARD_PROPAGATE_LAYER,15,0,DSP,graph_xvgj3gl0
14812096543,FORWARD_PROPAGATE_LAYER,16,616821,DSP,graph_xvgj3gl0
14812096543,FORWARD_PROPAGATE_LAYER,17,3352615,DSP,graph_xvgj3gl0
14812096543,FORWARD_PROPAGATE_LAYER,18,0,DSP,graph_xvgj3gl0
14812096543,FORWARD_PROPAGATE_LAYER,19,604763,DSP,graph_xvgj3gl0
14812096543,FORWARD_PROPAGATE_LAYER,20,3577424,DSP,graph_xvgj3gl0
14812096543,FORWARD_PROPAGATE_LAYER,21,0,DSP,graph_xvgj3gl0
14812096543,FORWARD_PROPAGATE_LAYER,22,549867,DSP,graph_xvgj3gl0
14812096543,FORWARD_PROPAGATE_LAYER,23,2080373,DSP,graph_xvgj3gl0
14812096543,FORWARD_PROPAGATE_LAYER,24,0,DSP,graph_xvgj3gl0
14812096543,FORWARD_PROPAGATE_LAYER,25,509219,DSP,graph_xvgj3gl0
14812096543,FORWARD_PROPAGATE_LAYER,26,0,DSP,graph_xvgj3gl0
14812096543,FORWARD_PROPAGATE_LAYER,27,3067810,DSP,graph_xvgj3gl0
14812096543,FORWARD_PROPAGATE_LAYER,28,1978765,DSP,graph_xvgj3gl0
14812096543,FORWARD_PROPAGATE_LAYER,29,2232456,DSP,graph_xvgj3gl0
14812096543,FORWARD_PROPAGATE_LAYER,30,415906,DSP,graph_xvgj3gl0
14812096543,FORWARD_PROPAGATE_LAYER,31,2480225,DSP,graph_xvgj3gl0
14812096543,FORWARD_PROPAGATE_LAYER,32,3411902,DSP,graph_xvgj3gl0
14812096543,FORWARD_PROPAGATE_LAYER,33,1358279,DSP,graph_xvgj3gl0
14812096543,FORWARD_PROPAGATE_LAYER,34,1984557,DSP,graph_xvgj3gl0
14812096543,FORWARD_PROPAGATE_LAYER,35,6298,DSP,graph_xvgj3gl0
14812096543,FORWARD_PROPAGATE_LAYER,36,1149916,DSP,graph_xvgj3gl0
14812096543,FORWARD_PROPAGATE_LAYER,37,477276,DSP,graph_xvgj3gl0
14812096543,FORWARD_PROPAGATE_LAYER,38,1173854,DSP,graph_xvgj3gl0
14812096543,FORWARD_PROPAGATE_LAYER,39,1142831,DSP,graph_xvgj3gl0
14812096543,FORWARD_PROPAGATE_LAYER,40,7058818,DSP,graph_xvgj3gl0
14812096543,FORWARD_PROPAGATE_LAYER,41,1213494,DSP,graph_xvgj3gl0
14812096543,FORWARD_PROPAGATE_LAYER,42,327488,DSP,graph_xvgj3gl0
14812096543,FORWARD_PROPAGATE_LAYER,43,318993,DSP,graph_xvgj3gl0
14812096543,FORWARD_PROPAGATE_LAYER,44,413680,DSP,graph_xvgj3gl0
14812096543,FORWARD_PROPAGATE_LAYER,45,2932997,DSP,graph_xvgj3gl0
14812096543,FORWARD_PROPAGATE_LAYER,46,0,DSP,graph_xvgj3gl0
14812096543,FORWARD_PROPAGATE_LAYER,47,644693,DSP,graph_xvgj3gl0
14812096543,FORWARD_PROPAGATE_LAYER,48,3349836,DSP,graph_xvgj3gl0
14812096543,FORWARD_PROPAGATE_LAYER,49,0,DSP,graph_xvgj3gl0
14812096543,FORWARD_PROPAGATE_LAYER,50,664739,DSP,graph_xvgj3gl0
14812096543,FORWARD_PROPAGATE_LAYER,51,3673677,DSP,graph_xvgj3gl0
14812096543,FORWARD_PROPAGATE_LAYER,52,0,DSP,graph_xvgj3gl0
14812096543,FORWARD_PROPAGATE_LAYER,53,595029,DSP,graph_xvgj3gl0
14812096543,FORWARD_PROPAGATE_LAYER,54,2116082,DSP,graph_xvgj3gl0
14812096543,FORWARD_PROPAGATE_LAYER,55,0,DSP,graph_xvgj3gl0
14812096543,FORWARD_PROPAGATE_LAYER,56,549919,DSP,graph_xvgj3gl0
14812096543,FORWARD_PROPAGATE_LAYER,57,0,DSP,graph_xvgj3gl0
14812096543,FORWARD_PROPAGATE_LAYER,58,3098257,DSP,graph_xvgj3gl0
14812096543,FORWARD_PROPAGATE_LAYER,59,1999255,DSP,graph_xvgj3gl0
14812096543,FORWARD_PROPAGATE_LAYER,60,2281350,DSP,graph_xvgj3gl0
14812096543,FORWARD_PROPAGATE_LAYER,61,409870,DSP,graph_xvgj3gl0
14812096543,FORWARD_PROPAGATE_LAYER,62,2491676,DSP,graph_xvgj3gl0
14812096543,FORWARD_PROPAGATE_LAYER,63,3365618,DSP,graph_xvgj3gl0
14812096543,FORWARD_PROPAGATE_LAYER,64,1362308,DSP,graph_xvgj3gl0
14812096543,FORWARD_PROPAGATE_LAYER,65,1966260,DSP,graph_xvgj3gl0
14812096543,FORWARD_PROPAGATE_LAYER,66,4565,DSP,graph_xvgj3gl0
14812096543,FORWARD_PROPAGATE_LAYER,67,1144682,DSP,graph_xvgj3gl0
14812096543,FORWARD_PROPAGATE_LAYER,68,491342,DSP,graph_xvgj3gl0
14812096543,FORWARD_PROPAGATE_LAYER,69,1168023,DSP,graph_xvgj3gl0
14812096543,FORWARD_PROPAGATE_LAYER,70,1146816,DSP,graph_xvgj3gl0
14812096543,FORWARD_PROPAGATE_LAYER,71,7157564,DSP,graph_xvgj3gl0
14812096543,FORWARD_PROPAGATE_LAYER,72,1212426,DSP,graph_xvgj3gl0
14812096543,FORWARD_PROPAGATE_LAYER,73,322125,DSP,graph_xvgj3gl0
14812096543,FORWARD_PROPAGATE_LAYER,74,319351,DSP,graph_xvgj3gl0
14812096543,FORWARD_PROPAGATE_LAYER,75,393184,DSP,graph_xvgj3gl0
14812096543,FORWARD_PROPAGATE_LAYER,76,2952855,DSP,graph_xvgj3gl0
14812096543,FORWARD_PROPAGATE_LAYER,77,0,DSP,graph_xvgj3gl0
14812096543,FORWARD_PROPAGATE_LAYER,78,642767,DSP,graph_xvgj3gl0
14812096543,FORWARD_PROPAGATE_LAYER,79,3367179,DSP,graph_xvgj3gl0
14812096543,FORWARD_PROPAGATE_LAYER,80,0,DSP,graph_xvgj3gl0
14812096543,FORWARD_PROPAGATE_LAYER,81,665721,DSP,graph_xvgj3gl0
14812096543,FORWARD_PROPAGATE_LAYER,82,3688366,DSP,graph_xvgj3gl0
14812096543,FORWARD_PROPAGATE_LAYER,83,0,DSP,graph_xvgj3gl0
14812096543,FORWARD_PROPAGATE_LAYER,84,611245,DSP,graph_xvgj3gl0
14812096543,FORWARD_PROPAGATE_LAYER,85,2124310,DSP,graph_xvgj3gl0
14812096543,FORWARD_PROPAGATE_LAYER,86,0,DSP,graph_xvgj3gl0
14812096543,FORWARD_PROPAGATE_LAYER,87,552085,DSP,graph_xvgj3gl0
14812096543,FORWARD_PROPAGATE_LAYER,88,0,DSP,graph_xvgj3gl0
14812096543,FORWARD_PROPAGATE_LAYER,89,3102005,DSP,graph_xvgj3gl0
14812096543,FORWARD_PROPAGATE_LAYER,90,1990488,DSP,graph_xvgj3gl0
14812096543,FORWARD_PROPAGATE_LAYER,91,2275440,DSP,graph_xvgj3gl0
14812096543,FORWARD_PROPAGATE_LAYER,92,409947,DSP,graph_xvgj3gl0
14812096543,FORWARD_PROPAGATE_LAYER,93,2500751,DSP,graph_xvgj3gl0
14812096543,FORWARD_PROPAGATE_LAYER,94,3360857,DSP,graph_xvgj3gl0
14812096543,FORWARD_PROPAGATE_LAYER,95,1351361,DSP,graph_xvgj3gl0
14812096543,FORWARD_PROPAGATE_LAYER,96,1970860,DSP,graph_xvgj3gl0
14812096543,FORWARD_PROPAGATE_LAYER,97,3640,DSP,graph_xvgj3gl0
14812096543,FORWARD_PROPAGATE_LAYER,98,1144110,DSP,graph_xvgj3gl0
14812096543,FORWARD_PROPAGATE_LAYER,99,487586,DSP,graph_xvgj3gl0
14812096543,FORWARD_PROPAGATE_LAYER,100,1158448,DSP,graph_xvgj3gl0
14812096543,FORWARD_PROPAGATE_LAYER,101,1154452,DSP,graph_xvgj3gl0
14812096543,FORWARD_PROPAGATE_LAYER,102,7125359,DSP,graph_xvgj3gl0
14812096543,FORWARD_PROPAGATE_LAYER,103,1212004,DSP,graph_xvgj3gl0
14812096543,FORWARD_PROPAGATE_LAYER,104,320066,DSP,graph_xvgj3gl0
14812096543,FORWARD_PROPAGATE_LAYER,105,326543,DSP,graph_xvgj3gl0
14812096543,FORWARD_PROPAGATE_LAYER,106,378752,DSP,graph_xvgj3gl0
14812096543,FORWARD_PROPAGATE_LAYER,107,2966733,DSP,graph_xvgj3gl0
14812096543,FORWARD_PROPAGATE_LAYER,108,0,DSP,graph_xvgj3gl0
14812096543,FORWARD_PROPAGATE_LAYER,109,639198,DSP,graph_xvgj3gl0
14812096543,FORWARD_PROPAGATE_LAYER,110,3361657,DSP,graph_xvgj3gl0
14812096543,FORWARD_PROPAGATE_LAYER,111,0,DSP,graph_xvgj3gl0
14812096543,FORWARD_PROPAGATE_LAYER,112,664472,DSP,graph_xvgj3gl0
14812096543,FORWARD_PROPAGATE_LAYER,113,3660352,DSP,graph_xvgj3gl0
14812096543,FORWARD_PROPAGATE_LAYER,114,0,DSP,graph_xvgj3gl0
14812096543,FORWARD_PROPAGATE_LAYER,115,606780,DSP,graph_xvgj3gl0
14812096543,FORWARD_PROPAGATE_LAYER,116,2133681,DSP,graph_xvgj3gl0
14812096543,FORWARD_PROPAGATE_LAYER,117,0,DSP,graph_xvgj3gl0
14812096543,FORWARD_PROPAGATE_LAYER,118,552040,DSP,graph_xvgj3gl0
14812096543,FORWARD_PROPAGATE_LAYER,119,0,DSP,graph_xvgj3gl0
14812096543,FORWARD_PROPAGATE_LAYER,120,3084248,DSP,graph_xvgj3gl0
14812096543,FORWARD_PROPAGATE_LAYER,121,1980265,DSP,graph_xvgj3gl0
14812096543,FORWARD_PROPAGATE_LAYER,122,2271566,DSP,graph_xvgj3gl0
14812096543,FORWARD_PROPAGATE_LAYER,123,407392,DSP,graph_xvgj3gl0
14812096543,FORWARD_PROPAGATE_LAYER,124,2492400,DSP,graph_xvgj3gl0
14812096543,FORWARD_PROPAGATE_LAYER,125,3352651,DSP,graph_xvgj3gl0
14812096543,FORWARD_PROPAGATE_LAYER,126,1343798,DSP,graph_xvgj3gl0
14812096543,FORWARD_PROPAGATE_LAYER,127,1981154,DSP,graph_xvgj3gl0
14812096543,FORWARD_PROPAGATE_LAYER,128,6650,DSP,graph_xvgj3gl0
14812096543,FORWARD_PROPAGATE_LAYER,129,1145879,DSP,graph_xvgj3gl0
14812096543,FORWARD_PROPAGATE_LAYER,130,490252,DSP,graph_xvgj3gl0
14812096543,FORWARD_PROPAGATE_LAYER,131,1165462,DSP,graph_xvgj3gl0
14812096543,FORWARD_PROPAGATE_LAYER,132,1146759,DSP,graph_xvgj3gl0
14812096543,FORWARD_PROPAGATE_LAYER,133,7149873,DSP,graph_xvgj3gl0
14812096543,FORWARD_PROPAGATE_LAYER,134,1211496,DSP,graph_xvgj3gl0
14812096543,FORWARD_PROPAGATE_LAYER,135,320650,DSP,graph_xvgj3gl0
14812096543,FORWARD_PROPAGATE_LAYER,136,322409,DSP,graph_xvgj3gl0
14812096543,FORWARD_PROPAGATE_LAYER,137,396475,DSP,graph_xvgj3gl0
14812096543,FORWARD_PROPAGATE_LAYER,138,2953917,DSP,graph_xvgj3gl0
14812096543,FORWARD_PROPAGATE_LAYER,139,0,DSP,graph_xvgj3gl0
14812096543,FORWARD_PROPAGATE_LAYER,140,634357,DSP,graph_xvgj3gl0
14812096543,FORWARD_PROPAGATE_LAYER,141,3349396,DSP,graph_xvgj3gl0
14812096543,FORWARD_PROPAGATE_LAYER,142,0,DSP,graph_xvgj3gl0
14812096543,FORWARD_PROPAGATE_LAYER,143,661809,DSP,graph_xvgj3gl0
14812096543,FORWARD_PROPAGATE_LAYER,144,3689414,DSP,graph_xvgj3gl0
14812096543,FORWARD_PROPAGATE_LAYER,145,0,DSP,graph_xvgj3gl0
14812096543,FORWARD_PROPAGATE_LAYER,146,599465,DSP,graph_xvgj3gl0
14812096543,FORWARD_PROPAGATE_LAYER,147,2125083,DSP,graph_xvgj3gl0
14812096543,FORWARD_PROPAGATE_LAYER,148,0,DSP,graph_xvgj3gl0
14812096543,FORWARD_PROPAGATE_LAYER,149,547909,DSP,graph_xvgj3gl0
14812096543,FORWARD_PROPAGATE_LAYER,150,0,DSP,graph_xvgj3gl0
14812096543,FORWARD_PROPAGATE_LAYER,151,3097211,DSP,graph_xvgj3gl0
14812096543,FORWARD_PROPAGATE_LAYER,152,1999862,DSP,graph_xvgj3gl0
14812096543,FORWARD_PROPAGATE_LAYER,153,2282143,DSP,graph_xvgj3gl0
14812096543,FORWARD_PROPAGATE_LAYER,154,408376,DSP,graph_xvgj3gl0
14812096543,FORWARD_PROPAGATE_LAYER,155,2494226,DSP,graph_xvgj3gl0
14812096543,FORWARD_PROPAGATE_LAYER,156,3387722,DSP,graph_xvgj3gl0
14812096543,FORWARD_PROPAGATE_LAYER,157,1344003,DSP,graph_xvgj3gl0
14812096543,FORWARD_PROPAGATE_LAYER,158,1966591,DSP,graph_xvgj3gl0
14812096543,FORWARD_PROPAGATE_LAYER,159,5176,DSP,graph_xvgj3gl0
14812096543,FORWARD_PROPAGATE_LAYER,160,1144351,DSP,graph_xvgj3gl0
14812096543,FORWARD_PROPAGATE_LAYER,161,474488,DSP,graph_xvgj3gl0
14812096543,FORWARD_PROPAGATE_LAYER,162,1170398,DSP,graph_xvgj3gl0
14812096543,FORWARD_PROPAGATE_LAYER,163,1157415,DSP,graph_xvgj3gl0
14812096543,FORWARD_PROPAGATE_LAYER,164,7087521,DSP,graph_xvgj3gl0
14812096543,FORWARD_PROPAGATE_LAYER,165,1212078,DSP,graph_xvgj3gl0
14812096543,FORWARD_PROPAGATE_LAYER,166,326761,DSP,graph_xvgj3gl0
14812096543,FORWARD_PROPAGATE_LAYER,167,324020,DSP,graph_xvgj3gl0
14812096543,FORWARD_PROPAGATE_LAYER,168,378564,DSP,graph_xvgj3gl0
14812096543,FORWARD_PROPAGATE_LAYER,169,2941876,DSP,graph_xvgj3gl0
14812096543,FORWARD_PROPAGATE_LAYER,170,0,DSP,graph_xvgj3gl0
14812096543,FORWARD_PROPAGATE_LAYER,171,642623,DSP,graph_xvgj3gl0
14812096543,FORWARD_PROPAGATE_LAYER,172,3344954,DSP,graph_xvgj3gl0
14812096543,FORWARD_PROPAGATE_LAYER,173,0,DSP,graph_xvgj3gl0
14812096543,FORWARD_PROPAGATE_LAYER,174,663198,DSP,graph_xvgj3gl0
14812096543,FORWARD_PROPAGATE_LAYER,175,3667873,DSP,graph_xvgj3gl0
14812096543,FORWARD_PROPAGATE_LAYER,176,0,DSP,graph_xvgj3gl0
14812096543,FORWARD_PROPAGATE_LAYER,177,609643,DSP,graph_xvgj3gl0
14812096543,FORWARD_PROPAGATE_LAYER,178,2141675,DSP,graph_xvgj3gl0
14812096543,FORWARD_PROPAGATE_LAYER,179,0,DSP,graph_xvgj3gl0
14812096543,FORWARD_PROPAGATE_LAYER,180,550940,DSP,graph_xvgj3gl0
14812096543,FORWARD_PROPAGATE_LAYER,181,0,DSP,graph_xvgj3gl0
14812096543,FORWARD_PROPAGATE_LAYER,182,3077478,DSP,graph_xvgj3gl0
14812096543,FORWARD_PROPAGATE_LAYER,183,1994430,DSP,graph_xvgj3gl0
14812096543,FORWARD_PROPAGATE_LAYER,184,2278577,DSP,graph_xvgj3gl0
14812096543,FORWARD_PROPAGATE_LAYER,185,407139,DSP,graph_xvgj3gl0
14812096543,FORWARD_PROPAGATE_LAYER,186,2502799,DSP,graph_xvgj3gl0
14812096543,FORWARD_PROPAGATE_LAYER,187,3388120,DSP,graph_xvgj3gl0
14812096543,FORWARD_PROPAGATE_LAYER,188,1349123,DSP,graph_xvgj3gl0
14812096543,FORWARD_PROPAGATE_LAYER,189,1970496,DSP,graph_xvgj3gl0
14812096543,FORWARD_PROPAGATE_LAYER,190,5152,DSP,graph_xvgj3gl0
14812096543,FORWARD_PROPAGATE_LAYER,191,1149254,DSP,graph_xvgj3gl0
14812096543,FORWARD_PROPAGATE_LAYER,192,486544,DSP,graph_xvgj3gl0
14812096543,FORWARD_PROPAGATE_LAYER,193,1161236,DSP,graph_xvgj3gl0
14812096543,FORWARD_PROPAGATE_LAYER,194,1161808,DSP,graph_xvgj3gl0
14812096543,FORWARD_PROPAGATE_LAYER,195,7093673,DSP,graph_xvgj3gl0
14812096543,FORWARD_PROPAGATE_LAYER,196,1220116,DSP,graph_xvgj3gl0
14812096543,FORWARD_PROPAGATE_LAYER,197,328841,DSP,graph_xvgj3gl0
14812096543,FORWARD_PROPAGATE_LAYER,198,336357,DSP,graph_xvgj3gl0
14812096543,FORWARD_PROPAGATE_LAYER,199,394123,DSP,graph_xvgj3gl0
14812096543,FORWARD_PROPAGATE_LAYER,200,2943208,DSP,graph_xvgj3gl0
14812096543,FORWARD_PROPAGATE_LAYER,201,0,DSP,graph_xvgj3gl0
14812096543,FORWARD_PROPAGATE_LAYER,202,640508,DSP,graph_xvgj3gl0
14812096543,FORWARD_PROPAGATE_LAYER,203,3357268,DSP,graph_xvgj3gl0
14812096543,FORWARD_PROPAGATE_LAYER,204,0,DSP,graph_xvgj3gl0
14812096543,FORWARD_PROPAGATE_LAYER,205,664260,DSP,graph_xvgj3gl0
14812096543,FORWARD_PROPAGATE_LAYER,206,3679214,DSP,graph_xvgj3gl0
14812096543,FORWARD_PROPAGATE_LAYER,207,0,DSP,graph_xvgj3gl0
14812096543,FORWARD_PROPAGATE_LAYER,208,612487,DSP,graph_xvgj3gl0
14812096543,FORWARD_PROPAGATE_LAYER,209,2126047,DSP,graph_xvgj3gl0
14812096543,FORWARD_PROPAGATE_LAYER,210,0,DSP,graph_xvgj3gl0
14812096543,FORWARD_PROPAGATE_LAYER,211,549545,DSP,graph_xvgj3gl0
14812096543,FORWARD_PROPAGATE_LAYER,212,0,DSP,graph_xvgj3gl0
14812096543,FORWARD_PROPAGATE_LAYER,213,3100653,DSP,graph_xvgj3gl0
14812096543,FORWARD_PROPAGATE_LAYER,214,1999271,DSP,graph_xvgj3gl0
14812096543,FORWARD_PROPAGATE_LAYER,215,2287984,DSP,graph_xvgj3gl0
14812096543,FORWARD_PROPAGATE_LAYER,216,413295,DSP,graph_xvgj3gl0
14812096543,FORWARD_PROPAGATE_LAYER,217,2484196,DSP,graph_xvgj3gl0
14812096543,FORWARD_PROPAGATE_LAYER,218,3370954,DSP,graph_xvgj3gl0
14812096543,FORWARD_PROPAGATE_LAYER,219,1346128,DSP,graph_xvgj3gl0
14812096543,FORWARD_PROPAGATE_LAYER,220,1981635,DSP,graph_xvgj3gl0
14812096543,FORWARD_PROPAGATE_LAYER,221,5716,DSP,graph_xvgj3gl0
14812096543,FORWARD_PROPAGATE_LAYER,222,1144769,DSP,graph_xvgj3gl0
14812096543,FORWARD_PROPAGATE_LAYER,223,486744,DSP,graph_xvgj3gl0
14812096543,FORWARD_PROPAGATE_LAYER,224,1155804,DSP,graph_xvgj3gl0
14812096543,FORWARD_PROPAGATE_LAYER,225,1163472,DSP,graph_xvgj3gl0
14812096543,FORWARD_PROPAGATE_LAYER,226,7125593,DSP,graph_xvgj3gl0
14812096543,FORWARD_PROPAGATE_LAYER,227,1212381,DSP,graph_xvgj3gl0
14812096543,FORWARD_PROPAGATE_LAYER,228,330580,DSP,graph_xvgj3gl0
14812096543,FORWARD_PROPAGATE_LAYER,229,333331,DSP,graph_xvgj3gl0
14812096543,FORWARD_PROPAGATE_LAYER,230,414703,DSP,graph_xvgj3gl0
14812096543,FORWARD_PROPAGATE_LAYER,231,2945306,DSP,graph_xvgj3gl0
14812096543,FORWARD_PROPAGATE_LAYER,232,0,DSP,graph_xvgj3gl0
14812096543,FORWARD_PROPAGATE_LAYER,233,575326,DSP,graph_xvgj3gl0
14812096543,FORWARD_PROPAGATE_LAYER,234,3343264,DSP,graph_xvgj3gl0
14812096543,FORWARD_PROPAGATE_LAYER,235,0,DSP,graph_xvgj3gl0
14812096543,FORWARD_PROPAGATE_LAYER,236,656904,DSP,graph_xvgj3gl0
14812096543,FORWARD_PROPAGATE_LAYER,237,3667768,DSP,graph_xvgj3gl0
14812096543,FORWARD_PROPAGATE_LAYER,238,0,DSP,graph_xvgj3gl0
14812096543,FORWARD_PROPAGATE_LAYER,239,587476,DSP,graph_xvgj3gl0
14812096543,FORWARD_PROPAGATE_LAYER,240,2123860,DSP,graph_xvgj3gl0
14812096543,FORWARD_PROPAGATE_LAYER,241,0,DSP,graph_xvgj3gl0
14812096543,FORWARD_PROPAGATE_LAYER,242,565876,DSP,graph_xvgj3gl0
14812096543,FORWARD_PROPAGATE_LAYER,243,0,DSP,graph_xvgj3gl0
14812096543,FORWARD_PROPAGATE_LAYER,244,3107933,DSP,graph_xvgj3gl0
14812096543,FORWARD_PROPAGATE_LAYER,245,2014182,DSP,graph_xvgj3gl0
14812096543,FORWARD_PROPAGATE_LAYER,246,2280490,DSP,graph_xvgj3gl0
14812096543,FORWARD_PROPAGATE_LAYER,247,414500,DSP,graph_xvgj3gl0
14812096543,FORWARD_PROPAGATE_LAYER,248,2483100,DSP,graph_xvgj3gl0
14812096543,FORWARD_PROPAGATE_LAYER,249,3345871,DSP,graph_xvgj3gl0
14812096543,FORWARD_PROPAGATE_LAYER,250,1346155,DSP,graph_xvgj3gl0
14812096543,FORWARD_PROPAGATE_LAYER,251,1972536,DSP,graph_xvgj3gl0
14812096543,FORWARD_PROPAGATE_LAYER,252,4968,DSP,graph_xvgj3gl0
14812096543,FORWARD_PROPAGATE_LAYER,253,1144981,DSP,graph_xvgj3gl0
14812096543,FORWARD_PROPAGATE_LAYER,254,484482,DSP,graph_xvgj3gl0
14812096543,FORWARD_PROPAGATE_LAYER,255,1162951,DSP,graph_xvgj3gl0
14812096543,FORWARD_PROPAGATE_LAYER,256,1155627,DSP,graph_xvgj3gl0
14812096543,FORWARD_PROPAGATE_LAYER,257,7111384,DSP,graph_xvgj3gl0
14812096543,FORWARD_PROPAGATE_LAYER,258,1226503,DSP,graph_xvgj3gl0
14812096543,FORWARD_PROPAGATE_LAYER,259,340001,DSP,graph_xvgj3gl0
14812096543,FORWARD_PROPAGATE_LAYER,260,336020,DSP,graph_xvgj3gl0
14812096543,FORWARD_PROPAGATE_LAYER,261,73520,DSP,graph_xvgj3gl0
14812096543,FORWARD_PROPAGATE_LAYER,262,20752019,DSP,graph_xvgj3gl0
14812096543,FORWARD_PROPAGATE_LAYER,263,0,DSP,graph_xvgj3gl0
14812096543,FORWARD_PROPAGATE_LAYER,264,4532915,DSP,graph_xvgj3gl0
14812096543,FORWARD_PROPAGATE_LAYER,265,34893015,DSP,graph_xvgj3gl0
14812096543,FORWARD_PROPAGATE_LAYER,266,0,DSP,graph_xvgj3gl0
14812096543,FORWARD_PROPAGATE_LAYER,267,3871312,DSP,graph_xvgj3gl0
14812096543,FORWARD_PROPAGATE_LAYER,268,0,DSP,graph_xvgj3gl0
14812096543,FORWARD_PROPAGATE_LAYER,269,1546329,DSP,graph_xvgj3gl0
14812096543,FORWARD_PROPAGATE_LAYER,270,379308,DSP,graph_xvgj3gl0
14812096543,FORWARD_PROPAGATE_LAYER,271,0,DSP,graph_xvgj3gl0
14812096543,FORWARD_PROPAGATE_LAYER,272,1219204,DSP,graph_xvgj3gl0
14812096543,FORWARD_PROPAGATE_LAYER,273,836365,DSP,graph_xvgj3gl0
14812096543,FORWARD_PROPAGATE_LAYER,274,1381818,DSP,graph_xvgj3gl0
14812096543,FORWARD_PROPAGATE_LAYER,275,843280,DSP,graph_xvgj3gl0
14812096543,FORWARD_PROPAGATE_LAYER,276,1492529,DSP,graph_xvgj3gl0
14812096543,EXECUTE_TIME_SUBNET_0,-1,459299746,DSP,graph_xvgj3gl0
14812096543,TOTAL_INFERENCE_TIME,-1,188453,us,graph_xvgj3gl0
14812096543,FORWARD_PROPAGATE,-1,188430,us,graph_xvgj3gl0
14812096543,FORWARD_PROPAGATE_LAYER,0,1009078,DSP,graph_xvgj3gl0
14812096543,FORWARD_PROPAGATE_LAYER,1,1390303,DSP,graph_xvgj3gl0
14812096543,FORWARD_PROPAGATE_LAYER,2,1210701,DSP,graph_xvgj3gl0
14812096543,FORWARD_PROPAGATE_LAYER,3,3025137,DSP,graph_xvgj3gl0
14812096543,FORWARD_PROPAGATE_LAYER,4,826291,DSP,graph_xvgj3gl0
14812096543,FORWARD_PROPAGATE_LAYER,5,5325570,DSP,graph_xvgj3gl0
14812096543,FORWARD_PROPAGATE_LAYER,6,964043,DSP,graph_xvgj3gl0
14812096543,FORWARD_PROPAGATE_LAYER,7,5373909,DSP,graph_xvgj3gl0
14812096543,FORWARD_PROPAGATE_LAYER,8,0,DSP,graph_xvgj3gl0
14812096543,FORWARD_PROPAGATE_LAYER,9,1487615,DSP,graph_xvgj3gl0
14812096543,FORWARD_PROPAGATE_LAYER,10,0,DSP,graph_xvgj3gl0
14812096543,FORWARD_PROPAGATE_LAYER,11,4099551,DSP,graph_xvgj3gl0
14812096543,FORWARD_PROPAGATE_LAYER,12,0,DSP,graph_xvgj3gl0
14812096543,FORWARD_PROPAGATE_LAYER,13,4043643,DSP,graph_xvgj3gl0
14812096543,FORWARD_PROPAGATE_LAYER,14,3372657,DSP,graph_xvgj3gl0
14812096543,FORWARD_PROPAGATE_LAYER,15,0,DSP,graph_xvgj3gl0
14812096543,FORWARD_PROPAGATE_LAYER,16,616956,DSP,graph_xvgj3gl0
14812096543,FORWARD_PROPAGATE_LAYER,17,3349388,DSP,graph_xvgj3gl0
14812096543,FORWARD_PROPAGATE_LAYER,18,0,DSP,graph_xvgj3gl0
14812096543,FORWARD_PROPAGATE_LAYER,19,605173,DSP,graph_xvgj3gl0
14812096543,FORWARD_PROPAGATE_LAYER,20,3569290,DSP,graph_xvgj3gl0
14812096543,FORWARD_PROPAGATE_LAYER,21,0,DSP,graph_xvgj3gl0
14812096543,FORWARD_PROPAGATE_LAYER,22,551054,DSP,graph_xvgj3gl0
14812096543,FORWARD_PROPAGATE_LAYER,23,2068085,DSP,graph_xvgj3gl0
14812096543,FORWARD_PROPAGATE_LAYER,24,0,DSP,graph_xvgj3gl0
14812096543,FORWARD_PROPAGATE_LAYER,25,508938,DSP,graph_xvgj3gl0
14812096543,FORWARD_PROPAGATE_LAYER,26,0,DSP,graph_xvgj3gl0
14812096543,FORWARD_PROPAGATE_LAYER,27,3103800,DSP,graph_xvgj3gl0
14812096543,FORWARD_PROPAGATE_LAYER,28,1978088,DSP,graph_xvgj3gl0
14812096543,FORWARD_PROPAGATE_LAYER,29,2233306,DSP,graph_xvgj3gl0
14812096543,FORWARD_PROPAGATE_LAYER,30,414444,DSP,graph_xvgj3gl0
14812096543,FORWARD_PROPAGATE_LAYER,31,2477014,DSP,graph_xvgj3gl0
14812096543,FORWARD_PROPAGATE_LAYER,32,3380164,DSP,graph_xvgj3gl0
14812096543,FORWARD_PROPAGATE_LAYER,33,1360189,DSP,graph_xvgj3gl0
14812096543,FORWARD_PROPAGATE_LAYER,34,1977600,DSP,graph_xvgj3gl0
14812096543,FORWARD_PROPAGATE_LAYER,35,6189,DSP,graph_xvgj3gl0
14812096543,FORWARD_PROPAGATE_LAYER,36,1150130,DSP,graph_xvgj3gl0
14812096543,FORWARD_PROPAGATE_LAYER,37,477978,DSP,graph_xvgj3gl0
14812096543,FORWARD_PROPAGATE_LAYER,38,1163990,DSP,graph_xvgj3gl0
14812096543,FORWARD_PROPAGATE_LAYER,39,1143679,DSP,graph_xvgj3gl0
14812096543,FORWARD_PROPAGATE_LAYER,40,7056786,DSP,graph_xvgj3gl0
14812096543,FORWARD_PROPAGATE_LAYER,41,1212487,DSP,graph_xvgj3gl0
14812096543,FORWARD_PROPAGATE_LAYER,42,326133,DSP,graph_xvgj3gl0
14812096543,FORWARD_PROPAGATE_LAYER,43,319135,DSP,graph_xvgj3gl0
14812096543,FORWARD_PROPAGATE_LAYER,44,416320,DSP,graph_xvgj3gl0
14812096543,FORWARD_PROPAGATE_LAYER,45,2946786,DSP,graph_xvgj3gl0
14812096543,FORWARD_PROPAGATE_LAYER,46,0,DSP,graph_xvgj3gl0
14812096543,FORWARD_PROPAGATE_LAYER,47,641918,DSP,graph_xvgj3gl0
14812096543,FORWARD_PROPAGATE_LAYER,48,3368019,DSP,graph_xvgj3gl0
14812096543,FORWARD_PROPAGATE_LAYER,49,0,DSP,graph_xvgj3gl0
14812096543,FORWARD_PROPAGATE_LAYER,50,669366,DSP,graph_xvgj3gl0
14812096543,FORWARD_PROPAGATE_LAYER,51,3689926,DSP,graph_xvgj3gl0
14812096543,FORWARD_PROPAGATE_LAYER,52,0,DSP,graph_xvgj3gl0
14812096543,FORWARD_PROPAGATE_LAYER,53,610504,DSP,graph_xvgj3gl0
14812096543,FORWARD_PROPAGATE_LAYER,54,2109666,DSP,graph_xvgj3gl0
14812096543,FORWARD_PROPAGATE_LAYER,55,0,DSP,graph_xvgj3gl0
14812096543,FORWARD_PROPAGATE_LAYER,56,546263,DSP,graph_xvgj3gl0
14812096543,FORWARD_PROPAGATE_LAYER,57,0,DSP,graph_xvgj3gl0
14812096543,FORWARD_PROPAGATE_LAYER,58,3101452,DSP,graph_xvgj3gl0
14812096543,FORWARD_PROPAGATE_LAYER,59,1999662,DSP,graph_xvgj3gl0
14812096543,FORWARD_PROPAGATE_LAYER,60,2280438,DSP,graph_xvgj3gl0
14812096543,FORWARD_PROPAGATE_LAYER,61,409171,DSP,graph_xvgj3gl0
14812096543,FORWARD_PROPAGATE_LAYER,62,2486642,DSP,graph_xvgj3gl0
14812096543,FORWARD_PROPAGATE_LAYER,63,3398611,DSP,graph_xvgj3gl0
14812096543,FORWARD_PROPAGATE_LAYER,64,1350878,DSP,graph_xvgj3gl0
14812096543,FORWARD_PROPAGATE_LAYER,65,1968392,DSP,graph_xvgj3gl0
14812096543,FORWARD_PROPAGATE_LAYER,66,5564,DSP,graph_xvgj3gl0
14812096543,FORWARD_PROPAGATE_LAYER,67,1143911,DSP,graph_xvgj3gl0
14812096543,FORWARD_PROPAGATE_LAYER,68,488763,DSP,graph_xvgj3gl0
14812096543,FORWARD_PROPAGATE_LAYER,69,1162558,DSP,graph_xvgj3gl0
14812096543,FORWARD_PROPAGATE_LAYER,70,1147669,DSP,graph_xvgj3gl0
14812096543,FORWARD_PROPAGATE_LAYER,71,7170175,DSP,graph_xvgj3gl0
14812096543,FORWARD_PROPAGATE_LAYER,72,1213927,DSP,graph_xvgj3gl0
14812096543,FORWARD_PROPAGATE_LAYER,73,323263,DSP,graph_xvgj3gl0
14812096543,FORWARD_PROPAGATE_LAYER,74,320482,DSP,graph_xvgj3gl0
14812096543,FORWARD_PROPAGATE_LAYER,75,397941,DSP,graph_xvgj3gl0
14812096543,FORWARD_PROPAGATE_LAYER,76,2949780,DSP,graph_xvgj3gl0
14812096543,FORWARD_PROPAGATE_LAYER,77,0,DSP,graph_xvgj3gl0
14812096543,FORWARD_PROPAGATE_LAYER,78,644594,DSP,graph_xvgj3gl0
14812096543,FORWARD_PROPAGATE_LAYER,79,3363042,DSP,graph_xvgj3gl0
14812096543,FORWARD_PROPAGATE_LAYER,80,0,DSP,graph_xvgj3gl0
14812096543,FORWARD_PROPAGATE_LAYER,81,665983,DSP,graph_xvgj3gl0
14812096543,FORWARD_PROPAGATE_LAYER,82,3690012,DSP,graph_xvgj3gl0
14812096543,FORWARD_PROPAGATE_LAYER,83,0,DSP,graph_xvgj3gl0
14812096543,FORWARD_PROPAGATE_LAYER,84,600276,DSP,graph_xvgj3gl0
14812096543,FORWARD_PROPAGATE_LAYER,85,2134518,DSP,graph_xvgj3gl0
14812096543,FORWARD_PROPAGATE_LAYER,86,0,DSP,graph_xvgj3gl0
14812096543,FORWARD_PROPAGATE_LAYER,87,541197,DSP,graph_xvgj3gl0
14812096543,FORWARD_PROPAGATE_LAYER,88,0,DSP,graph_xvgj3gl0
14812096543,FORWARD_PROPAGATE_LAYER,89,3081846,DSP,graph_xvgj3gl0
14812096543,FORWARD_PROPAGATE_LAYER,90,1989449,DSP,graph_xvgj3gl0
14812096543,FORWARD_PROPAGATE_LAYER,91,2271302,DSP,graph_xvgj3gl0
14812096543,FORWARD_PROPAGATE_LAYER,92,407115,DSP,graph_xvgj3gl0
14812096543,FORWARD_PROPAGATE_LAYER,93,2497632,DSP,graph_xvgj3gl0
14812096543,FORWARD_PROPAGATE_LAYER,94,3369334,DSP,graph_xvgj3gl0
14812096543,FORWARD_PROPAGATE_LAYER,95,1346233,DSP,graph_xvgj3gl0
14812096543,FORWARD_PROPAGATE_LAYER,96,1972291,DSP,graph_xvgj3gl0
14812096543,FORWARD_PROPAGATE_LAYER,97,4316,DSP,graph_xvgj3gl0
14812096543,FORWARD_PROPAGATE_LAYER,98,1142350,DSP,graph_xvgj3gl0
14812096543,FORWARD_PROPAGATE_LAYER,99,488203,DSP,graph_xvgj3gl0
14812096543,FORWARD_PROPAGATE_LAYER,100,1157537,DSP,graph_xvgj3gl0
14812096543,FORWARD_PROPAGATE_LAYER,101,1159320,DSP,graph_xvgj3gl0
14812096543,FORWARD_PROPAGATE_LAYER,102,7136992,DSP,graph_xvgj3gl0
14812096543,FORWARD_PROPAGATE_LAYER,103,1211884,DSP,graph_xvgj3gl0
14812096543,FORWARD_PROPAGATE_LAYER,104,319600,DSP,graph_xvgj3gl0
14812096543,FORWARD_PROPAGATE_LAYER,105,327909,DSP,graph_xvgj3gl0
14812096543,FORWARD_PROPAGATE_LAYER,106,375354,DSP,graph_xvgj3gl0
14812096543,FORWARD_PROPAGATE_LAYER,107,2955542,DSP,graph_xvgj3gl0
14812096543,FORWARD_PROPAGATE_LAYER,108,0,DSP,graph_xvgj3gl0
14812096543,FORWARD_PROPAGATE_LAYER,109,636782,DSP,graph_xvgj3gl0
14812096543,FORWARD_PROPAGATE_LAYER,110,3360320,DSP,graph_xvgj3gl0
14812096543,FORWARD_PROPAGATE_LAYER,111,0,DSP,graph_xvgj3gl0
14812096543,FORWARD_PROPAGATE_LAYER,112,663247,DSP,graph_xvgj3gl0
14812096543,FORWARD_PROPAGATE_LAYER,113,3670949,DSP,graph_xvgj3gl0
14812096543,FORWARD_PROPAGATE_LAYER,114,0,DSP,graph_xvgj3gl0
14812096543,FORWARD_PROPAGATE_LAYER,115,620212,DSP,graph_xvgj3gl0
14812096543,FORWARD_PROPAGATE_LAYER,116,2188771,DSP,graph_xvgj3gl0
14812096543,FORWARD_PROPAGATE_LAYER,117,0,DSP,graph_xvgj3gl0
14812096543,FORWARD_PROPAGATE_LAYER,118,550553,DSP,graph_xvgj3gl0
14812096543,FORWARD_PROPAGATE_LAYER,119,0,DSP,graph_xvgj3gl0
14812096543,FORWARD_PROPAGATE_LAYER,120,3079773,DSP,graph_xvgj3gl0
14812096543,FORWARD_PROPAGATE_LAYER,121,1978230,DSP,graph_xvgj3gl0
14812096543,FORWARD_PROPAGATE_LAYER,122,2274125,DSP,graph_xvgj3gl0
14812096543,FORWARD_PROPAGATE_LAYER,123,407570,DSP,graph_xvgj3gl0
14812096543,FORWARD_PROPAGATE_LAYER,124,2494676,DSP,graph_xvgj3gl0
14812096543,FORWARD_PROPAGATE_LAYER,125,3386123,DSP,graph_xvgj3gl0
14812096543,FORWARD_PROPAGATE_LAYER,126,1341485,DSP,graph_xvgj3gl0
14812096543,FORWARD_PROPAGATE_LAYER,127,1980746,DSP,graph_xvgj3gl0
14812096543,FORWARD_PROPAGATE_LAYER,128,6462,DSP,graph_xvgj3gl0
14812096543,FORWARD_PROPAGATE_LAYER,129,1148101,DSP,graph_xvgj3gl0
14812096543,FORWARD_PROPAGATE_LAYER,130,492189,DSP,graph_xvgj3gl0
14812096543,FORWARD_PROPAGATE_LAYER,131,1168369,DSP,graph_xvgj3gl0
14812096543,FORWARD_PROPAGATE_LAYER,132,1153607,DSP,graph_xvgj3gl0
14812096543,FORWARD_PROPAGATE_LAYER,133,7148504,DSP,graph_xvgj3gl0
14812096543,FORWARD_PROPAGATE_LAYER,134,1214080,DSP,graph_xvgj3gl0
14812096543,FORWARD_PROPAGATE_LAYER,135,321157,DSP,graph_xvgj3gl0
14812096543,FORWARD_PROPAGATE_LAYER,136,322368,DSP,graph_xvgj3gl0
14812096543,FORWARD_PROPAGATE_LAYER,137,401235,DSP,graph_xvgj3gl0
14812096543,FORWARD_PROPAGATE_LAYER,138,2956967,DSP,graph_xvgj3gl0
14812096543,FORWARD_PROPAGATE_LAYER,139,0,DSP,graph_xvgj3gl0
14812096543,FORWARD_PROPAGATE_LAYER,140,633869,DSP,graph_xvgj3gl0
14812096543,FORWARD_PROPAGATE_LAYER,141,3345340,DSP,graph_xvgj3gl0
14812096543,FORWARD_PROPAGATE_LAYER,142,0,DSP,graph_xvgj3gl0
14812096543,FORWARD_PROPAGATE_LAYER,143,662828,DSP,graph_xvgj3gl0
14812096543,FORWARD_PROPAGATE_LAYER,144,3681906,DSP,graph_xvgj3gl0
14812096543,FORWARD_PROPAGATE_LAYER,145,0,DSP,graph_xvgj3gl0
14812096543,FORWARD_PROPAGATE_LAYER,146,610130,DSP,graph_xvgj3gl0
14812096543,FORWARD_PROPAGATE_LAYER,147,2113113,DSP,graph_xvgj3gl0
14812096543,FORWARD_PROPAGATE_LAYER,148,0,DSP,graph_xvgj3gl0
14812096543,FORWARD_PROPAGATE_LAYER,149,551399,DSP,graph_xvgj3gl0
14812096543,FORWARD_PROPAGATE_LAYER,150,0,DSP,graph_xvgj3gl0
14812096543,FORWARD_PROPAGATE_LAYER,151,3078196,DSP,graph_xvgj3gl0
14812096543,FORWARD_PROPAGATE_LAYER,152,1998122,DSP,graph_xvgj3gl0
14812096543,FORWARD_PROPAGATE_LAYER,153,2278956,DSP,graph_xvgj3gl0
14812096543,FORWARD_PROPAGATE_LAYER,154,408242,DSP,graph_xvgj3gl0
14812096543,FORWARD_PROPAGATE_LAYER,155,2489836,DSP,graph_xvgj3gl0
14812096543,FORWARD_PROPAGATE_LAYER,156,3361297,DSP,graph_xvgj3gl0
14812096543,FORWARD_PROPAGATE_LAYER,157,1342484,DSP,graph_xvgj3gl0
14812096543,FORWARD_PROPAGATE_LAYER,158,1970787,DSP,graph_xvgj3gl0
14812096543,FORWARD_PROPAGATE_LAYER,159,3858,DSP,graph_xvgj3gl0
14812096543,FORWARD_PROPAGATE_LAYER,160,1142978,DSP,graph_xvgj3gl0
14812096543,FORWARD_PROPAGATE_LAYER,161,473864,DSP,graph_xvgj3gl0
14812096543,FORWARD_PROPAGATE_LAYER,162,1170428,DSP,graph_xvgj3gl0
14812096543,FORWARD_PROPAGATE_LAYER,163,1159549,DSP,graph_xvgj3gl0
14812096543,FORWARD_PROPAGATE_LAYER,164,7090298,DSP,graph_xvgj3gl0
14812096543,FORWARD_PROPAGATE_LAYER,165,1217240,DSP,graph_xvgj3gl0
14812096543,FORWARD_PROPAGATE_LAYER,166,326108,DSP,graph_xvgj3gl0
14812096543,FORWARD_PROPAGATE_LAYER,167,323914,DSP,graph_xvgj3gl0
14812096543,FORWARD_PROPAGATE_LAYER,168,380761,DSP,graph_xvgj3gl0
14812096543,FORWARD_PROPAGATE_LAYER,169,2941546,DSP,graph_xvgj3gl0
14812096543,FORWARD_PROPAGATE_LAYER,170,0,DSP,graph_xvgj3gl0
14812096543,FORWARD_PROPAGATE_LAYER,171,640806,DSP,graph_xvgj3gl0
14812096543,FORWARD_PROPAGATE_LAYER,172,3347718,DSP,graph_xvgj3gl0
14812096543,FORWARD_PROPAGATE_LAYER,173,0,DSP,graph_xvgj3gl0
14812096543,FORWARD_PROPAGATE_LAYER,174,659853,DSP,graph_xvgj3gl0
14812096543,FORWARD_PROPAGATE_LAYER,175,3714958,DSP,graph_xvgj3gl0
14812096543,FORWARD_PROPAGATE_LAYER,176,0,DSP,graph_xvgj3gl0
14812096543,FORWARD_PROPAGATE_LAYER,177,600917,DSP,graph_xvgj3gl0
14812096543,FORWARD_PROPAGATE_LAYER,178,2119644,DSP,graph_xvgj3gl0
14812096543,FORWARD_PROPAGATE_LAYER,179,0,DSP,graph_xvgj3gl0
14812096543,FORWARD_PROPAGATE_LAYER,180,546755,DSP,graph_xvgj3gl0
14812096543,FORWARD_PROPAGATE_LAYER,181,0,DSP,graph_xvgj3gl0
14812096543,FORWARD_PROPAGATE_LAYER,182,3098789,DSP,graph_xvgj3gl0
14812096543,FORWARD_PROPAGATE_LAYER,183,1997349,DSP,graph_xvgj3gl0
14812096543,FORWARD_PROPAGATE_LAYER,184,2279162,DSP,graph_xvgj3gl0
14812096543,FORWARD_PROPAGATE_LAYER,185,408734,DSP,graph_xvgj3gl0
14812096543,FORWARD_PROPAGATE_LAYER,186,2512110,DSP,graph_xvgj3gl0
14812096543,FORWARD_PROPAGATE_LAYER,187,3388225,DSP,graph_xvgj3gl0
14812096543,FORWARD_PROPAGATE_LAYER,188,1349680,DSP,graph_xvgj3gl0
14812096543,FORWARD_PROPAGATE_LAYER,189,1967372,DSP,graph_xvgj3gl0
14812096543,FORWARD_PROPAGATE_LAYER,190,5853,DSP,graph_xvgj3gl0
14812096543,FORWARD_PROPAGATE_LAYER,191,1147324,DSP,graph_xvgj3gl0
14812096543,FORWARD_PROPAGATE_LAYER,192,490717,DSP,graph_xvgj3gl0
14812096543,FORWARD_PROPAGATE_LAYER,193,1167408,DSP,graph_xvgj3gl0
14812096543,FORWARD_PROPAGATE_LAYER,194,1172018,DSP,graph_xvgj3gl0
14812096543,FORWARD_PROPAGATE_LAYER,195,7096071,DSP,graph_xvgj3gl0
14812096543,FORWARD_PROPAGATE_LAYER,196,1219202,DSP,graph_xvgj3gl0
14812096543,FORWARD_PROPAGATE_LAYER,197,330738,DSP,graph_xvgj3gl0
14812096543,FORWARD_PROPAGATE_LAYER,198,334949,DSP,graph_xvgj3gl0
14812096543,FORWARD_PROPAGATE_LAYER,199,397338,DSP,graph_xvgj3gl0
14812096543,FORWARD_PROPAGATE_LAYER,200,2951059,DSP,graph_xvgj3gl0
14812096543,FORWARD_PROPAGATE_LAYER,201,0,DSP,graph_xvgj3gl0
14812096543,FORWARD_PROPAGATE_LAYER,202,634930,DSP,graph_xvgj3gl0
14812096543,FORWARD_PROPAGATE_LAYER,203,3348667,DSP,graph_xvgj3gl0
14812096543,FORWARD_PROPAGATE_LAYER,204,0,DSP,graph_xvgj3gl0
14812096543,FORWARD_PROPAGATE_LAYER,205,664513,DSP,graph_xvgj3gl0
14812096543,FORWARD_PROPAGATE_LAYER,206,3664611,DSP,graph_xvgj3gl0
14812096543,FORWARD_PROPAGATE_LAYER,207,0,DSP,graph_xvgj3gl0
14812096543,FORWARD_PROPAGATE_LAYER,208,599677,DSP,graph_xvgj3gl0
14812096543,FORWARD_PROPAGATE_LAYER,209,2128713,DSP,graph_xvgj3gl0
14812096543,FORWARD_PROPAGATE_LAYER,210,0,DSP,graph_xvgj3gl0
14812096543,FORWARD_PROPAGATE_LAYER,211,539746,DSP,graph_xvgj3gl0
14812096543,FORWARD_PROPAGATE_LAYER,212,0,DSP,graph_xvgj3gl0
14812096543,FORWARD_PROPAGATE_LAYER,213,3088860,DSP,graph_xvgj3gl0
14812096543,FORWARD_PROPAGATE_LAYER,214,1996756,DSP,graph_xvgj3gl0
14812096543,FORWARD_PROPAGATE_LAYER,215,2291703,DSP,graph_xvgj3gl0
14812096543,FORWARD_PROPAGATE_LAYER,216,411729,DSP,graph_xvgj3gl0
14812096543,FORWARD_PROPAGATE_LAYER,217,2483926,DSP,graph_xvgj3gl0
14812096543,FORWARD_PROPAGATE_LAYER,218,3390353,DSP,graph_xvgj3gl0
14812096543,FORWARD_PROPAGATE_LAYER,219,1358153,DSP,graph_xvgj3gl0
14812096543,FORWARD_PROPAGATE_LAYER,220,1975137,DSP,graph_xvgj3gl0
14812096543,FORWARD_PROPAGATE_LAYER,221,5298,DSP,graph_xvgj3gl0
14812096543,FORWARD_PROPAGATE_LAYER,222,1140172,DSP,graph_xvgj3gl0
14812096543,FORWARD_PROPAGATE_LAYER,223,484889,DSP,graph_xvgj3gl0
14812096543,FORWARD_PROPAGATE_LAYER,224,1155917,DSP,graph_xvgj3gl0
14812096543,FORWARD_PROPAGATE_LAYER,225,1159453,DSP,graph_xvgj3gl0
14812096543,FORWARD_PROPAGATE_LAYER,226,7132315,DSP,graph_xvgj3gl0
14812096543,FORWARD_PROPAGATE_LAYER,227,1212783,DSP,graph_xvgj3gl0
14812096543,FORWARD_PROPAGATE_LAYER,228,331674,DSP,graph_xvgj3gl0
14812096543,FORWARD_PROPAGATE_LAYER,229,332882,DSP,graph_xvgj3gl0
14812096543,FORWARD_PROPAGATE_LAYER,230,412237,DSP,graph_xvgj3gl0
14812096543,FORWARD_PROPAGATE_LAYER,231,2965861,DSP,graph_xvgj3gl0
14812096543,FORWARD_PROPAGATE_LAYER,232,0,DSP,graph_xvgj3gl0
14812096543,FORWARD_PROPAGATE_LAYER,233,568438,DSP,graph_xvgj3gl0
14812096543,FORWARD_PROPAGATE_LAYER,234,3362192,DSP,graph_xvgj3gl0
14812096543,FORWARD_PROPAGATE_LAYER,235,0,DSP,graph_xvgj3gl0
14812096543,FORWARD_PROPAGATE_LAYER,236,656239,DSP,graph_xvgj3gl0
14812096543,FORWARD_PROPAGATE_LAYER,237,3688760,DSP,graph_xvgj3gl0
14812096543,FORWARD_PROPAGATE_LAYER,238,0,DSP,graph_xvgj3gl0
14812096543,FORWARD_PROPAGATE_LAYER,239,612791,DSP,graph_xvgj3gl0
14812096543,FORWARD_PROPAGATE_LAYER,240,2168000,DSP,graph_xvgj3gl0
14812096543,FORWARD_PROPAGATE_LAYER,241,0,DSP,graph_xvgj3gl0
14812096543,FORWARD_PROPAGATE_LAYER,242,562705,DSP,graph_xvgj3gl0
14812096543,FORWARD_PROPAGATE_LAYER,243,0,DSP,graph_xvgj3gl0
14812096543,FORWARD_PROPAGATE_LAYER,244,3082087,DSP,graph_xvgj3gl0
14812096543,FORWARD_PROPAGATE_LAYER,245,2015056,DSP,graph_xvgj3gl0
14812096543,FORWARD_PROPAGATE_LAYER,246,2280509,DSP,graph_xvgj3gl0
14812096543,FORWARD_PROPAGATE_LAYER,247,411373,DSP,graph_xvgj3gl0
14812096543,FORWARD_PROPAGATE_LAYER,248,2475414,DSP,graph_xvgj3gl0
14812096543,FORWARD_PROPAGATE_LAYER,249,3340903,DSP,graph_xvgj3gl0
14812096543,FORWARD_PROPAGATE_LAYER,250,1357107,DSP,graph_xvgj3gl0
14812096543,FORWARD_PROPAGATE_LAYER,251,1961278,DSP,graph_xvgj3gl0
14812096543,FORWARD_PROPAGATE_LAYER,252,5120,DSP,graph_xvgj3gl0
14812096543,FORWARD_PROPAGATE_LAYER,253,1145170,DSP,graph_xvgj3gl0
14812096543,FORWARD_PROPAGATE_LAYER,254,487248,DSP,graph_xvgj3gl0
14812096543,FORWARD_PROPAGATE_LAYER,255,1162613,DSP,graph_xvgj3gl0
14812096543,FORWARD_PROPAGATE_LAYER,256,1163815,DSP,graph_xvgj3gl0
14812096543,FORWARD_PROPAGATE_LAYER,257,7111710,DSP,graph_xvgj3gl0
14812096543,FORWARD_PROPAGATE_LAYER,258,1213812,DSP,graph_xvgj3gl0
14812096543,FORWARD_PROPAGATE_LAYER,259,341777,DSP,graph_xvgj3gl0
14812096543,FORWARD_PROPAGATE_LAYER,260,335369,DSP,graph_xvgj3gl0
14812096543,FORWARD_PROPAGATE_LAYER,261,72548,DSP,graph_xvgj3gl0
14812096543,FORWARD_PROPAGATE_LAYER,262,20758527,DSP,graph_xvgj3gl0
14812096543,FORWARD_PROPAGATE_LAYER,263,0,DSP,graph_xvgj3gl0
14812096543,FORWARD_PROPAGATE_LAYER,264,4536064,DSP,graph_xvgj3gl0
14812096543,FORWARD_PROPAGATE_LAYER,265,34913537,DSP,graph_xvgj3gl0
14812096543,FORWARD_PROPAGATE_LAYER,266,0,DSP,graph_xvgj3gl0
14812096543,FORWARD_PROPAGATE_LAYER,267,3871526,DSP,graph_xvgj3gl0
14812096543,FORWARD_PROPAGATE_LAYER,268,0,DSP,graph_xvgj3gl0
14812096543,FORWARD_PROPAGATE_LAYER,269,1547376,DSP,graph_xvgj3gl0
14812096543,FORWARD_PROPAGATE_LAYER,270,381321,DSP,graph_xvgj3gl0
14812096543,FORWARD_PROPAGATE_LAYER,271,0,DSP,graph_xvgj3gl0
14812096543,FORWARD_PROPAGATE_LAYER,272,1221511,DSP,graph_xvgj3gl0
14812096543,FORWARD_PROPAGATE_LAYER,273,837438,DSP,graph_xvgj3gl0
14812096543,FORWARD_PROPAGATE_LAYER,274,1387096,DSP,graph_xvgj3gl0
14812096543,FORWARD_PROPAGATE_LAYER,275,850422,DSP,graph_xvgj3gl0
14812096543,FORWARD_PROPAGATE_LAYER,276,1483168,DSP,graph_xvgj3gl0
14812096543,EXECUTE_TIME_SUBNET_0,-1,458886194,DSP,graph_xvgj3gl0
14812096543,TOTAL_INFERENCE_TIME,-1,188141,us,graph_xvgj3gl0
14812096543,FORWARD_PROPAGATE,-1,188121,us,graph_xvgj3gl0
14812096543,FORWARD_PROPAGATE_LAYER,0,1000752,DSP,graph_xvgj3gl0
14812096543,FORWARD_PROPAGATE_LAYER,1,1381779,DSP,graph_xvgj3gl0
14812096543,FORWARD_PROPAGATE_LAYER,2,1210529,DSP,graph_xvgj3gl0
14812096543,FORWARD_PROPAGATE_LAYER,3,3011834,DSP,graph_xvgj3gl0
14812096543,FORWARD_PROPAGATE_LAYER,4,827355,DSP,graph_xvgj3gl0
14812096543,FORWARD_PROPAGATE_LAYER,5,5095346,DSP,graph_xvgj3gl0
14812096543,FORWARD_PROPAGATE_LAYER,6,962488,DSP,graph_xvgj3gl0
14812096543,FORWARD_PROPAGATE_LAYER,7,5493692,DSP,graph_xvgj3gl0
14812096543,FORWARD_PROPAGATE_LAYER,8,0,DSP,graph_xvgj3gl0
14812096543,FORWARD_PROPAGATE_LAYER,9,1490655,DSP,graph_xvgj3gl0
14812096543,FORWARD_PROPAGATE_LAYER,10,0,DSP,graph_xvgj3gl0
14812096543,FORWARD_PROPAGATE_LAYER,11,4159471,DSP,graph_xvgj3gl0
14812096543,FORWARD_PROPAGATE_LAYER,12,0,DSP,graph_xvgj3gl0
14812096543,FORWARD_PROPAGATE_LAYER,13,4053015,DSP,graph_xvgj3gl0
14812096543,FORWARD_PROPAGATE_LAYER,14,3374326,DSP,graph_xvgj3gl0
14812096543,FORWARD_PROPAGATE_LAYER,15,0,DSP,graph_xvgj3gl0
14812096543,FORWARD_PROPAGATE_LAYER,16,617091,DSP,graph_xvgj3gl0
14812096543,FORWARD_PROPAGATE_LAYER,17,3349415,DSP,graph_xvgj3gl0
14812096543,FORWARD_PROPAGATE_LAYER,18,0,DSP,graph_xvgj3gl0
14812096543,FORWARD_PROPAGATE_LAYER,19,605953,DSP,graph_xvgj3gl0
14812096543,FORWARD_PROPAGATE_LAYER,20,3571009,DSP,graph_xvgj3gl0
14812096543,FORWARD_PROPAGATE_LAYER,21,0,DSP,graph_xvgj3gl0
14812096543,FORWARD_PROPAGATE_LAYER,22,551316,DSP,graph_xvgj3gl0
14812096543,FORWARD_PROPAGATE_LAYER,23,2068749,DSP,graph_xvgj3gl0
14812096543,FORWARD_PROPAGATE_LAYER,24,0,DSP,graph_xvgj3gl0
14812096543,FORWARD_PROPAGATE_LAYER,25,508925,DSP,graph_xvgj3gl0
14812096543,FORWARD_PROPAGATE_LAYER,26,0,DSP,graph_xvgj3gl0
14812096543,FORWARD_PROPAGATE_LAYER,27,3083721,DSP,graph_xvgj3gl0
14812096543,FORWARD_PROPAGATE_LAYER,28,1979182,DSP,graph_xvgj3gl0
14812096543,FORWARD_PROPAGATE_LAYER,29,2228321,DSP,graph_xvgj3gl0
14812096543,FORWARD_PROPAGATE_LAYER,30,417021,DSP,graph_xvgj3gl0
14812096543,FORWARD_PROPAGATE_LAYER,31,2478131,DSP,graph_xvgj3gl0
14812096543,FORWARD_PROPAGATE_LAYER,32,3382400,DSP,graph_xvgj3gl0
14812096543,FORWARD_PROPAGATE_LAYER,33,1356018,DSP,graph_xvgj3gl0
14812096543,FORWARD_PROPAGATE_LAYER,34,1980529,DSP,graph_xvgj3gl0
14812096543,FORWARD_PROPAGATE_LAYER,35,6467,DSP,graph_xvgj3gl0
14812096543,FORWARD_PROPAGATE_LAYER,36,1149822,DSP,graph_xvgj3gl0
14812096543,FORWARD_PROPAGATE_LAYER,37,477024,DSP,graph_xvgj3gl0
14812096543,FORWARD_PROPAGATE_LAYER,38,1163973,DSP,graph_xvgj3gl0
14812096543,FORWARD_PROPAGATE_LAYER,39,1147906,DSP,graph_xvgj3gl0
14812096543,FORWARD_PROPAGATE_LAYER,40,7065571,DSP,graph_xvgj3gl0
14812096543,FORWARD_PROPAGATE_LAYER,41,1213053,DSP,graph_xvgj3gl0
14812096543,FORWARD_PROPAGATE_LAYER,42,326399,DSP,graph_xvgj3gl0
14812096543,FORWARD_PROPAGATE_LAYER,43,319831,DSP,graph_xvgj3gl0
14812096543,FORWARD_PROPAGATE_LAYER,44,420847,DSP,graph_xvgj3gl0
14812096543,FORWARD_PROPAGATE_LAYER,45,2930298,DSP,graph_xvgj3gl0
14812096543,FORWARD_PROPAGATE_LAYER,46,0,DSP,graph_xvgj3gl0
14812096543,FORWARD_PROPAGATE_LAYER,47,644038,DSP,graph_xvgj3gl0
14812096543,FORWARD_PROPAGATE_LAYER,48,3371746,DSP,graph_xvgj3gl0
14812096543,FORWARD_PROPAGATE_LAYER,49,0,DSP,graph_xvgj3gl0
14812096543,FORWARD_PROPAGATE_LAYER,50,669275,DSP,graph_xvgj3gl0
14812096543,FORWARD_PROPAGATE_LAYER,51,3663627,DSP,graph_xvgj3gl0
14812096543,FORWARD_PROPAGATE_LAYER,52,0,DSP,graph_xvgj3gl0
14812096543,FORWARD_PROPAGATE_LAYER,53,598282,DSP,graph_xvgj3gl0
14812096543,FORWARD_PROPAGATE_LAYER,54,2111471,DSP,graph_xvgj3gl0
14812096543,FORWARD_PROPAGATE_LAYER,55,0,DSP,graph_xvgj3gl0
14812096543,FORWARD_PROPAGATE_LAYER,56,551994,DSP,graph_xvgj3gl0
14812096543,FORWARD_PROPAGATE_LAYER,57,0,DSP,graph_xvgj3gl0
14812096543,FORWARD_PROPAGATE_LAYER,58,3082425,DSP,graph_xvgj3gl0
14812096543,FORWARD_PROPAGATE_LAYER,59,1995078,DSP,graph_xvgj3gl0
14812096543,FORWARD_PROPAGATE_LAYER,60,2281490,DSP,graph_xvgj3gl0
14812096543,FORWARD_PROPAGATE_LAYER,61,410993,DSP,graph_xvgj3gl0
14812096543,FORWARD_PROPAGATE_LAYER,62,2479182,DSP,graph_xvgj3gl0
14812096543,FORWARD_PROPAGATE_LAYER,63,3360826,DSP,graph_xvgj3gl0
14812096543,FORWARD_PROPAGATE_LAYER,64,1349705,DSP,graph_xvgj3gl0
14812096543,FORWARD_PROPAGATE_LAYER,65,1975565,DSP,graph_xvgj3gl0
14812096543,FORWARD_PROPAGATE_LAYER,66,5417,DSP,graph_xvgj3gl0
14812096543,FORWARD_PROPAGATE_LAYER,67,1141978,DSP,graph_xvgj3gl0
14812096543,FORWARD_PROPAGATE_LAYER,68,496789,DSP,graph_xvgj3gl0
14812096543,FORWARD_PROPAGATE_LAYER,69,1168543,DSP,graph_xvgj3gl0
14812096543,FORWARD_PROPAGATE_LAYER,70,1150203,DSP,graph_xvgj3gl0
14812096543,FORWARD_PROPAGATE_LAYER,71,7167219,DSP,graph_xvgj3gl0
14812096543,FORWARD_PROPAGATE_LAYER,72,1213066,DSP,graph_xvgj3gl0
14812096543,FORWARD_PROPAGATE_LAYER,73,321708,DSP,graph_xvgj3gl0
14812096543,FORWARD_PROPAGATE_LAYER,74,326442,DSP,graph_xvgj3gl0
14812096543,FORWARD_PROPAGATE_LAYER,75,389842,DSP,graph_xvgj3gl0
14812096543,FORWARD_PROPAGATE_LAYER,76,2946375,DSP,graph_xvgj3gl0
14812096543,FORWARD_PROPAGATE_LAYER,77,0,DSP,graph_xvgj3gl0
14812096543,FORWARD_PROPAGATE_LAYER,78,641880,DSP,graph_xvgj3gl0
14812096543,FORWARD_PROPAGATE_LAYER,79,3359395,DSP,graph_xvgj3gl0
14812096543,FORWARD_PROPAGATE_LAYER,80,0,DSP,graph_xvgj3gl0
14812096543,FORWARD_PROPAGATE_LAYER,81,668307,DSP,graph_xvgj3gl0
14812096543,FORWARD_PROPAGATE_LAYER,82,3684411,DSP,graph_xvgj3gl0
14812096543,FORWARD_PROPAGATE_LAYER,83,0,DSP,graph_xvgj3gl0
14812096543,FORWARD_PROPAGATE_LAYER,84,602673,DSP,graph_xvgj3gl0
14812096543,FORWARD_PROPAGATE_LAYER,85,2125596,DSP,graph_xvgj3gl0
14812096543,FORWARD_PROPAGATE_LAYER,86,0,DSP,graph_xvgj3gl0
14812096543,FORWARD_PROPAGATE_LAYER,87,550099,DSP,graph_xvgj3gl0
14812096543,FORWARD_PROPAGATE_LAYER,88,0,DSP,graph_xvgj3gl0
14812096543,FORWARD_PROPAGATE_LAYER,89,3086569,DSP,graph_xvgj3gl0
14812096543,FORWARD_PROPAGATE_LAYER,90,1990708,DSP,graph_xvgj3gl0
14812096543,FORWARD_PROPAGATE_LAYER,91,2270826,DSP,graph_xvgj3gl0
14812096543,FORWARD_PROPAGATE_LAYER,92,408664,DSP,graph_xvgj3gl0
14812096543,FORWARD_PROPAGATE_LAYER,93,2496179,DSP,graph_xvgj3gl0
14812096543,FORWARD_PROPAGATE_LAYER,94,3349743,DSP,graph_xvgj3gl0
14812096543,FORWARD_PROPAGATE_LAYER,95,1345850,DSP,graph_xvgj3gl0
14812096543,FORWARD_PROPAGATE_LAYER,96,1964344,DSP,graph_xvgj3gl0
14812096543,FORWARD_PROPAGATE_LAYER,97,4845,DSP,graph_xvgj3gl0
14812096543,FORWARD_PROPAGATE_LAYER,98,1144651,DSP,graph_xvgj3gl0
14812096543,FORWARD_PROPAGATE_LAYER,99,486202,DSP,graph_xvgj3gl0
14812096543,FORWARD_PROPAGATE_LAYER,100,1156497,DSP,graph_xvgj3gl0
14812096543,FORWARD_PROPAGATE_LAYER,101,1162668,DSP,graph_xvgj3gl0
14812096543,FORWARD_PROPAGATE_LAYER,102,7131604,DSP,graph_xvgj3gl0
14812096543,FORWARD_PROPAGATE_LAYER,103,1212873,DSP,graph_xvgj3gl0
14812096543,FORWARD_PROPAGATE_LAYER,104,322114,DSP,graph_xvgj3gl0
14812096543,FORWARD_PROPAGATE_LAYER,105,326972,DSP,graph_xvgj3gl0
14812096543,FORWARD_PROPAGATE_LAYER,106,377255,DSP,graph_xvgj3gl0
14812096543,FORWARD_PROPAGATE_LAYER,107,2945131,DSP,graph_xvgj3gl0
14812096543,FORWARD_PROPAGATE_LAYER,108,0,DSP,graph_xvgj3gl0
14812096543,FORWARD_PROPAGATE_LAYER,109,639752,DSP,graph_xvgj3gl0
14812096543,FORWARD_PROPAGATE_LAYER,110,3354263,DSP,graph_xvgj3gl0
14812096543,FORWARD_PROPAGATE_LAYER,111,0,DSP,graph_xvgj3gl0
14812096543,FORWARD_PROPAGATE_LAYER,112,664770,DSP,graph_xvgj3gl0
14812096543,FORWARD_PROPAGATE_LAYER,113,3703725,DSP,graph_xvgj3gl0
14812096543,FORWARD_PROPAGATE_LAYER,114,0,DSP,graph_xvgj3gl0
14812096543,FORWARD_PROPAGATE_LAYER,115,596920,DSP,graph_xvgj3gl0
14812096543,FORWARD_PROPAGATE_LAYER,116,2140470,DSP,graph_xvgj3gl0
14812096543,FORWARD_PROPAGATE_LAYER,117,0,DSP,graph_xvgj3gl0
14812096543,FORWARD_PROPAGATE_LAYER,118,549129,DSP,graph_xvgj3gl0
14812096543,FORWARD_PROPAGATE_LAYER,119,0,DSP,graph_xvgj3gl0
14812096543,FORWARD_PROPAGATE_LAYER,120,3070715,DSP,graph_xvgj3gl0
14812096543,FORWARD_PROPAGATE_LAYER,121,1979411,DSP,graph_xvgj3gl0
14812096543,FORWARD_PROPAGATE_LAYER,122,2272704,DSP,graph_xvgj3gl0
14812096543,FORWARD_PROPAGATE_LAYER,123,409960,DSP,graph_xvgj3gl0
14812096543,FORWARD_PROPAGATE_LAYER,124,2490056,DSP,graph_xvgj3gl0
14812096543,FORWARD_PROPAGATE_LAYER,125,3395453,DSP,graph_xvgj3gl0
14812096543,FORWARD_PROPAGATE_LAYER,126,1341743,DSP,graph_xvgj3gl0
14812096543,FORWARD_PROPAGATE_LAYER,127,1978955,DSP,graph_xvgj3gl0
14812096543,FORWARD_PROPAGATE_LAYER,128,6323,DSP,graph_xvgj3gl0
14812096543,FORWARD_PROPAGATE_LAYER,129,1145134,DSP,graph_xvgj3gl0
14812096543,FORWARD_PROPAGATE_LAYER,130,487280,DSP,graph_xvgj3gl0
14812096543,FORWARD_PROPAGATE_LAYER,131,1164114,DSP,graph_xvgj3gl0
14812096543,FORWARD_PROPAGATE_LAYER,132,1150991,DSP,graph_xvgj3gl0
14812096543,FORWARD_PROPAGATE_LAYER,133,7149630,DSP,graph_xvgj3gl0
14812096543,FORWARD_PROPAGATE_LAYER,134,1215416,DSP,graph_xvgj3gl0
14812096543,FORWARD_PROPAGATE_LAYER,135,321747,DSP,graph_xvgj3gl0
14812096543,FORWARD_PROPAGATE_LAYER,136,320425,DSP,graph_xvgj3gl0
14812096543,FORWARD_PROPAGATE_LAYER,137,400102,DSP,graph_xvgj3gl0
14812096543,FORWARD_PROPAGATE_LAYER,138,2961725,DSP,graph_xvgj3gl0
14812096543,FORWARD_PROPAGATE_LAYER,139,0,DSP,graph_xvgj3gl0
14812096543,FORWARD_PROPAGATE_LAYER,140,634713,DSP,graph_xvgj3gl0
14812096543,FORWARD_PROPAGATE_LAYER,141,3347255,DSP,graph_xvgj3gl0
14812096543,FORWARD_PROPAGATE_LAYER,142,0,DSP,graph_xvgj3gl0
14812096543,FORWARD_PROPAGATE_LAYER,143,660057,DSP,graph_xvgj3gl0
14812096543,FORWARD_PROPAGATE_LAYER,144,3685762,DSP,graph_xvgj3gl0
14812096543,FORWARD_PROPAGATE_LAYER,145,0,DSP,graph_xvgj3gl0
14812096543,FORWARD_PROPAGATE_LAYER,146,611203,DSP,graph_xvgj3gl0
14812096543,FORWARD_PROPAGATE_LAYER,147,2112088,DSP,graph_xvgj3gl0
14812096543,FORWARD_PROPAGATE_LAYER,148,0,DSP,graph_xvgj3gl0
14812096543,FORWARD_PROPAGATE_LAYER,149,548845,DSP,graph_xvgj3gl0
14812096543,FORWARD_PROPAGATE_LAYER,150,0,DSP,graph_xvgj3gl0
14812096543,FORWARD_PROPAGATE_LAYER,151,3099675,DSP,graph_xvgj3gl0
14812096543,FORWARD_PROPAGATE_LAYER,152,1996587,DSP,graph_xvgj3gl0
14812096543,FORWARD_PROPAGATE_LAYER,153,2284037,DSP,graph_xvgj3gl0
14812096543,FORWARD_PROPAGATE_LAYER,154,408361,DSP,graph_xvgj3gl0
14812096543,FORWARD_PROPAGATE_LAYER,155,2482697,DSP,graph_xvgj3gl0
14812096543,FORWARD_PROPAGATE_LAYER,156,3361166,DSP,graph_xvgj3gl0
14812096543,FORWARD_PROPAGATE_LAYER,157,1356183,DSP,graph_xvgj3gl0
14812096543,FORWARD_PROPAGATE_LAYER,158,1971472,DSP,graph_xvgj3gl0
14812096543,FORWARD_PROPAGATE_LAYER,159,3902,DSP,graph_xvgj3gl0
14812096543,FORWARD_PROPAGATE_LAYER,160,1140808,DSP,graph_xvgj3gl0
14812096543,FORWARD_PROPAGATE_LAYER,161,474088,DSP,graph_xvgj3gl0
14812096543,FORWARD_PROPAGATE_LAYER,162,1164571,DSP,graph_xvgj3gl0
14812096543,FORWARD_PROPAGATE_LAYER,163,1155689,DSP,graph_xvgj3gl0
14812096543,FORWARD_PROPAGATE_LAYER,164,7082811,DSP,graph_xvgj3gl0
14812096543,FORWARD_PROPAGATE_LAYER,165,1214353,DSP,graph_xvgj3gl0
14812096543,FORWARD_PROPAGATE_LAYER,166,328408,DSP,graph_xvgj3gl0
14812096543,FORWARD_PROPAGATE_LAYER,167,322221,DSP,graph_xvgj3gl0
14812096543,FORWARD_PROPAGATE_LAYER,168,380462,DSP,graph_xvgj3gl0
14812096543,FORWARD_PROPAGATE_LAYER,169,2930918,DSP,graph_xvgj3gl0
14812096543,FORWARD_PROPAGATE_LAYER,170,0,DSP,graph_xvgj3gl0
14812096543,FORWARD_PROPAGATE_LAYER,171,637424,DSP,graph_xvgj3gl0
14812096543,FORWARD_PROPAGATE_LAYER,172,3341741,DSP,graph_xvgj3gl0
14812096543,FORWARD_PROPAGATE_LAYER,173,0,DSP,graph_xvgj3gl0
14812096543,FORWARD_PROPAGATE_LAYER,174,659589,DSP,graph_xvgj3gl0
14812096543,FORWARD_PROPAGATE_LAYER,175,3677163,DSP,graph_xvgj3gl0
14812096543,FORWARD_PROPAGATE_LAYER,176,0,DSP,graph_xvgj3gl0
14812096543,FORWARD_PROPAGATE_LAYER,177,610548,DSP,graph_xvgj3gl0
14812096543,FORWARD_PROPAGATE_LAYER,178,2118340,DSP,graph_xvgj3gl0
14812096543,FORWARD_PROPAGATE_LAYER,179,0,DSP,graph_xvgj3gl0
14812096543,FORWARD_PROPAGATE_LAYER,180,540495,DSP,graph_xvgj3gl0
14812096543,FORWARD_PROPAGATE_LAYER,181,0,DSP,graph_xvgj3gl0
14812096543,FORWARD_PROPAGATE_LAYER,182,3084049,DSP,graph_xvgj3gl0
14812096543,FORWARD_PROPAGATE_LAYER,183,1997531,DSP,graph_xvgj3gl0
14812096543,FORWARD_PROPAGATE_LAYER,184,2279544,DSP,graph_xvgj3gl0
14812096543,FORWARD_PROPAGATE_LAYER,185,408620,DSP,graph_xvgj3gl0
14812096543,FORWARD_PROPAGATE_LAYER,186,2504356,DSP,graph_xvgj3gl0
14812096543,FORWARD_PROPAGATE_LAYER,187,3397022,DSP,graph_xvgj3gl0
14812096543,FORWARD_PROPAGATE_LAYER,188,1365775,DSP,graph_xvgj3gl0
14812096543,FORWARD_PROPAGATE_LAYER,189,1970366,DSP,graph_xvgj3gl0
14812096543,FORWARD_PROPAGATE_LAYER,190,4873,DSP,graph_xvgj3gl0
14812096543,FORWARD_PROPAGATE_LAYER,191,1147127,DSP,graph_xvgj3gl0
14812096543,FORWARD_PROPAGATE_LAYER,192,492310,DSP,graph_xvgj3gl0
14812096543,FORWARD_PROPAGATE_LAYER,193,1161350,DSP,graph_xvgj3gl0
14812096543,FORWARD_PROPAGATE_LAYER,194,1162515,DSP,graph_xvgj3gl0
14812096543,FORWARD_PROPAGATE_LAYER,195,7103927,DSP,graph_xvgj3gl0
14812096543,FORWARD_PROPAGATE_LAYER,196,1219345,DSP,graph_xvgj3gl0
14812096543,FORWARD_PROPAGATE_LAYER,197,330993,DSP,graph_xvgj3gl0
14812096543,FORWARD_PROPAGATE_LAYER,198,339094,DSP,graph_xvgj3gl0
14812096543,FORWARD_PROPAGATE_LAYER,199,396194,DSP,graph_xvgj3gl0
14812096543,FORWARD_PROPAGATE_LAYER,200,2938611,DSP,graph_xvgj3gl0
14812096543,FORWARD_PROPAGATE_LAYER,201,0,DSP,graph_xvgj3gl0
14812096543,FORWARD_PROPAGATE_LAYER,202,638433,DSP,graph_xvgj3gl0
14812096543,FORWARD_PROPAGATE_LAYER,203,3365434,DSP,graph_xvgj3gl0
14812096543,FORWARD_PROPAGATE_LAYER,204,0,DSP,graph_xvgj3gl0
14812096543,FORWARD_PROPAGATE_LAYER,205,668706,DSP,graph_xvgj3gl0
14812096543,FORWARD_PROPAGATE_LAYER,206,3670065,DSP,graph_xvgj3gl0
14812096543,FORWARD_PROPAGATE_LAYER,207,0,DSP,graph_xvgj3gl0
14812096543,FORWARD_PROPAGATE_LAYER,208,614623,DSP,graph_xvgj3gl0
14812096543,FORWARD_PROPAGATE_LAYER,209,2129123,DSP,graph_xvgj3gl0
14812096543,FORWARD_PROPAGATE_LAYER,210,0,DSP,graph_xvgj3gl0
14812096543,FORWARD_PROPAGATE_LAYER,211,554411,DSP,graph_xvgj3gl0
14812096543,FORWARD_PROPAGATE_LAYER,212,0,DSP,graph_xvgj3gl0
14812096543,FORWARD_PROPAGATE_LAYER,213,3071408,DSP,graph_xvgj3gl0
14812096543,FORWARD_PROPAGATE_LAYER,214,1997561,DSP,graph_xvgj3gl0
14812096543,FORWARD_PROPAGATE_LAYER,215,2290186,DSP,graph_xvgj3gl0
14812096543,FORWARD_PROPAGATE_LAYER,216,410886,DSP,graph_xvgj3gl0
14812096543,FORWARD_PROPAGATE_LAYER,217,2481346,DSP,graph_xvgj3gl0
14812096543,FORWARD_PROPAGATE_LAYER,218,3376312,DSP,graph_xvgj3gl0
14812096543,FORWARD_PROPAGATE_LAYER,219,1345345,DSP,graph_xvgj3gl0
14812096543,FORWARD_PROPAGATE_LAYER,220,1975073,DSP,graph_xvgj3gl0
14812096543,FORWARD_PROPAGATE_LAYER,221,6037,DSP,graph_xvgj3gl0
14812096543,FORWARD_PROPAGATE_LAYER,222,1144307,DSP,graph_xvgj3gl0
14812096543,FORWARD_PROPAGATE_LAYER,223,485617,DSP,graph_xvgj3gl0
14812096543,FORWARD_PROPAGATE_LAYER,224,1153769,DSP,graph_xvgj3gl0
14812096543,FORWARD_PROPAGATE_LAYER,225,1155780,DSP,graph_xvgj3gl0
14812096543,FORWARD_PROPAGATE_LAYER,226,7131245,DSP,graph_xvgj3gl0
14812096543,FORWARD_PROPAGATE_LAYER,227,1210996,DSP,graph_xvgj3gl0
14812096543,FORWARD_PROPAGATE_LAYER,228,332513,DSP,graph_xvgj3gl0
14812096543,FORWARD_PROPAGATE_LAYER,229,336129,DSP,graph_xvgj3gl0
14812096543,FORWARD_PROPAGATE_LAYER,230,411812,DSP,graph_xvgj3gl0
14812096543,FORWARD_PROPAGATE_LAYER,231,2951908,DSP,graph_xvgj3gl0
14812096543,FORWARD_PROPAGATE_LAYER,232,0,DSP,graph_xvgj3gl0
14812096543,FORWARD_PROPAGATE_LAYER,233,569375,DSP,graph_xvgj3gl0
14812096543,FORWARD_PROPAGATE_LAYER,234,3352934,DSP,graph_xvgj3gl0
14812096543,FORWARD_PROPAGATE_LAYER,235,0,DSP,graph_xvgj3gl0
14812096543,FORWARD_PROPAGATE_LAYER,236,657507,DSP,graph_xvgj3gl0
14812096543,FORWARD_PROPAGATE_LAYER,237,3665229,DSP,graph_xvgj3gl0
14812096543,FORWARD_PROPAGATE_LAYER,238,0,DSP,graph_xvgj3gl0
14812096543,FORWARD_PROPAGATE_LAYER,239,598923,DSP,graph_xvgj3gl0
14812096543,FORWARD_PROPAGATE_LAYER,240,2116391,DSP,graph_xvgj3gl0
14812096543,FORWARD_PROPAGATE_LAYER,241,0,DSP,graph_xvgj3gl0
14812096543,FORWARD_PROPAGATE_LAYER,242,564840,DSP,graph_xvgj3gl0
14812096543,FORWARD_PROPAGATE_LAYER,243,0,DSP,graph_xvgj3gl0
14812096543,FORWARD_PROPAGATE_LAYER,244,3078165,DSP,graph_xvgj3gl0
14812096543,FORWARD_PROPAGATE_LAYER,245,2016392,DSP,graph_xvgj3gl0
14812096543,FORWARD_PROPAGATE_LAYER,246,2278100,DSP,graph_xvgj3gl0
14812096543,FORWARD_PROPAGATE_LAYER,247,412828,DSP,graph_xvgj3gl0
14812096543,FORWARD_PROPAGATE_LAYER,248,2467079,DSP,graph_xvgj3gl0
14812096543,FORWARD_PROPAGATE_LAYER,249,3365253,DSP,graph_xvgj3gl0
14812096543,FORWARD_PROPAGATE_LAYER,250,1344433,DSP,graph_xvgj3gl0
14812096543,FORWARD_PROPAGATE_LAYER,251,1967998,DSP,graph_xvgj3gl0
14812096543,FORWARD_PROPAGATE_LAYER,252,3919,DSP,graph_xvgj3gl0
14812096543,FORWARD_PROPAGATE_LAYER,253,1144842,DSP,graph_xvgj3gl0
14812096543,FORWARD_PROPAGATE_LAYER,254,486335,DSP,graph_xvgj3gl0
14812096543,FORWARD_PROPAGATE_LAYER,255,1164308,DSP,graph_xvgj3gl0
14812096543,FORWARD_PROPAGATE_LAYER,256,1159560,DSP,graph_xvgj3gl0
14812096543,FORWARD_PROPAGATE_LAYER,257,7117109,DSP,graph_xvgj3gl0
14812096543,FORWARD_PROPAGATE_LAYER,258,1220391,DSP,graph_xvgj3gl0
14812096543,FORWARD_PROPAGATE_LAYER,259,340473,DSP,graph_xvgj3gl0
14812096543,FORWARD_PROPAGATE_LAYER,260,336815,DSP,graph_xvgj3gl0
14812096543,FORWARD_PROPAGATE_LAYER,261,72798,DSP,graph_xvgj3gl0
14812096543,FORWARD_PROPAGATE_LAYER,262,20778335,DSP,graph_xvgj3gl0
14812096543,FORWARD_PROPAGATE_LAYER,263,0,DSP,graph_xvgj3gl0
14812096543,FORWARD_PROPAGATE_LAYER,264,4534865,DSP,graph_xvgj3gl0
14812096543,FORWARD_PROPAGATE_LAYER,265,34877485,DSP,graph_xvgj3gl0
14812096543,FORWARD_PROPAGATE_LAYER,266,0,DSP,graph_xvgj3gl0
14812096543,FORWARD_PROPAGATE_LAYER,267,3871695,DSP,graph_xvgj3gl0
14812096543,FORWARD_PROPAGATE_LAYER,268,0,DSP,graph_xvgj3gl0
14812096543,FORWARD_PROPAGATE_LAYER,269,1546852,DSP,graph_xvgj3gl0
14812096543,FORWARD_PROPAGATE_LAYER,270,381461,DSP,graph_xvgj3gl0
14812096543,FORWARD_PROPAGATE_LAYER,271,0,DSP,graph_xvgj3gl0
14812096543,FORWARD_PROPAGATE_LAYER,272,1220447,DSP,graph_xvgj3gl0
14812096543,FORWARD_PROPAGATE_LAYER,273,837399,DSP,graph_xvgj3gl0
14812096543,FORWARD_PROPAGATE_LAYER,274,1390008,DSP,graph_xvgj3gl0
14812096543,FORWARD_PROPAGATE_LAYER,275,844626,DSP,graph_xvgj3gl0
14812096543,FORWARD_PROPAGATE_LAYER,276,1484303,DSP,graph_xvgj3gl0
14812096543,EXECUTE_TIME_SUBNET_0,-1,458967237,DSP,graph_xvgj3gl0
14812096543,TOTAL_INFERENCE_TIME,-1,189100,us,graph_xvgj3gl0
14812096543,FORWARD_PROPAGATE,-1,189069,us,graph_xvgj3gl0
14812096543,FORWARD_PROPAGATE_LAYER,0,1001853,DSP,graph_xvgj3gl0
14812096543,FORWARD_PROPAGATE_LAYER,1,1386721,DSP,graph_xvgj3gl0
14812096543,FORWARD_PROPAGATE_LAYER,2,1211602,DSP,graph_xvgj3gl0
14812096543,FORWARD_PROPAGATE_LAYER,3,3030716,DSP,graph_xvgj3gl0
14812096543,FORWARD_PROPAGATE_LAYER,4,827349,DSP,graph_xvgj3gl0
14812096543,FORWARD_PROPAGATE_LAYER,5,5107154,DSP,graph_xvgj3gl0
14812096543,FORWARD_PROPAGATE_LAYER,6,965074,DSP,graph_xvgj3gl0
14812096543,FORWARD_PROPAGATE_LAYER,7,5374403,DSP,graph_xvgj3gl0
14812096543,FORWARD_PROPAGATE_LAYER,8,0,DSP,graph_xvgj3gl0
14812096543,FORWARD_PROPAGATE_LAYER,9,1494926,DSP,graph_xvgj3gl0
14812096543,FORWARD_PROPAGATE_LAYER,10,0,DSP,graph_xvgj3gl0
14812096543,FORWARD_PROPAGATE_LAYER,11,4102181,DSP,graph_xvgj3gl0
14812096543,FORWARD_PROPAGATE_LAYER,12,0,DSP,graph_xvgj3gl0
14812096543,FORWARD_PROPAGATE_LAYER,13,4044468,DSP,graph_xvgj3gl0
14812096543,FORWARD_PROPAGATE_LAYER,14,3358916,DSP,graph_xvgj3gl0
14812096543,FORWARD_PROPAGATE_LAYER,15,0,DSP,graph_xvgj3gl0
14812096543,FORWARD_PROPAGATE_LAYER,16,616554,DSP,graph_xvgj3gl0
14812096543,FORWARD_PROPAGATE_LAYER,17,3354250,DSP,graph_xvgj3gl0
14812096543,FORWARD_PROPAGATE_LAYER,18,0,DSP,graph_xvgj3gl0
14812096543,FORWARD_PROPAGATE_LAYER,19,605823,DSP,graph_xvgj3gl0
14812096543,FORWARD_PROPAGATE_LAYER,20,3570144,DSP,graph_xvgj3gl0
14812096543,FORWARD_PROPAGATE_LAYER,21,0,DSP,graph_xvgj3gl0
14812096543,FORWARD_PROPAGATE_LAYER,22,552397,DSP,graph_xvgj3gl0
14812096543,FORWARD_PROPAGATE_LAYER,23,2078063,DSP,graph_xvgj3gl0
14812096543,FORWARD_PROPAGATE_LAYER,24,0,DSP,graph_xvgj3gl0
14812096543,FORWARD_PROPAGATE_LAYER,25,509307,DSP,graph_xvgj3gl0
14812096543,FORWARD_PROPAGATE_LAYER,26,0,DSP,graph_xvgj3gl0
14812096543,FORWARD_PROPAGATE_LAYER,27,3080009,DSP,graph_xvgj3gl0
14812096543,FORWARD_PROPAGATE_LAYER,28,1979781,DSP,graph_xvgj3gl0
14812096543,FORWARD_PROPAGATE_LAYER,29,2229626,DSP,graph_xvgj3gl0
14812096543,FORWARD_PROPAGATE_LAYER,30,415279,DSP,graph_xvgj3gl0
14812096543,FORWARD_PROPAGATE_LAYER,31,2477600,DSP,graph_xvgj3gl0
14812096543,FORWARD_PROPAGATE_LAYER,32,3414184,DSP,graph_xvgj3gl0
14812096543,FORWARD_PROPAGATE_LAYER,33,1358099,DSP,graph_xvgj3gl0
14812096543,FORWARD_PROPAGATE_LAYER,34,1974535,DSP,graph_xvgj3gl0
14812096543,FORWARD_PROPAGATE_LAYER,35,6435,DSP,graph_xvgj3gl0
14812096543,FORWARD_PROPAGATE_LAYER,36,1150098,DSP,graph_xvgj3gl0
14812096543,FORWARD_PROPAGATE_LAYER,37,478645,DSP,graph_xvgj3gl0
14812096543,FORWARD_PROPAGATE_LAYER,38,1176235,DSP,graph_xvgj3gl0
14812096543,FORWARD_PROPAGATE_LAYER,39,1141221,DSP,graph_xvgj3gl0
14812096543,FORWARD_PROPAGATE_LAYER,40,7059897,DSP,graph_xvgj3gl0
14812096543,FORWARD_PROPAGATE_LAYER,41,1212846,DSP,graph_xvgj3gl0
14812096543,FORWARD_PROPAGATE_LAYER,42,326345,DSP,graph_xvgj3gl0
14812096543,FORWARD_PROPAGATE_LAYER,43,319069,DSP,graph_xvgj3gl0
14812096543,FORWARD_PROPAGATE_LAYER,44,419941,DSP,graph_xvgj3gl0
14812096543,FORWARD_PROPAGATE_LAYER,45,2938202,DSP,graph_xvgj3gl0
14812096543,FORWARD_PROPAGATE_LAYER,46,0,DSP,graph_xvgj3gl0
14812096543,FORWARD_PROPAGATE_LAYER,47,643316,DSP,graph_xvgj3gl0
14812096543,FORWARD_PROPAGATE_LAYER,48,3367727,DSP,graph_xvgj3gl0
14812096543,FORWARD_PROPAGATE_LAYER,49,0,DSP,graph_xvgj3gl0
14812096543,FORWARD_PROPAGATE_LAYER,50,666605,DSP,graph_xvgj3gl0
14812096543,FORWARD_PROPAGATE_LAYER,51,3660949,DSP,graph_xvgj3gl0
14812096543,FORWARD_PROPAGATE_LAYER,52,0,DSP,graph_xvgj3gl0
14812096543,FORWARD_PROPAGATE_LAYER,53,596403,DSP,graph_xvgj3gl0
14812096543,FORWARD_PROPAGATE_LAYER,54,2114143,DSP,graph_xvgj3gl0
14812096543,FORWARD_PROPAGATE_LAYER,55,0,DSP,graph_xvgj3gl0
14812096543,FORWARD_PROPAGATE_LAYER,56,546312,DSP,graph_xvgj3gl0
14812096543,FORWARD_PROPAGATE_LAYER,57,0,DSP,graph_xvgj3gl0
14812096543,FORWARD_PROPAGATE_LAYER,58,3090922,DSP,graph_xvgj3gl0
14812096543,FORWARD_PROPAGATE_LAYER,59,2000980,DSP,graph_xvgj3gl0
14812096543,FORWARD_PROPAGATE_LAYER,60,2279821,DSP,graph_xvgj3gl0
14812096543,FORWARD_PROPAGATE_LAYER,61,408225,DSP,graph_xvgj3gl0
14812096543,FORWARD_PROPAGATE_LAYER,62,2483250,DSP,graph_xvgj3gl0
14812096543,FORWARD_PROPAGATE_LAYER,63,3362855,DSP,graph_xvgj3gl0
14812096543,FORWARD_PROPAGATE_LAYER,64,1370726,DSP,graph_xvgj3gl0
14812096543,FORWARD_PROPAGATE_LAYER,65,1979211,DSP,graph_xvgj3gl0
14812096543,FORWARD_PROPAGATE_LAYER,66,5107,DSP,graph_xvgj3gl0
14812096543,FORWARD_PROPAGATE_LAYER,67,1144478,DSP,graph_xvgj3gl0
14812096543,FORWARD_PROPAGATE_LAYER,68,492037,DSP,graph_xvgj3gl0
14812096543,FORWARD_PROPAGATE_LAYER,69,1171225,DSP,graph_xvgj3gl0
14812096543,FORWARD_PROPAGATE_LAYER,70,1156751,DSP,graph_xvgj3gl0
14812096543,FORWARD_PROPAGATE_LAYER,71,7158025,DSP,graph_xvgj3gl0
14812096543,FORWARD_PROPAGATE_LAYER,72,1211132,DSP,graph_xvgj3gl0
14812096543,FORWARD_PROPAGATE_LAYER,73,322809,DSP,graph_xvgj3gl0
14812096543,FORWARD_PROPAGATE_LAYER,74,318891,DSP,graph_xvgj3gl0
14812096543,FORWARD_PROPAGATE_LAYER,75,392056,DSP,graph_xvgj3gl0
14812096543,FORWARD_PROPAGATE_LAYER,76,2950456,DSP,graph_xvgj3gl0
14812096543,FORWARD_PROPAGATE_LAYER,77,0,DSP,graph_xvgj3gl0
14812096543,FORWARD_PROPAGATE_LAYER,78,643306,DSP,graph_xvgj3gl0
14812096543,FORWARD_PROPAGATE_LAYER,79,3359894,DSP,graph_xvgj3gl0
14812096543,FORWARD_PROPAGATE_LAYER,80,0,DSP,graph_xvgj3gl0
14812096543,FORWARD_PROPAGATE_LAYER,81,667293,DSP,graph_xvgj3gl0
14812096543,FORWARD_PROPAGATE_LAYER,82,3684490,DSP,graph_xvgj3gl0
14812096543,FORWARD_PROPAGATE_LAYER,83,0,DSP,graph_xvgj3gl0
14812096543,FORWARD_PROPAGATE_LAYER,84,601468,DSP,graph_xvgj3gl0
14812096543,FORWARD_PROPAGATE_LAYER,85,2131143,DSP,graph_xvgj3gl0
14812096543,FORWARD_PROPAGATE_LAYER,86,0,DSP,graph_xvgj3gl0
14812096543,FORWARD_PROPAGATE_LAYER,87,550044,DSP,graph_xvgj3gl0
14812096543,FORWARD_PROPAGATE_LAYER,88,0,DSP,graph_xvgj3gl0
14812096543,FORWARD_PROPAGATE_LAYER,89,3071988,DSP,graph_xvgj3gl0
14812096543,FORWARD_PROPAGATE_LAYER,90,1990629,DSP,graph_xvgj3gl0
14812096543,FORWARD_PROPAGATE_LAYER,91,2272181,DSP,graph_xvgj3gl0
14812096543,FORWARD_PROPAGATE_LAYER,92,407873,DSP,graph_xvgj3gl0
14812096543,FORWARD_PROPAGATE_LAYER,93,2499367,DSP,graph_xvgj3gl0
14812096543,FORWARD_PROPAGATE_LAYER,94,3385629,DSP,graph_xvgj3gl0
14812096543,FORWARD_PROPAGATE_LAYER,95,1349603,DSP,graph_xvgj3gl0
14812096543,FORWARD_PROPAGATE_LAYER,96,1970293,DSP,graph_xvgj3gl0
14812096543,FORWARD_PROPAGATE_LAYER,97,3053,DSP,graph_xvgj3gl0
14812096543,FORWARD_PROPAGATE_LAYER,98,1144866,DSP,graph_xvgj3gl0
14812096543,FORWARD_PROPAGATE_LAYER,99,488276,DSP,graph_xvgj3gl0
14812096543,FORWARD_PROPAGATE_LAYER,100,1164252,DSP,graph_xvgj3gl0
14812096543,FORWARD_PROPAGATE_LAYER,101,1157573,DSP,graph_xvgj3gl0
14812096543,FORWARD_PROPAGATE_LAYER,102,7131981,DSP,graph_xvgj3gl0
14812096543,FORWARD_PROPAGATE_LAYER,103,1217202,DSP,graph_xvgj3gl0
14812096543,FORWARD_PROPAGATE_LAYER,104,320679,DSP,graph_xvgj3gl0
14812096543,FORWARD_PROPAGATE_LAYER,105,327344,DSP,graph_xvgj3gl0
14812096543,FORWARD_PROPAGATE_LAYER,106,376521,DSP,graph_xvgj3gl0
14812096543,FORWARD_PROPAGATE_LAYER,107,2950272,DSP,graph_xvgj3gl0
14812096543,FORWARD_PROPAGATE_LAYER,108,0,DSP,graph_xvgj3gl0
14812096543,FORWARD_PROPAGATE_LAYER,109,635472,DSP,graph_xvgj3gl0
14812096543,FORWARD_PROPAGATE_LAYER,110,3362125,DSP,graph_xvgj3gl0
14812096543,FORWARD_PROPAGATE_LAYER,111,0,DSP,graph_xvgj3gl0
14812096543,FORWARD_PROPAGATE_LAYER,112,663029,DSP,graph_xvgj3gl0
14812096543,FORWARD_PROPAGATE_LAYER,113,3659481,DSP,graph_xvgj3gl0
14812096543,FORWARD_PROPAGATE_LAYER,114,0,DSP,graph_xvgj3gl0
14812096543,FORWARD_PROPAGATE_LAYER,115,604824,DSP,graph_xvgj3gl0
14812096543,FORWARD_PROPAGATE_LAYER,116,2119673,DSP,graph_xvgj3gl0
14812096543,FORWARD_PROPAGATE_LAYER,117,0,DSP,graph_xvgj3gl0
14812096543,FORWARD_PROPAGATE_LAYER,118,547539,DSP,graph_xvgj3gl0
14812096543,FORWARD_PROPAGATE_LAYER,119,0,DSP,graph_xvgj3gl0
14812096543,FORWARD_PROPAGATE_LAYER,120,3078332,DSP,graph_xvgj3gl0
14812096543,FORWARD_PROPAGATE_LAYER,121,1980269,DSP,graph_xvgj3gl0
14812096543,FORWARD_PROPAGATE_LAYER,122,2272001,DSP,graph_xvgj3gl0
14812096543,FORWARD_PROPAGATE_LAYER,123,408265,DSP,graph_xvgj3gl0
14812096543,FORWARD_PROPAGATE_LAYER,124,2493891,DSP,graph_xvgj3gl0
14812096543,FORWARD_PROPAGATE_LAYER,125,3379637,DSP,graph_xvgj3gl0
14812096543,FORWARD_PROPAGATE_LAYER,126,1340502,DSP,graph_xvgj3gl0
14812096543,FORWARD_PROPAGATE_LAYER,127,1972016,DSP,graph_xvgj3gl0
14812096543,FORWARD_PROPAGATE_LAYER,128,5994,DSP,graph_xvgj3gl0
14812096543,FORWARD_PROPAGATE_LAYER,129,1145333,DSP,graph_xvgj3gl0
14812096543,FORWARD_PROPAGATE_LAYER,130,491671,DSP,graph_xvgj3gl0
14812096543,FORWARD_PROPAGATE_LAYER,131,1168385,DSP,graph_xvgj3gl0
14812096543,FORWARD_PROPAGATE_LAYER,132,1149726,DSP,graph_xvgj3gl0
14812096543,FORWARD_PROPAGATE_LAYER,133,7160453,DSP,graph_xvgj3gl0
14812096543,FORWARD_PROPAGATE_LAYER,134,1210568,DSP,graph_xvgj3gl0
14812096543,FORWARD_PROPAGATE_LAYER,135,322032,DSP,graph_xvgj3gl0
14812096543,FORWARD_PROPAGATE_LAYER,136,320945,DSP,graph_xvgj3gl0
14812096543,FORWARD_PROPAGATE_LAYER,137,397478,DSP,graph_xvgj3gl0
14812096543,FORWARD_PROPAGATE_LAYER,138,2956877,DSP,graph_xvgj3gl0
14812096543,FORWARD_PROPAGATE_LAYER,139,0,DSP,graph_xvgj3gl0
14812096543,FORWARD_PROPAGATE_LAYER,140,634332,DSP,graph_xvgj3gl0
14812096543,FORWARD_PROPAGATE_LAYER,141,3342959,DSP,graph_xvgj3gl0
14812096543,FORWARD_PROPAGATE_LAYER,142,0,DSP,graph_xvgj3gl0
14812096543,FORWARD_PROPAGATE_LAYER,143,663123,DSP,graph_xvgj3gl0
14812096543,FORWARD_PROPAGATE_LAYER,144,3696409,DSP,graph_xvgj3gl0
14812096543,FORWARD_PROPAGATE_LAYER,145,0,DSP,graph_xvgj3gl0
14812096543,FORWARD_PROPAGATE_LAYER,146,611166,DSP,graph_xvgj3gl0
14812096543,FORWARD_PROPAGATE_LAYER,147,2129617,DSP,graph_xvgj3gl0
14812096543,FORWARD_PROPAGATE_LAYER,148,0,DSP,graph_xvgj3gl0
14812096543,FORWARD_PROPAGATE_LAYER,149,549755,DSP,graph_xvgj3gl0
14812096543,FORWARD_PROPAGATE_LAYER,150,0,DSP,graph_xvgj3gl0
14812096543,FORWARD_PROPAGATE_LAYER,151,3083221,DSP,graph_xvgj3gl0
14812096543,FORWARD_PROPAGATE_LAYER,152,1998040,DSP,graph_xvgj3gl0
14812096543,FORWARD_PROPAGATE_LAYER,153,2278586,DSP,graph_xvgj3gl0
14812096543,FORWARD_PROPAGATE_LAYER,154,408667,DSP,graph_xvgj3gl0
14812096543,FORWARD_PROPAGATE_LAYER,155,2493521,DSP,graph_xvgj3gl0
14812096543,FORWARD_PROPAGATE_LAYER,156,3397085,DSP,graph_xvgj3gl0
14812096543,FORWARD_PROPAGATE_LAYER,157,1343869,DSP,graph_xvgj3gl0
14812096543,FORWARD_PROPAGATE_LAYER,158,1963880,DSP,graph_xvgj3gl0
14812096543,FORWARD_PROPAGATE_LAYER,159,4989,DSP,graph_xvgj3gl0
14812096543,FORWARD_PROPAGATE_LAYER,160,1145813,DSP,graph_xvgj3gl0
14812096543,FORWARD_PROPAGATE_LAYER,161,474465,DSP,graph_xvgj3gl0
14812096543,FORWARD_PROPAGATE_LAYER,162,1173854,DSP,graph_xvgj3gl0
14812096543,FORWARD_PROPAGATE_LAYER,163,1151979,DSP,graph_xvgj3gl0
14812096543,FORWARD_PROPAGATE_LAYER,164,7089749,DSP,graph_xvgj3gl0
14812096543,FORWARD_PROPAGATE_LAYER,165,1221354,DSP,graph_xvgj3gl0
14812096543,FORWARD_PROPAGATE_LAYER,166,326167,DSP,graph_xvgj3gl0
14812096543,FORWARD_PROPAGATE_LAYER,167,325135,DSP,graph_xvgj3gl0
14812096543,FORWARD_PROPAGATE_LAYER,168,379389,DSP,graph_xvgj3gl0
14812096543,FORWARD_PROPAGATE_LAYER,169,2940721,DSP,graph_xvgj3gl0
14812096543,FORWARD_PROPAGATE_LAYER,170,0,DSP,graph_xvgj3gl0
14812096543,FORWARD_PROPAGATE_LAYER,171,638223,DSP,graph_xvgj3gl0
14812096543,FORWARD_PROPAGATE_LAYER,172,3355208,DSP,graph_xvgj3gl0
14812096543,FORWARD_PROPAGATE_LAYER,173,0,DSP,graph_xvgj3gl0
14812096543,FORWARD_PROPAGATE_LAYER,174,659190,DSP,graph_xvgj3gl0
14812096543,FORWARD_PROPAGATE_LAYER,175,3678437,DSP,graph_xvgj3gl0
14812096543,FORWARD_PROPAGATE_LAYER,176,0,DSP,graph_xvgj3gl0
14812096543,FORWARD_PROPAGATE_LAYER,177,600967,DSP,graph_xvgj3gl0
14812096543,FORWARD_PROPAGATE_LAYER,178,2128362,DSP,graph_xvgj3gl0
14812096543,FORWARD_PROPAGATE_LAYER,179,0,DSP,graph_xvgj3gl0
14812096543,FORWARD_PROPAGATE_LAYER,180,549823,DSP,graph_xvgj3gl0
14812096543,FORWARD_PROPAGATE_LAYER,181,0,DSP,graph_xvgj3gl0
14812096543,FORWARD_PROPAGATE_LAYER,182,3065541,DSP,graph_xvgj3gl0
14812096543,FORWARD_PROPAGATE_LAYER,183,1993933,DSP,graph_xvgj3gl0
14812096543,FORWARD_PROPAGATE_LAYER,184,2278213,DSP,graph_xvgj3gl0
14812096543,FORWARD_PROPAGATE_LAYER,185,414162,DSP,graph_xvgj3gl0
14812096543,FORWARD_PROPAGATE_LAYER,186,2499436,DSP,graph_xvgj3gl0
14812096543,FORWARD_PROPAGATE_LAYER,187,3348060,DSP,graph_xvgj3gl0
14812096543,FORWARD_PROPAGATE_LAYER,188,1348572,DSP,graph_xvgj3gl0
14812096543,FORWARD_PROPAGATE_LAYER,189,1964928,DSP,graph_xvgj3gl0
14812096543,FORWARD_PROPAGATE_LAYER,190,4856,DSP,graph_xvgj3gl0
14812096543,FORWARD_PROPAGATE_LAYER,191,1145961,DSP,graph_xvgj3gl0
14812096543,FORWARD_PROPAGATE_LAYER,192,489536,DSP,graph_xvgj3gl0
14812096543,FORWARD_PROPAGATE_LAYER,193,1162079,DSP,graph_xvgj3gl0
14812096543,FORWARD_PROPAGATE_LAYER,194,1160144,DSP,graph_xvgj3gl0
14812096543,FORWARD_PROPAGATE_LAYER,195,7112810,DSP,graph_xvgj3gl0
14812096543,FORWARD_PROPAGATE_LAYER,196,1216120,DSP,graph_xvgj3gl0
14812096543,FORWARD_PROPAGATE_LAYER,197,328808,DSP,graph_xvgj3gl0
14812096543,FORWARD_PROPAGATE_LAYER,198,337979,DSP,graph_xvgj3gl0
14812096543,FORWARD_PROPAGATE_LAYER,199,391275,DSP,graph_xvgj3gl0
14812096543,FORWARD_PROPAGATE_LAYER,200,2943703,DSP,graph_xvgj3gl0
14812096543,FORWARD_PROPAGATE_LAYER,201,0,DSP,graph_xvgj3gl0
14812096543,FORWARD_PROPAGATE_LAYER,202,637049,DSP,graph_xvgj3gl0
14812096543,FORWARD_PROPAGATE_LAYER,203,3365626,DSP,graph_xvgj3gl0
14812096543,FORWARD_PROPAGATE_LAYER,204,0,DSP,graph_xvgj3gl0
14812096543,FORWARD_PROPAGATE_LAYER,205,664387,DSP,graph_xvgj3gl0
14812096543,FORWARD_PROPAGATE_LAYER,206,3697960,DSP,graph_xvgj3gl0
14812096543,FORWARD_PROPAGATE_LAYER,207,0,DSP,graph_xvgj3gl0
14812096543,FORWARD_PROPAGATE_LAYER,208,628009,DSP,graph_xvgj3gl0
14812096543,FORWARD_PROPAGATE_LAYER,209,2188665,DSP,graph_xvgj3gl0
14812096543,FORWARD_PROPAGATE_LAYER,210,0,DSP,graph_xvgj3gl0
14812096543,FORWARD_PROPAGATE_LAYER,211,550467,DSP,graph_xvgj3gl0
14812096543,FORWARD_PROPAGATE_LAYER,212,0,DSP,graph_xvgj3gl0
14812096543,FORWARD_PROPAGATE_LAYER,213,3075813,DSP,graph_xvgj3gl0
14812096543,FORWARD_PROPAGATE_LAYER,214,1997249,DSP,graph_xvgj3gl0
14812096543,FORWARD_PROPAGATE_LAYER,215,2292297,DSP,graph_xvgj3gl0
14812096543,FORWARD_PROPAGATE_LAYER,216,412172,DSP,graph_xvgj3gl0
14812096543,FORWARD_PROPAGATE_LAYER,217,2479250,DSP,graph_xvgj3gl0
14812096543,FORWARD_PROPAGATE_LAYER,218,3391548,DSP,graph_xvgj3gl0
14812096543,FORWARD_PROPAGATE_LAYER,219,1348234,DSP,graph_xvgj3gl0
14812096543,FORWARD_PROPAGATE_LAYER,220,1980386,DSP,graph_xvgj3gl0
14812096543,FORWARD_PROPAGATE_LAYER,221,5148,DSP,graph_xvgj3gl0
14812096543,FORWARD_PROPAGATE_LAYER,222,1141527,DSP,graph_xvgj3gl0
14812096543,FORWARD_PROPAGATE_LAYER,223,486216,DSP,graph_xvgj3gl0
14812096543,FORWARD_PROPAGATE_LAYER,224,1156655,DSP,graph_xvgj3gl0
14812096543,FORWARD_PROPAGATE_LAYER,225,1153334,DSP,graph_xvgj3gl0
14812096543,FORWARD_PROPAGATE_LAYER,226,7136019,DSP,graph_xvgj3gl0
14812096543,FORWARD_PROPAGATE_LAYER,227,1208175,DSP,graph_xvgj3gl0
14812096543,FORWARD_PROPAGATE_LAYER,228,329871,DSP,graph_xvgj3gl0
14812096543,FORWARD_PROPAGATE_LAYER,229,331667,DSP,graph_xvgj3gl0
14812096543,FORWARD_PROPAGATE_LAYER,230,409484,DSP,graph_xvgj3gl0
14812096543,FORWARD_PROPAGATE_LAYER,231,2955790,DSP,graph_xvgj3gl0
14812096543,FORWARD_PROPAGATE_LAYER,232,0,DSP,graph_xvgj3gl0
14812096543,FORWARD_PROPAGATE_LAYER,233,570331,DSP,graph_xvgj3gl0
14812096543,FORWARD_PROPAGATE_LAYER,234,3366981,DSP,graph_xvgj3gl0
14812096543,FORWARD_PROPAGATE_LAYER,235,0,DSP,graph_xvgj3gl0
14812096543,FORWARD_PROPAGATE_LAYER,236,656602,DSP,graph_xvgj3gl0
14812096543,FORWARD_PROPAGATE_LAYER,237,3670052,DSP,graph_xvgj3gl0
14812096543,FORWARD_PROPAGATE_LAYER,238,0,DSP,graph_xvgj3gl0
14812096543,FORWARD_PROPAGATE_LAYER,239,598217,DSP,graph_xvgj3gl0
14812096543,FORWARD_PROPAGATE_LAYER,240,2119926,DSP,graph_xvgj3gl0
14812096543,FORWARD_PROPAGATE_LAYER,241,0,DSP,graph_xvgj3gl0
14812096543,FORWARD_PROPAGATE_LAYER,242,566806,DSP,graph_xvgj3gl0
14812096543,FORWARD_PROPAGATE_LAYER,243,0,DSP,graph_xvgj3gl0
14812096543,FORWARD_PROPAGATE_LAYER,244,3075792,DSP,graph_xvgj3gl0
14812096543,FORWARD_PROPAGATE_LAYER,245,2015288,DSP,graph_xvgj3gl0
14812096543,FORWARD_PROPAGATE_LAYER,246,2276197,DSP,graph_xvgj3gl0
14812096543,FORWARD_PROPAGATE_LAYER,247,411030,DSP,graph_xvgj3gl0
14812096543,FORWARD_PROPAGATE_LAYER,248,2471900,DSP,graph_xvgj3gl0
14812096543,FORWARD_PROPAGATE_LAYER,249,3390343,DSP,graph_xvgj3gl0
14812096543,FORWARD_PROPAGATE_LAYER,250,1344349,DSP,graph_xvgj3gl0
14812096543,FORWARD_PROPAGATE_LAYER,251,1979570,DSP,graph_xvgj3gl0
14812096543,FORWARD_PROPAGATE_LAYER,252,4041,DSP,graph_xvgj3gl0
14812096543,FORWARD_PROPAGATE_LAYER,253,1144458,DSP,graph_xvgj3gl0
14812096543,FORWARD_PROPAGATE_LAYER,254,485603,DSP,graph_xvgj3gl0
14812096543,FORWARD_PROPAGATE_LAYER,255,1167291,DSP,graph_xvgj3gl0
14812096543,FORWARD_PROPAGATE_LAYER,256,1154788,DSP,graph_xvgj3gl0
14812096543,FORWARD_PROPAGATE_LAYER,257,7120078,DSP,graph_xvgj3gl0
14812096543,FORWARD_PROPAGATE_LAYER,258,1217387,DSP,graph_xvgj3gl0
14812096543,FORWARD_PROPAGATE_LAYER,259,339823,DSP,graph_xvgj3gl0
14812096543,FORWARD_PROPAGATE_LAYER,260,333953,DSP,graph_xvgj3gl0
14812096543,FORWARD_PROPAGATE_LAYER,261,73559,DSP,graph_xvgj3gl0
14812096543,FORWARD_PROPAGATE_LAYER,262,20771065,DSP,graph_xvgj3gl0
14812096543,FORWARD_PROPAGATE_LAYER,263,0,DSP,graph_xvgj3gl0
14812096543,FORWARD_PROPAGATE_LAYER,264,4538105,DSP,graph_xvgj3gl0
14812096543,FORWARD_PROPAGATE_LAYER,265,34903434,DSP,graph_xvgj3gl0
14812096543,FORWARD_PROPAGATE_LAYER,266,0,DSP,graph_xvgj3gl0
14812096543,FORWARD_PROPAGATE_LAYER,267,3871451,DSP,graph_xvgj3gl0
14812096543,FORWARD_PROPAGATE_LAYER,268,0,DSP,graph_xvgj3gl0
14812096543,FORWARD_PROPAGATE_LAYER,269,1546614,DSP,graph_xvgj3gl0
14812096543,FORWARD_PROPAGATE_LAYER,270,380138,DSP,graph_xvgj3gl0
14812096543,FORWARD_PROPAGATE_LAYER,271,0,DSP,graph_xvgj3gl0
14812096543,FORWARD_PROPAGATE_LAYER,272,1222507,DSP,graph_xvgj3gl0
14812096543,FORWARD_PROPAGATE_LAYER,273,838995,DSP,graph_xvgj3gl0
14812096543,FORWARD_PROPAGATE_LAYER,274,1386023,DSP,graph_xvgj3gl0
14812096543,FORWARD_PROPAGATE_LAYER,275,844255,DSP,graph_xvgj3gl0
14812096543,FORWARD_PROPAGATE_LAYER,276,1485018,DSP,graph_xvgj3gl0
14812096543,EXECUTE_TIME_SUBNET_0,-1,459051835,DSP,graph_xvgj3gl0
14812096543,TOTAL_INFERENCE_TIME,-1,185927,us,graph_xvgj3gl0
14812096543,FORWARD_PROPAGATE,-1,185903,us,graph_xvgj3gl0
14812096543,FORWARD_PROPAGATE_LAYER,0,1031402,DSP,graph_xvgj3gl0
14812096543,FORWARD_PROPAGATE_LAYER,1,1390289,DSP,graph_xvgj3gl0
14812096543,FORWARD_PROPAGATE_LAYER,2,1223456,DSP,graph_xvgj3gl0
14812096543,FORWARD_PROPAGATE_LAYER,3,3026375,DSP,graph_xvgj3gl0
14812096543,FORWARD_PROPAGATE_LAYER,4,826000,DSP,graph_xvgj3gl0
14812096543,FORWARD_PROPAGATE_LAYER,5,5101822,DSP,graph_xvgj3gl0
14812096543,FORWARD_PROPAGATE_LAYER,6,963357,DSP,graph_xvgj3gl0
14812096543,FORWARD_PROPAGATE_LAYER,7,5374288,DSP,graph_xvgj3gl0
14812096543,FORWARD_PROPAGATE_LAYER,8,0,DSP,graph_xvgj3gl0
14812096543,FORWARD_PROPAGATE_LAYER,9,1496524,DSP,graph_xvgj3gl0
14812096543,FORWARD_PROPAGATE_LAYER,10,0,DSP,graph_xvgj3gl0
14812096543,FORWARD_PROPAGATE_LAYER,11,4104970,DSP,graph_xvgj3gl0
14812096543,FORWARD_PROPAGATE_LAYER,12,0,DSP,graph_xvgj3gl0
14812096543,FORWARD_PROPAGATE_LAYER,13,4047551,DSP,graph_xvgj3gl0
14812096543,FORWARD_PROPAGATE_LAYER,14,3365569,DSP,graph_xvgj3gl0
14812096543,FORWARD_PROPAGATE_LAYER,15,0,DSP,graph_xvgj3gl0
14812096543,FORWARD_PROPAGATE_LAYER,16,617285,DSP,graph_xvgj3gl0
14812096543,FORWARD_PROPAGATE_LAYER,17,3360989,DSP,graph_xvgj3gl0
14812096543,FORWARD_PROPAGATE_LAYER,18,0,DSP,graph_xvgj3gl0
14812096543,FORWARD_PROPAGATE_LAYER,19,604280,DSP,graph_xvgj3gl0
14812096543,FORWARD_PROPAGATE_LAYER,20,3578266,DSP,graph_xvgj3gl0
14812096543,FORWARD_PROPAGATE_LAYER,21,0,DSP,graph_xvgj3gl0
14812096543,FORWARD_PROPAGATE_LAYER,22,548955,DSP,graph_xvgj3gl0
14812096543,FORWARD_PROPAGATE_LAYER,23,2063358,DSP,graph_xvgj3gl0
14812096543,FORWARD_PROPAGATE_LAYER,24,0,DSP,graph_xvgj3gl0
14812096543,FORWARD_PROPAGATE_LAYER,25,508737,DSP,graph_xvgj3gl0
14812096543,FORWARD_PROPAGATE_LAYER,26,0,DSP,graph_xvgj3gl0
14812096543,FORWARD_PROPAGATE_LAYER,27,3080967,DSP,graph_xvgj3gl0
14812096543,FORWARD_PROPAGATE_LAYER,28,1978670,DSP,graph_xvgj3gl0
14812096543,FORWARD_PROPAGATE_LAYER,29,2228900,DSP,graph_xvgj3gl0
14812096543,FORWARD_PROPAGATE_LAYER,30,415998,DSP,graph_xvgj3gl0
14812096543,FORWARD_PROPAGATE_LAYER,31,2474010,DSP,graph_xvgj3gl0
14812096543,FORWARD_PROPAGATE_LAYER,32,3386814,DSP,graph_xvgj3gl0
14812096543,FORWARD_PROPAGATE_LAYER,33,1362585,DSP,graph_xvgj3gl0
14812096543,FORWARD_PROPAGATE_LAYER,34,1981056,DSP,graph_xvgj3gl0
14812096543,FORWARD_PROPAGATE_LAYER,35,6337,DSP,graph_xvgj3gl0
14812096543,FORWARD_PROPAGATE_LAYER,36,1150057,DSP,graph_xvgj3gl0
14812096543,FORWARD_PROPAGATE_LAYER,37,476809,DSP,graph_xvgj3gl0
14812096543,FORWARD_PROPAGATE_LAYER,38,1161924,DSP,graph_xvgj3gl0
14812096543,FORWARD_PROPAGATE_LAYER,39,1141677,DSP,graph_xvgj3gl0
14812096543,FORWARD_PROPAGATE_LAYER,40,7071470,DSP,graph_xvgj3gl0
14812096543,FORWARD_PROPAGATE_LAYER,41,1211505,DSP,graph_xvgj3gl0
14812096543,FORWARD_PROPAGATE_LAYER,42,325251,DSP,graph_xvgj3gl0
14812096543,FORWARD_PROPAGATE_LAYER,43,319152,DSP,graph_xvgj3gl0
14812096543,FORWARD_PROPAGATE_LAYER,44,422258,DSP,graph_xvgj3gl0
14812096543,FORWARD_PROPAGATE_LAYER,45,2956638,DSP,graph_xvgj3gl0
14812096543,FORWARD_PROPAGATE_LAYER,46,0,DSP,graph_xvgj3gl0
14812096543,FORWARD_PROPAGATE_LAYER,47,645663,DSP,graph_xvgj3gl0
14812096543,FORWARD_PROPAGATE_LAYER,48,3360596,DSP,graph_xvgj3gl0
14812096543,FORWARD_PROPAGATE_LAYER,49,0,DSP,graph_xvgj3gl0
14812096543,FORWARD_PROPAGATE_LAYER,50,667809,DSP,graph_xvgj3gl0
14812096543,FORWARD_PROPAGATE_LAYER,51,3681175,DSP,graph_xvgj3gl0
14812096543,FORWARD_PROPAGATE_LAYER,52,0,DSP,graph_xvgj3gl0
14812096543,FORWARD_PROPAGATE_LAYER,53,606696,DSP,graph_xvgj3gl0
14812096543,FORWARD_PROPAGATE_LAYER,54,2106997,DSP,graph_xvgj3gl0
14812096543,FORWARD_PROPAGATE_LAYER,55,0,DSP,graph_xvgj3gl0
14812096543,FORWARD_PROPAGATE_LAYER,56,546346,DSP,graph_xvgj3gl0
14812096543,FORWARD_PROPAGATE_LAYER,57,0,DSP,graph_xvgj3gl0
14812096543,FORWARD_PROPAGATE_LAYER,58,3111884,DSP,graph_xvgj3gl0
14812096543,FORWARD_PROPAGATE_LAYER,59,1999946,DSP,graph_xvgj3gl0
14812096543,FORWARD_PROPAGATE_LAYER,60,2284233,DSP,graph_xvgj3gl0
14812096543,FORWARD_PROPAGATE_LAYER,61,412329,DSP,graph_xvgj3gl0
14812096543,FORWARD_PROPAGATE_LAYER,62,2492273,DSP,graph_xvgj3gl0
14812096543,FORWARD_PROPAGATE_LAYER,63,3386526,DSP,graph_xvgj3gl0
14812096543,FORWARD_PROPAGATE_LAYER,64,1350995,DSP,graph_xvgj3gl0
14812096543,FORWARD_PROPAGATE_LAYER,65,1972965,DSP,graph_xvgj3gl0
14812096543,FORWARD_PROPAGATE_LAYER,66,5594,DSP,graph_xvgj3gl0
14812096543,FORWARD_PROPAGATE_LAYER,67,1145642,DSP,graph_xvgj3gl0
14812096543,FORWARD_PROPAGATE_LAYER,68,490209,DSP,graph_xvgj3gl0
14812096543,FORWARD_PROPAGATE_LAYER,69,1167070,DSP,graph_xvgj3gl0
14812096543,FORWARD_PROPAGATE_LAYER,70,1151910,DSP,graph_xvgj3gl0
14812096543,FORWARD_PROPAGATE_LAYER,71,7161530,DSP,graph_xvgj3gl0
14812096543,FORWARD_PROPAGATE_LAYER,72,1212398,DSP,graph_xvgj3gl0
14812096543,FORWARD_PROPAGATE_LAYER,73,325015,DSP,graph_xvgj3gl0
14812096543,FORWARD_PROPAGATE_LAYER,74,321326,DSP,graph_xvgj3gl0
14812096543,FORWARD_PROPAGATE_LAYER,75,396295,DSP,graph_xvgj3gl0
14812096543,FORWARD_PROPAGATE_LAYER,76,2956112,DSP,graph_xvgj3gl0
14812096543,FORWARD_PROPAGATE_LAYER,77,0,DSP,graph_xvgj3gl0
14812096543,FORWARD_PROPAGATE_LAYER,78,644557,DSP,graph_xvgj3gl0
14812096543,FORWARD_PROPAGATE_LAYER,79,3363764,DSP,graph_xvgj3gl0
14812096543,FORWARD_PROPAGATE_LAYER,80,0,DSP,graph_xvgj3gl0
14812096543,FORWARD_PROPAGATE_LAYER,81,666541,DSP,graph_xvgj3gl0
14812096543,FORWARD_PROPAGATE_LAYER,82,3665693,DSP,graph_xvgj3gl0
14812096543,FORWARD_PROPAGATE_LAYER,83,0,DSP,graph_xvgj3gl0
14812096543,FORWARD_PROPAGATE_LAYER,84,600413,DSP,graph_xvgj3gl0
14812096543,FORWARD_PROPAGATE_LAYER,85,2118630,DSP,graph_xvgj3gl0
14812096543,FORWARD_PROPAGATE_LAYER,86,0,DSP,graph_xvgj3gl0
14812096543,FORWARD_PROPAGATE_LAYER,87,556059,DSP,graph_xvgj3gl0
14812096543,FORWARD_PROPAGATE_LAYER,88,0,DSP,graph_xvgj3gl0
14812096543,FORWARD_PROPAGATE_LAYER,89,3072165,DSP,graph_xvgj3gl0
14812096543,FORWARD_PROPAGATE_LAYER,90,1989157,DSP,graph_xvgj3gl0
14812096543,FORWARD_PROPAGATE_LAYER,91,2276076,DSP,graph_xvgj3gl0
14812096543,FORWARD_PROPAGATE_LAYER,92,410926,DSP,graph_xvgj3gl0
14812096543,FORWARD_PROPAGATE_LAYER,93,2502753,DSP,graph_xvgj3gl0
14812096543,FORWARD_PROPAGATE_LAYER,94,3361911,DSP,graph_xvgj3gl0
14812096543,FORWARD_PROPAGATE_LAYER,95,1350578,DSP,graph_xvgj3gl0
14812096543,FORWARD_PROPAGATE_LAYER,96,1971546,DSP,graph_xvgj3gl0
14812096543,FORWARD_PROPAGATE_LAYER,97,5201,DSP,graph_xvgj3gl0
14812096543,FORWARD_PROPAGATE_LAYER,98,1149619,DSP,graph_xvgj3gl0
14812096543,FORWARD_PROPAGATE_LAYER,99,486102,DSP,graph_xvgj3gl0
14812096543,FORWARD_PROPAGATE_LAYER,100,1156730,DSP,graph_xvgj3gl0
14812096543,FORWARD_PROPAGATE_LAYER,101,1156446,DSP,graph_xvgj3gl0
14812096543,FORWARD_PROPAGATE_LAYER,102,7136702,DSP,graph_xvgj3gl0
14812096543,FORWARD_PROPAGATE_LAYER,103,1217808,DSP,graph_xvgj3gl0
14812096543,FORWARD_PROPAGATE_LAYER,104,323439,DSP,graph_xvgj3gl0
14812096543,FORWARD_PROPAGATE_LAYER,105,328266,DSP,graph_xvgj3gl0
14812096543,FORWARD_PROPAGATE_LAYER,106,376475,DSP,graph_xvgj3gl0
14812096543,FORWARD_PROPAGATE_LAYER,107,2955228,DSP,graph_xvgj3gl0
14812096543,FORWARD_PROPAGATE_LAYER,108,0,DSP,graph_xvgj3gl0
14812096543,FORWARD_PROPAGATE_LAYER,109,638251,DSP,graph_xvgj3gl0
14812096543,FORWARD_PROPAGATE_LAYER,110,3367486,DSP,graph_xvgj3gl0
14812096543,FORWARD_PROPAGATE_LAYER,111,0,DSP,graph_xvgj3gl0
14812096543,FORWARD_PROPAGATE_LAYER,112,665012,DSP,graph_xvgj3gl0
14812096543,FORWARD_PROPAGATE_LAYER,113,3656980,DSP,graph_xvgj3gl0
14812096543,FORWARD_PROPAGATE_LAYER,114,0,DSP,graph_xvgj3gl0
14812096543,FORWARD_PROPAGATE_LAYER,115,621125,DSP,graph_xvgj3gl0
14812096543,FORWARD_PROPAGATE_LAYER,116,2182069,DSP,graph_xvgj3gl0
14812096543,FORWARD_PROPAGATE_LAYER,117,0,DSP,graph_xvgj3gl0
14812096543,FORWARD_PROPAGATE_LAYER,118,545573,DSP,graph_xvgj3gl0
14812096543,FORWARD_PROPAGATE_LAYER,119,0,DSP,graph_xvgj3gl0
14812096543,FORWARD_PROPAGATE_LAYER,120,3069422,DSP,graph_xvgj3gl0
14812096543,FORWARD_PROPAGATE_LAYER,121,1978541,DSP,graph_xvgj3gl0
14812096543,FORWARD_PROPAGATE_LAYER,122,2273624,DSP,graph_xvgj3gl0
14812096543,FORWARD_PROPAGATE_LAYER,123,407799,DSP,graph_xvgj3gl0
14812096543,FORWARD_PROPAGATE_LAYER,124,2501733,DSP,graph_xvgj3gl0
14812096543,FORWARD_PROPAGATE_LAYER,125,3379769,DSP,graph_xvgj3gl0
14812096543,FORWARD_PROPAGATE_LAYER,126,1347626,DSP,graph_xvgj3gl0
14812096543,FORWARD_PROPAGATE_LAYER,127,1970637,DSP,graph_xvgj3gl0
14812096543,FORWARD_PROPAGATE_LAYER,128,6453,DSP,graph_xvgj3gl0
14812096543,FORWARD_PROPAGATE_LAYER,129,1151922,DSP,graph_xvgj3gl0
14812096543,FORWARD_PROPAGATE_LAYER,130,489973,DSP,graph_xvgj3gl0
14812096543,FORWARD_PROPAGATE_LAYER,131,1170454,DSP,graph_xvgj3gl0
14812096543,FORWARD_PROPAGATE_LAYER,132,1153742,DSP,graph_xvgj3gl0
14812096543,FORWARD_PROPAGATE_LAYER,133,7156012,DSP,graph_xvgj3gl0
14812096543,FORWARD_PROPAGATE_LAYER,134,1205869,DSP,graph_xvgj3gl0
14812096543,FORWARD_PROPAGATE_LAYER,135,323226,DSP,graph_xvgj3gl0
14812096543,FORWARD_PROPAGATE_LAYER,136,320969,DSP,graph_xvgj3gl0
14812096543,FORWARD_PROPAGATE_LAYER,137,398792,DSP,graph_xvgj3gl0
14812096543,FORWARD_PROPAGATE_LAYER,138,2950216,DSP,graph_xvgj3gl0
14812096543,FORWARD_PROPAGATE_LAYER,139,0,DSP,graph_xvgj3gl0
14812096543,FORWARD_PROPAGATE_LAYER,140,635052,DSP,graph_xvgj3gl0
14812096543,FORWARD_PROPAGATE_LAYER,141,3351043,DSP,graph_xvgj3gl0
14812096543,FORWARD_PROPAGATE_LAYER,142,0,DSP,graph_xvgj3gl0
14812096543,FORWARD_PROPAGATE_LAYER,143,662145,DSP,graph_xvgj3gl0
14812096543,FORWARD_PROPAGATE_LAYER,144,3673905,DSP,graph_xvgj3gl0
14812096543,FORWARD_PROPAGATE_LAYER,145,0,DSP,graph_xvgj3gl0
14812096543,FORWARD_PROPAGATE_LAYER,146,601888,DSP,graph_xvgj3gl0
14812096543,FORWARD_PROPAGATE_LAYER,147,2116818,DSP,graph_xvgj3gl0
14812096543,FORWARD_PROPAGATE_LAYER,148,0,DSP,graph_xvgj3gl0
14812096543,FORWARD_PROPAGATE_LAYER,149,552644,DSP,graph_xvgj3gl0
14812096543,FORWARD_PROPAGATE_LAYER,150,0,DSP,graph_xvgj3gl0
14812096543,FORWARD_PROPAGATE_LAYER,151,3103964,DSP,graph_xvgj3gl0
14812096543,FORWARD_PROPAGATE_LAYER,152,1994877,DSP,graph_xvgj3gl0
14812096543,FORWARD_PROPAGATE_LAYER,153,2281875,DSP,graph_xvgj3gl0
14812096543,FORWARD_PROPAGATE_LAYER,154,409739,DSP,graph_xvgj3gl0
14812096543,FORWARD_PROPAGATE_LAYER,155,2486574,DSP,graph_xvgj3gl0
14812096543,FORWARD_PROPAGATE_LAYER,156,3379016,DSP,graph_xvgj3gl0
14812096543,FORWARD_PROPAGATE_LAYER,157,1345815,DSP,graph_xvgj3gl0
14812096543,FORWARD_PROPAGATE_LAYER,158,1978576,DSP,graph_xvgj3gl0
14812096543,FORWARD_PROPAGATE_LAYER,159,4575,DSP,graph_xvgj3gl0
14812096543,FORWARD_PROPAGATE_LAYER,160,1145430,DSP,graph_xvgj3gl0
14812096543,FORWARD_PROPAGATE_LAYER,161,480722,DSP,graph_xvgj3gl0
14812096543,FORWARD_PROPAGATE_LAYER,162,1167723,DSP,graph_xvgj3gl0
14812096543,FORWARD_PROPAGATE_LAYER,163,1161319,DSP,graph_xvgj3gl0
14812096543,FORWARD_PROPAGATE_LAYER,164,7077653,DSP,graph_xvgj3gl0
14812096543,FORWARD_PROPAGATE_LAYER,165,1212791,DSP,graph_xvgj3gl0
14812096543,FORWARD_PROPAGATE_LAYER,166,326812,DSP,graph_xvgj3gl0
14812096543,FORWARD_PROPAGATE_LAYER,167,322324,DSP,graph_xvgj3gl0
14812096543,FORWARD_PROPAGATE_LAYER,168,382107,DSP,graph_xvgj3gl0
14812096543,FORWARD_PROPAGATE_LAYER,169,2939117,DSP,graph_xvgj3gl0
14812096543,FORWARD_PROPAGATE_LAYER,170,0,DSP,graph_xvgj3gl0
14812096543,FORWARD_PROPAGATE_LAYER,171,638264,DSP,graph_xvgj3gl0
14812096543,FORWARD_PROPAGATE_LAYER,172,3350255,DSP,graph_xvgj3gl0
14812096543,FORWARD_PROPAGATE_LAYER,173,0,DSP,graph_xvgj3gl0
14812096543,FORWARD_PROPAGATE_LAYER,174,661927,DSP,graph_xvgj3gl0
14812096543,FORWARD_PROPAGATE_LAYER,175,3667144,DSP,graph_xvgj3gl0
14812096543,FORWARD_PROPAGATE_LAYER,176,0,DSP,graph_xvgj3gl0
14812096543,FORWARD_PROPAGATE_LAYER,177,610924,DSP,graph_xvgj3gl0
14812096543,FORWARD_PROPAGATE_LAYER,178,2124257,DSP,graph_xvgj3gl0
14812096543,FORWARD_PROPAGATE_LAYER,179,0,DSP,graph_xvgj3gl0
14812096543,FORWARD_PROPAGATE_LAYER,180,558569,DSP,graph_xvgj3gl0
14812096543,FORWARD_PROPAGATE_LAYER,181,0,DSP,graph_xvgj3gl0
14812096543,FORWARD_PROPAGATE_LAYER,182,3094869,DSP,graph_xvgj3gl0
14812096543,FORWARD_PROPAGATE_LAYER,183,1994840,DSP,graph_xvgj3gl0
14812096543,FORWARD_PROPAGATE_LAYER,184,2281483,DSP,graph_xvgj3gl0
14812096543,FORWARD_PROPAGATE_LAYER,185,408078,DSP,graph_xvgj3gl0
14812096543,FORWARD_PROPAGATE_LAYER,186,2510907,DSP,graph_xvgj3gl0
14812096543,FORWARD_PROPAGATE_LAYER,187,3370317,DSP,graph_xvgj3gl0
14812096543,FORWARD_PROPAGATE_LAYER,188,1352751,DSP,graph_xvgj3gl0
14812096543,FORWARD_PROPAGATE_LAYER,189,1985458,DSP,graph_xvgj3gl0
14812096543,FORWARD_PROPAGATE_LAYER,190,5593,DSP,graph_xvgj3gl0
14812096543,FORWARD_PROPAGATE_LAYER,191,1152890,DSP,graph_xvgj3gl0
14812096543,FORWARD_PROPAGATE_LAYER,192,488584,DSP,graph_xvgj3gl0
14812096543,FORWARD_PROPAGATE_LAYER,193,1165156,DSP,graph_xvgj3gl0
14812096543,FORWARD_PROPAGATE_LAYER,194,1158828,DSP,graph_xvgj3gl0
14812096543,FORWARD_PROPAGATE_LAYER,195,7103634,DSP,graph_xvgj3gl0
14812096543,FORWARD_PROPAGATE_LAYER,196,1219904,DSP,graph_xvgj3gl0
14812096543,FORWARD_PROPAGATE_LAYER,197,330953,DSP,graph_xvgj3gl0
14812096543,FORWARD_PROPAGATE_LAYER,198,336398,DSP,graph_xvgj3gl0
14812096543,FORWARD_PROPAGATE_LAYER,199,393155,DSP,graph_xvgj3gl0
14812096543,FORWARD_PROPAGATE_LAYER,200,2937821,DSP,graph_xvgj3gl0
14812096543,FORWARD_PROPAGATE_LAYER,201,0,DSP,graph_xvgj3gl0
14812096543,FORWARD_PROPAGATE_LAYER,202,638964,DSP,graph_xvgj3gl0
14812096543,FORWARD_PROPAGATE_LAYER,203,3369787,DSP,graph_xvgj3gl0
14812096543,FORWARD_PROPAGATE_LAYER,204,0,DSP,graph_xvgj3gl0
14812096543,FORWARD_PROPAGATE_LAYER,205,664199,DSP,graph_xvgj3gl0
14812096543,FORWARD_PROPAGATE_LAYER,206,3652589,DSP,graph_xvgj3gl0
14812096543,FORWARD_PROPAGATE_LAYER,207,0,DSP,graph_xvgj3gl0
14812096543,FORWARD_PROPAGATE_LAYER,208,600930,DSP,graph_xvgj3gl0
14812096543,FORWARD_PROPAGATE_LAYER,209,2122212,DSP,graph_xvgj3gl0
14812096543,FORWARD_PROPAGATE_LAYER,210,0,DSP,graph_xvgj3gl0
14812096543,FORWARD_PROPAGATE_LAYER,211,553319,DSP,graph_xvgj3gl0
14812096543,FORWARD_PROPAGATE_LAYER,212,0,DSP,graph_xvgj3gl0
14812096543,FORWARD_PROPAGATE_LAYER,213,3070473,DSP,graph_xvgj3gl0
14812096543,FORWARD_PROPAGATE_LAYER,214,1994721,DSP,graph_xvgj3gl0
14812096543,FORWARD_PROPAGATE_LAYER,215,2292314,DSP,graph_xvgj3gl0
14812096543,FORWARD_PROPAGATE_LAYER,216,412975,DSP,graph_xvgj3gl0
14812096543,FORWARD_PROPAGATE_LAYER,217,2483122,DSP,graph_xvgj3gl0
14812096543,FORWARD_PROPAGATE_LAYER,218,3410854,DSP,graph_xvgj3gl0
14812096543,FORWARD_PROPAGATE_LAYER,219,1353431,DSP,graph_xvgj3gl0
14812096543,FORWARD_PROPAGATE_LAYER,220,1965424,DSP,graph_xvgj3gl0
14812096543,FORWARD_PROPAGATE_LAYER,221,4919,DSP,graph_xvgj3gl0
14812096543,FORWARD_PROPAGATE_LAYER,222,1144827,DSP,graph_xvgj3gl0
14812096543,FORWARD_PROPAGATE_LAYER,223,484994,DSP,graph_xvgj3gl0
14812096543,FORWARD_PROPAGATE_LAYER,224,1159615,DSP,graph_xvgj3gl0
14812096543,FORWARD_PROPAGATE_LAYER,225,1156135,DSP,graph_xvgj3gl0
14812096543,FORWARD_PROPAGATE_LAYER,226,7139276,DSP,graph_xvgj3gl0
14812096543,FORWARD_PROPAGATE_LAYER,227,1215747,DSP,graph_xvgj3gl0
14812096543,FORWARD_PROPAGATE_LAYER,228,330513,DSP,graph_xvgj3gl0
14812096543,FORWARD_PROPAGATE_LAYER,229,331356,DSP,graph_xvgj3gl0
14812096543,FORWARD_PROPAGATE_LAYER,230,413687,DSP,graph_xvgj3gl0
14812096543,FORWARD_PROPAGATE_LAYER,231,2967714,DSP,graph_xvgj3gl0
14812096543,FORWARD_PROPAGATE_LAYER,232,0,DSP,graph_xvgj3gl0
14812096543,FORWARD_PROPAGATE_LAYER,233,573777,DSP,graph_xvgj3gl0
14812096543,FORWARD_PROPAGATE_LAYER,234,3360937,DSP,graph_xvgj3gl0
14812096543,FORWARD_PROPAGATE_LAYER,235,0,DSP,graph_xvgj3gl0
14812096543,FORWARD_PROPAGATE_LAYER,236,656610,DSP,graph_xvgj3gl0
14812096543,FORWARD_PROPAGATE_LAYER,237,3680823,DSP,graph_xvgj3gl0
14812096543,FORWARD_PROPAGATE_LAYER,238,0,DSP,graph_xvgj3gl0
14812096543,FORWARD_PROPAGATE_LAYER,239,598543,DSP,graph_xvgj3gl0
14812096543,FORWARD_PROPAGATE_LAYER,240,2124665,DSP,graph_xvgj3gl0
14812096543,FORWARD_PROPAGATE_LAYER,241,0,DSP,graph_xvgj3gl0
14812096543,FORWARD_PROPAGATE_LAYER,242,564511,DSP,graph_xvgj3gl0
14812096543,FORWARD_PROPAGATE_LAYER,243,0,DSP,graph_xvgj3gl0
14812096543,FORWARD_PROPAGATE_LAYER,244,3066724,DSP,graph_xvgj3gl0
14812096543,FORWARD_PROPAGATE_LAYER,245,2015011,DSP,graph_xvgj3gl0
14812096543,FORWARD_PROPAGATE_LAYER,246,2282874,DSP,graph_xvgj3gl0
14812096543,FORWARD_PROPAGATE_LAYER,247,410861,DSP,graph_xvgj3gl0
14812096543,FORWARD_PROPAGATE_LAYER,248,2479032,DSP,graph_xvgj3gl0
14812096543,FORWARD_PROPAGATE_LAYER,249,3362097,DSP,graph_xvgj3gl0
14812096543,FORWARD_PROPAGATE_LAYER,250,1347686,DSP,graph_xvgj3gl0
14812096543,FORWARD_PROPAGATE_LAYER,251,1969294,DSP,graph_xvgj3gl0
14812096543,FORWARD_PROPAGATE_LAYER,252,5340,DSP,graph_xvgj3gl0
14812096543,FORWARD_PROPAGATE_LAYER,253,1148730,DSP,graph_xvgj3gl0
14812096543,FORWARD_PROPAGATE_LAYER,254,483334,DSP,graph_xvgj3gl0
14812096543,FORWARD_PROPAGATE_LAYER,255,1167507,DSP,graph_xvgj3gl0
14812096543,FORWARD_PROPAGATE_LAYER,256,1159002,DSP,graph_xvgj3gl0
14812096543,FORWARD_PROPAGATE_LAYER,257,7125349,DSP,graph_xvgj3gl0
14812096543,FORWARD_PROPAGATE_LAYER,258,1214721,DSP,graph_xvgj3gl0
14812096543,FORWARD_PROPAGATE_LAYER,259,342185,DSP,graph_xvgj3gl0
14812096543,FORWARD_PROPAGATE_LAYER,260,336412,DSP,graph_xvgj3gl0
14812096543,FORWARD_PROPAGATE_LAYER,261,72063,DSP,graph_xvgj3gl0
14812096543,FORWARD_PROPAGATE_LAYER,262,20750969,DSP,graph_xvgj3gl0
14812096543,FORWARD_PROPAGATE_LAYER,263,0,DSP,graph_xvgj3gl0
14812096543,FORWARD_PROPAGATE_LAYER,264,4528431,DSP,graph_xvgj3gl0
14812096543,FORWARD_PROPAGATE_LAYER,265,34894907,DSP,graph_xvgj3gl0
14812096543,FORWARD_PROPAGATE_LAYER,266,0,DSP,graph_xvgj3gl0
14812096543,FORWARD_PROPAGATE_LAYER,267,3870461,DSP,graph_xvgj3gl0
14812096543,FORWARD_PROPAGATE_LAYER,268,0,DSP,graph_xvgj3gl0
14812096543,FORWARD_PROPAGATE_LAYER,269,1546586,DSP,graph_xvgj3gl0
14812096543,FORWARD_PROPAGATE_LAYER,270,379694,DSP,graph_xvgj3gl0
14812096543,FORWARD_PROPAGATE_LAYER,271,0,DSP,graph_xvgj3gl0
14812096543,FORWARD_PROPAGATE_LAYER,272,1220251,DSP,graph_xvgj3gl0
14812096543,FORWARD_PROPAGATE_LAYER,273,837922,DSP,graph_xvgj3gl0
14812096543,FORWARD_PROPAGATE_LAYER,274,1393701,DSP,graph_xvgj3gl0
14812096543,FORWARD_PROPAGATE_LAYER,275,841494,DSP,graph_xvgj3gl0
14812096543,FORWARD_PROPAGATE_LAYER,276,1486626,DSP,graph_xvgj3gl0
14812096543,EXECUTE_TIME_SUBNET_0,-1,459131958,DSP,graph_xvgj3gl0
14812096543,TOTAL_INFERENCE_TIME,-1,188327,us,graph_xvgj3gl0
14812096543,FORWARD_PROPAGATE,-1,188304,us,graph_xvgj3gl0
14812096543,FORWARD_PROPAGATE_LAYER,0,1003545,DSP,graph_xvgj3gl0
14812096543,FORWARD_PROPAGATE_LAYER,1,1379863,DSP,graph_xvgj3gl0
14812096543,FORWARD_PROPAGATE_LAYER,2,1217913,DSP,graph_xvgj3gl0
14812096543,FORWARD_PROPAGATE_LAYER,3,3015560,DSP,graph_xvgj3gl0
14812096543,FORWARD_PROPAGATE_LAYER,4,839421,DSP,graph_xvgj3gl0
14812096543,FORWARD_PROPAGATE_LAYER,5,5182007,DSP,graph_xvgj3gl0
14812096543,FORWARD_PROPAGATE_LAYER,6,967717,DSP,graph_xvgj3gl0
14812096543,FORWARD_PROPAGATE_LAYER,7,5375461,DSP,graph_xvgj3gl0
14812096543,FORWARD_PROPAGATE_LAYER,8,0,DSP,graph_xvgj3gl0
14812096543,FORWARD_PROPAGATE_LAYER,9,1491015,DSP,graph_xvgj3gl0
14812096543,FORWARD_PROPAGATE_LAYER,10,0,DSP,graph_xvgj3gl0
14812096543,FORWARD_PROPAGATE_LAYER,11,4126627,DSP,graph_xvgj3gl0
14812096543,FORWARD_PROPAGATE_LAYER,12,0,DSP,graph_xvgj3gl0
14812096543,FORWARD_PROPAGATE_LAYER,13,4035375,DSP,graph_xvgj3gl0
14812096543,FORWARD_PROPAGATE_LAYER,14,3383866,DSP,graph_xvgj3gl0
14812096543,FORWARD_PROPAGATE_LAYER,15,0,DSP,graph_xvgj3gl0
14812096543,FORWARD_PROPAGATE_LAYER,16,615548,DSP,graph_xvgj3gl0
14812096543,FORWARD_PROPAGATE_LAYER,17,3352870,DSP,graph_xvgj3gl0
14812096543,FORWARD_PROPAGATE_LAYER,18,0,DSP,graph_xvgj3gl0
14812096543,FORWARD_PROPAGATE_LAYER,19,605081,DSP,graph_xvgj3gl0
14812096543,FORWARD_PROPAGATE_LAYER,20,3569604,DSP,graph_xvgj3gl0
14812096543,FORWARD_PROPAGATE_LAYER,21,0,DSP,graph_xvgj3gl0
14812096543,FORWARD_PROPAGATE_LAYER,22,551313,DSP,graph_xvgj3gl0
14812096543,FORWARD_PROPAGATE_LAYER,23,2065077,DSP,graph_xvgj3gl0
14812096543,FORWARD_PROPAGATE_LAYER,24,0,DSP,graph_xvgj3gl0
14812096543,FORWARD_PROPAGATE_LAYER,25,509126,DSP,graph_xvgj3gl0
14812096543,FORWARD_PROPAGATE_LAYER,26,0,DSP,graph_xvgj3gl0
14812096543,FORWARD_PROPAGATE_LAYER,27,3065442,DSP,graph_xvgj3gl0
14812096543,FORWARD_PROPAGATE_LAYER,28,1978672,DSP,graph_xvgj3gl0
14812096543,FORWARD_PROPAGATE_LAYER,29,2232830,DSP,graph_xvgj3gl0
14812096543,FORWARD_PROPAGATE_LAYER,30,416096,DSP,graph_xvgj3gl0
14812096543,FORWARD_PROPAGATE_LAYER,31,2479877,DSP,graph_xvgj3gl0
14812096543,FORWARD_PROPAGATE_LAYER,32,3403477,DSP,graph_xvgj3gl0
14812096543,FORWARD_PROPAGATE_LAYER,33,1360741,DSP,graph_xvgj3gl0
14812096543,FORWARD_PROPAGATE_LAYER,34,1982573,DSP,graph_xvgj3gl0
14812096543,FORWARD_PROPAGATE_LAYER,35,6452,DSP,graph_xvgj3gl0
14812096543,FORWARD_PROPAGATE_LAYER,36,1155162,DSP,graph_xvgj3gl0
14812096543,FORWARD_PROPAGATE_LAYER,37,478785,DSP,graph_xvgj3gl0
14812096543,FORWARD_PROPAGATE_LAYER,38,1170380,DSP,graph_xvgj3gl0
14812096543,FORWARD_PROPAGATE_LAYER,39,1150978,DSP,graph_xvgj3gl0
14812096543,FORWARD_PROPAGATE_LAYER,40,7058330,DSP,graph_xvgj3gl0
14812096543,FORWARD_PROPAGATE_LAYER,41,1209912,DSP,graph_xvgj3gl0
14812096543,FORWARD_PROPAGATE_LAYER,42,325768,DSP,graph_xvgj3gl0
14812096543,FORWARD_PROPAGATE_LAYER,43,318780,DSP,graph_xvgj3gl0
14812096543,FORWARD_PROPAGATE_LAYER,44,421253,DSP,graph_xvgj3gl0
14812096543,FORWARD_PROPAGATE_LAYER,45,2942610,DSP,graph_xvgj3gl0
14812096543,FORWARD_PROPAGATE_LAYER,46,0,DSP,graph_xvgj3gl0
14812096543,FORWARD_PROPAGATE_LAYER,47,645932,DSP,graph_xvgj3gl0
14812096543,FORWARD_PROPAGATE_LAYER,48,3349188,DSP,graph_xvgj3gl0
14812096543,FORWARD_PROPAGATE_LAYER,49,0,DSP,graph_xvgj3gl0
14812096543,FORWARD_PROPAGATE_LAYER,50,664797,DSP,graph_xvgj3gl0
14812096543,FORWARD_PROPAGATE_LAYER,51,3670710,DSP,graph_xvgj3gl0
14812096543,FORWARD_PROPAGATE_LAYER,52,0,DSP,graph_xvgj3gl0
14812096543,FORWARD_PROPAGATE_LAYER,53,607117,DSP,graph_xvgj3gl0
14812096543,FORWARD_PROPAGATE_LAYER,54,2119907,DSP,graph_xvgj3gl0
14812096543,FORWARD_PROPAGATE_LAYER,55,0,DSP,graph_xvgj3gl0
14812096543,FORWARD_PROPAGATE_LAYER,56,545386,DSP,graph_xvgj3gl0
14812096543,FORWARD_PROPAGATE_LAYER,57,0,DSP,graph_xvgj3gl0
14812096543,FORWARD_PROPAGATE_LAYER,58,3092031,DSP,graph_xvgj3gl0
14812096543,FORWARD_PROPAGATE_LAYER,59,1998436,DSP,graph_xvgj3gl0
14812096543,FORWARD_PROPAGATE_LAYER,60,2283199,DSP,graph_xvgj3gl0
14812096543,FORWARD_PROPAGATE_LAYER,61,413299,DSP,graph_xvgj3gl0
14812096543,FORWARD_PROPAGATE_LAYER,62,2480675,DSP,graph_xvgj3gl0
14812096543,FORWARD_PROPAGATE_LAYER,63,3387456,DSP,graph_xvgj3gl0
14812096543,FORWARD_PROPAGATE_LAYER,64,1352406,DSP,graph_xvgj3gl0
14812096543,FORWARD_PROPAGATE_LAYER,65,1969938,DSP,graph_xvgj3gl0
14812096543,FORWARD_PROPAGATE_LAYER,66,4951,DSP,graph_xvgj3gl0
14812096543,FORWARD_PROPAGATE_LAYER,67,1152275,DSP,graph_xvgj3gl0
14812096543,FORWARD_PROPAGATE_LAYER,68,489750,DSP,graph_xvgj3gl0
14812096543,FORWARD_PROPAGATE_LAYER,69,1169040,DSP,graph_xvgj3gl0
14812096543,FORWARD_PROPAGATE_LAYER,70,1148946,DSP,graph_xvgj3gl0
14812096543,FORWARD_PROPAGATE_LAYER,71,7159893,DSP,graph_xvgj3gl0
14812096543,FORWARD_PROPAGATE_LAYER,72,1215817,DSP,graph_xvgj3gl0
14812096543,FORWARD_PROPAGATE_LAYER,73,320700,DSP,graph_xvgj3gl0
14812096543,FORWARD_PROPAGATE_LAYER,74,319360,DSP,graph_xvgj3gl0
14812096543,FORWARD_PROPAGATE_LAYER,75,394121,DSP,graph_xvgj3gl0
14812096543,FORWARD_PROPAGATE_LAYER,76,2950257,DSP,graph_xvgj3gl0
14812096543,FORWARD_PROPAGATE_LAYER,77,0,DSP,graph_xvgj3gl0
14812096543,FORWARD_PROPAGATE_LAYER,78,642796,DSP,graph_xvgj3gl0
14812096543,FORWARD_PROPAGATE_LAYER,79,3364885,DSP,graph_xvgj3gl0
14812096543,FORWARD_PROPAGATE_LAYER,80,0,DSP,graph_xvgj3gl0
14812096543,FORWARD_PROPAGATE_LAYER,81,661919,DSP,graph_xvgj3gl0
14812096543,FORWARD_PROPAGATE_LAYER,82,3676577,DSP,graph_xvgj3gl0
14812096543,FORWARD_PROPAGATE_LAYER,83,0,DSP,graph_xvgj3gl0
14812096543,FORWARD_PROPAGATE_LAYER,84,610355,DSP,graph_xvgj3gl0
14812096543,FORWARD_PROPAGATE_LAYER,85,2117091,DSP,graph_xvgj3gl0
14812096543,FORWARD_PROPAGATE_LAYER,86,0,DSP,graph_xvgj3gl0
14812096543,FORWARD_PROPAGATE_LAYER,87,556257,DSP,graph_xvgj3gl0
14812096543,FORWARD_PROPAGATE_LAYER,88,0,DSP,graph_xvgj3gl0
14812096543,FORWARD_PROPAGATE_LAYER,89,3101030,DSP,graph_xvgj3gl0
14812096543,FORWARD_PROPAGATE_LAYER,90,1991362,DSP,graph_xvgj3gl0
14812096543,FORWARD_PROPAGATE_LAYER,91,2275243,DSP,graph_xvgj3gl0
14812096543,FORWARD_PROPAGATE_LAYER,92,406405,DSP,graph_xvgj3gl0
14812096543,FORWARD_PROPAGATE_LAYER,93,2484550,DSP,graph_xvgj3gl0
14812096543,FORWARD_PROPAGATE_LAYER,94,3380120,DSP,graph_xvgj3gl0
14812096543,FORWARD_PROPAGATE_LAYER,95,1348190,DSP,graph_xvgj3gl0
14812096543,FORWARD_PROPAGATE_LAYER,96,1976900,DSP,graph_xvgj3gl0
14812096543,FORWARD_PROPAGATE_LAYER,97,3716,DSP,graph_xvgj3gl0
14812096543,FORWARD_PROPAGATE_LAYER,98,1142300,DSP,graph_xvgj3gl0
14812096543,FORWARD_PROPAGATE_LAYER,99,489915,DSP,graph_xvgj3gl0
14812096543,FORWARD_PROPAGATE_LAYER,100,1155249,DSP,graph_xvgj3gl0
14812096543,FORWARD_PROPAGATE_LAYER,101,1159542,DSP,graph_xvgj3gl0
14812096543,FORWARD_PROPAGATE_LAYER,102,7138260,DSP,graph_xvgj3gl0
14812096543,FORWARD_PROPAGATE_LAYER,103,1212396,DSP,graph_xvgj3gl0
14812096543,FORWARD_PROPAGATE_LAYER,104,323299,DSP,graph_xvgj3gl0
14812096543,FORWARD_PROPAGATE_LAYER,105,326733,DSP,graph_xvgj3gl0
14812096543,FORWARD_PROPAGATE_LAYER,106,377255,DSP,graph_xvgj3gl0
14812096543,FORWARD_PROPAGATE_LAYER,107,2954901,DSP,graph_xvgj3gl0
14812096543,FORWARD_PROPAGATE_LAYER,108,0,DSP,graph_xvgj3gl0
14812096543,FORWARD_PROPAGATE_LAYER,109,637752,DSP,graph_xvgj3gl0
14812096543,FORWARD_PROPAGATE_LAYER,110,3355443,DSP,graph_xvgj3gl0
14812096543,FORWARD_PROPAGATE_LAYER,111,0,DSP,graph_xvgj3gl0
14812096543,FORWARD_PROPAGATE_LAYER,112,666358,DSP,graph_xvgj3gl0
14812096543,FORWARD_PROPAGATE_LAYER,113,3699223,DSP,graph_xvgj3gl0
14812096543,FORWARD_PROPAGATE_LAYER,114,0,DSP,graph_xvgj3gl0
14812096543,FORWARD_PROPAGATE_LAYER,115,606484,DSP,graph_xvgj3gl0
14812096543,FORWARD_PROPAGATE_LAYER,116,2122068,DSP,graph_xvgj3gl0
14812096543,FORWARD_PROPAGATE_LAYER,117,0,DSP,graph_xvgj3gl0
14812096543,FORWARD_PROPAGATE_LAYER,118,549808,DSP,graph_xvgj3gl0
14812096543,FORWARD_PROPAGATE_LAYER,119,0,DSP,graph_xvgj3gl0
14812096543,FORWARD_PROPAGATE_LAYER,120,3066203,DSP,graph_xvgj3gl0
14812096543,FORWARD_PROPAGATE_LAYER,121,1980742,DSP,graph_xvgj3gl0
14812096543,FORWARD_PROPAGATE_LAYER,122,2271792,DSP,graph_xvgj3gl0
14812096543,FORWARD_PROPAGATE_LAYER,123,407157,DSP,graph_xvgj3gl0
14812096543,FORWARD_PROPAGATE_LAYER,124,2494068,DSP,graph_xvgj3gl0
14812096543,FORWARD_PROPAGATE_LAYER,125,3396081,DSP,graph_xvgj3gl0
14812096543,FORWARD_PROPAGATE_LAYER,126,1341594,DSP,graph_xvgj3gl0
14812096543,FORWARD_PROPAGATE_LAYER,127,1971829,DSP,graph_xvgj3gl0
14812096543,FORWARD_PROPAGATE_LAYER,128,6611,DSP,graph_xvgj3gl0
14812096543,FORWARD_PROPAGATE_LAYER,129,1143694,DSP,graph_xvgj3gl0
14812096543,FORWARD_PROPAGATE_LAYER,130,496502,DSP,graph_xvgj3gl0
14812096543,FORWARD_PROPAGATE_LAYER,131,1165732,DSP,graph_xvgj3gl0
14812096543,FORWARD_PROPAGATE_LAYER,132,1150315,DSP,graph_xvgj3gl0
14812096543,FORWARD_PROPAGATE_LAYER,133,7151111,DSP,graph_xvgj3gl0
14812096543,FORWARD_PROPAGATE_LAYER,134,1211814,DSP,graph_xvgj3gl0
14812096543,FORWARD_PROPAGATE_LAYER,135,322843,DSP,graph_xvgj3gl0
14812096543,FORWARD_PROPAGATE_LAYER,136,320891,DSP,graph_xvgj3gl0
14812096543,FORWARD_PROPAGATE_LAYER,137,401110,DSP,graph_xvgj3gl0
14812096543,FORWARD_PROPAGATE_LAYER,138,2951191,DSP,graph_xvgj3gl0
14812096543,FORWARD_PROPAGATE_LAYER,139,0,DSP,graph_xvgj3gl0
14812096543,FORWARD_PROPAGATE_LAYER,140,633129,DSP,graph_xvgj3gl0
14812096543,FORWARD_PROPAGATE_LAYER,141,3349197,DSP,graph_xvgj3gl0
14812096543,FORWARD_PROPAGATE_LAYER,142,0,DSP,graph_xvgj3gl0
14812096543,FORWARD_PROPAGATE_LAYER,143,663615,DSP,graph_xvgj3gl0
14812096543,FORWARD_PROPAGATE_LAYER,144,3683570,DSP,graph_xvgj3gl0
14812096543,FORWARD_PROPAGATE_LAYER,145,0,DSP,graph_xvgj3gl0
14812096543,FORWARD_PROPAGATE_LAYER,146,602552,DSP,graph_xvgj3gl0
14812096543,FORWARD_PROPAGATE_LAYER,147,2117064,DSP,graph_xvgj3gl0
14812096543,FORWARD_PROPAGATE_LAYER,148,0,DSP,graph_xvgj3gl0
14812096543,FORWARD_PROPAGATE_LAYER,149,548267,DSP,graph_xvgj3gl0
14812096543,FORWARD_PROPAGATE_LAYER,150,0,DSP,graph_xvgj3gl0
14812096543,FORWARD_PROPAGATE_LAYER,151,3081757,DSP,graph_xvgj3gl0
14812096543,FORWARD_PROPAGATE_LAYER,152,1994495,DSP,graph_xvgj3gl0
14812096543,FORWARD_PROPAGATE_LAYER,153,2278328,DSP,graph_xvgj3gl0
14812096543,FORWARD_PROPAGATE_LAYER,154,411176,DSP,graph_xvgj3gl0
14812096543,FORWARD_PROPAGATE_LAYER,155,2476268,DSP,graph_xvgj3gl0
14812096543,FORWARD_PROPAGATE_LAYER,156,3375871,DSP,graph_xvgj3gl0
14812096543,FORWARD_PROPAGATE_LAYER,157,1345637,DSP,graph_xvgj3gl0
14812096543,FORWARD_PROPAGATE_LAYER,158,1974833,DSP,graph_xvgj3gl0
14812096543,FORWARD_PROPAGATE_LAYER,159,3652,DSP,graph_xvgj3gl0
14812096543,FORWARD_PROPAGATE_LAYER,160,1143301,DSP,graph_xvgj3gl0
14812096543,FORWARD_PROPAGATE_LAYER,161,472703,DSP,graph_xvgj3gl0
14812096543,FORWARD_PROPAGATE_LAYER,162,1172052,DSP,graph_xvgj3gl0
14812096543,FORWARD_PROPAGATE_LAYER,163,1156692,DSP,graph_xvgj3gl0
14812096543,FORWARD_PROPAGATE_LAYER,164,7091967,DSP,graph_xvgj3gl0
14812096543,FORWARD_PROPAGATE_LAYER,165,1217449,DSP,graph_xvgj3gl0
14812096543,FORWARD_PROPAGATE_LAYER,166,329383,DSP,graph_xvgj3gl0
14812096543,FORWARD_PROPAGATE_LAYER,167,321497,DSP,graph_xvgj3gl0
14812096543,FORWARD_PROPAGATE_LAYER,168,384684,DSP,graph_xvgj3gl0
14812096543,FORWARD_PROPAGATE_LAYER,169,2945088,DSP,graph_xvgj3gl0
14812096543,FORWARD_PROPAGATE_LAYER,170,0,DSP,graph_xvgj3gl0
14812096543,FORWARD_PROPAGATE_LAYER,171,640813,DSP,graph_xvgj3gl0
14812096543,FORWARD_PROPAGATE_LAYER,172,3360883,DSP,graph_xvgj3gl0
14812096543,FORWARD_PROPAGATE_LAYER,173,0,DSP,graph_xvgj3gl0
14812096543,FORWARD_PROPAGATE_LAYER,174,659336,DSP,graph_xvgj3gl0
14812096543,FORWARD_PROPAGATE_LAYER,175,3677362,DSP,graph_xvgj3gl0
14812096543,FORWARD_PROPAGATE_LAYER,176,0,DSP,graph_xvgj3gl0
14812096543,FORWARD_PROPAGATE_LAYER,177,626583,DSP,graph_xvgj3gl0
14812096543,FORWARD_PROPAGATE_LAYER,178,2197369,DSP,graph_xvgj3gl0
14812096543,FORWARD_PROPAGATE_LAYER,179,0,DSP,graph_xvgj3gl0
14812096543,FORWARD_PROPAGATE_LAYER,180,546493,DSP,graph_xvgj3gl0
14812096543,FORWARD_PROPAGATE_LAYER,181,0,DSP,graph_xvgj3gl0
14812096543,FORWARD_PROPAGATE_LAYER,182,3084293,DSP,graph_xvgj3gl0
14812096543,FORWARD_PROPAGATE_LAYER,183,1995818,DSP,graph_xvgj3gl0
14812096543,FORWARD_PROPAGATE_LAYER,184,2278083,DSP,graph_xvgj3gl0
14812096543,FORWARD_PROPAGATE_LAYER,185,414662,DSP,graph_xvgj3gl0
14812096543,FORWARD_PROPAGATE_LAYER,186,2514115,DSP,graph_xvgj3gl0
14812096543,FORWARD_PROPAGATE_LAYER,187,3374211,DSP,graph_xvgj3gl0
14812096543,FORWARD_PROPAGATE_LAYER,188,1351122,DSP,graph_xvgj3gl0
14812096543,FORWARD_PROPAGATE_LAYER,189,1978100,DSP,graph_xvgj3gl0
14812096543,FORWARD_PROPAGATE_LAYER,190,4505,DSP,graph_xvgj3gl0
14812096543,FORWARD_PROPAGATE_LAYER,191,1148593,DSP,graph_xvgj3gl0
14812096543,FORWARD_PROPAGATE_LAYER,192,489325,DSP,graph_xvgj3gl0
14812096543,FORWARD_PROPAGATE_LAYER,193,1173021,DSP,graph_xvgj3gl0
14812096543,FORWARD_PROPAGATE_LAYER,194,1161073,DSP,graph_xvgj3gl0
14812096543,FORWARD_PROPAGATE_LAYER,195,7101415,DSP,graph_xvgj3gl0
14812096543,FORWARD_PROPAGATE_LAYER,196,1213814,DSP,graph_xvgj3gl0
14812096543,FORWARD_PROPAGATE_LAYER,197,330576,DSP,graph_xvgj3gl0
14812096543,FORWARD_PROPAGATE_LAYER,198,337276,DSP,graph_xvgj3gl0
14812096543,FORWARD_PROPAGATE_LAYER,199,393414,DSP,graph_xvgj3gl0
14812096543,FORWARD_PROPAGATE_LAYER,200,2936425,DSP,graph_xvgj3gl0
14812096543,FORWARD_PROPAGATE_LAYER,201,0,DSP,graph_xvgj3gl0
14812096543,FORWARD_PROPAGATE_LAYER,202,637740,DSP,graph_xvgj3gl0
14812096543,FORWARD_PROPAGATE_LAYER,203,3370071,DSP,graph_xvgj3gl0
14812096543,FORWARD_PROPAGATE_LAYER,204,0,DSP,graph_xvgj3gl0
14812096543,FORWARD_PROPAGATE_LAYER,205,664954,DSP,graph_xvgj3gl0
14812096543,FORWARD_PROPAGATE_LAYER,206,3674242,DSP,graph_xvgj3gl0
14812096543,FORWARD_PROPAGATE_LAYER,207,0,DSP,graph_xvgj3gl0
14812096543,FORWARD_PROPAGATE_LAYER,208,601207,DSP,graph_xvgj3gl0
14812096543,FORWARD_PROPAGATE_LAYER,209,2135367,DSP,graph_xvgj3gl0
14812096543,FORWARD_PROPAGATE_LAYER,210,0,DSP,graph_xvgj3gl0
14812096543,FORWARD_PROPAGATE_LAYER,211,550386,DSP,graph_xvgj3gl0
14812096543,FORWARD_PROPAGATE_LAYER,212,0,DSP,graph_xvgj3gl0
14812096543,FORWARD_PROPAGATE_LAYER,213,3092982,DSP,graph_xvgj3gl0
14812096543,FORWARD_PROPAGATE_LAYER,214,1997288,DSP,graph_xvgj3gl0
14812096543,FORWARD_PROPAGATE_LAYER,215,2288774,DSP,graph_xvgj3gl0
14812096543,FORWARD_PROPAGATE_LAYER,216,413356,DSP,graph_xvgj3gl0
14812096543,FORWARD_PROPAGATE_LAYER,217,2484247,DSP,graph_xvgj3gl0
14812096543,FORWARD_PROPAGATE_LAYER,218,3376007,DSP,graph_xvgj3gl0
14812096543,FORWARD_PROPAGATE_LAYER,219,1350483,DSP,graph_xvgj3gl0
14812096543,FORWARD_PROPAGATE_LAYER,220,1973329,DSP,graph_xvgj3gl0
14812096543,FORWARD_PROPAGATE_LAYER,221,4700,DSP,graph_xvgj3gl0
14812096543,FORWARD_PROPAGATE_LAYER,222,1142593,DSP,graph_xvgj3gl0
14812096543,FORWARD_PROPAGATE_LAYER,223,485706,DSP,graph_xvgj3gl0
14812096543,FORWARD_PROPAGATE_LAYER,224,1163992,DSP,graph_xvgj3gl0
14812096543,FORWARD_PROPAGATE_LAYER,225,1159398,DSP,graph_xvgj3gl0
14812096543,FORWARD_PROPAGATE_LAYER,226,7137665,DSP,graph_xvgj3gl0
14812096543,FORWARD_PROPAGATE_LAYER,227,1214196,DSP,graph_xvgj3gl0
14812096543,FORWARD_PROPAGATE_LAYER,228,331166,DSP,graph_xvgj3gl0
14812096543,FORWARD_PROPAGATE_LAYER,229,331704,DSP,graph_xvgj3gl0
14812096543,FORWARD_PROPAGATE_LAYER,230,411244,DSP,graph_xvgj3gl0
14812096543,FORWARD_PROPAGATE_LAYER,231,2946180,DSP,graph_xvgj3gl0
14812096543,FORWARD_PROPAGATE_LAYER,232,0,DSP,graph_xvgj3gl0
14812096543,FORWARD_PROPAGATE_LAYER,233,569643,DSP,graph_xvgj3gl0
14812096543,FORWARD_PROPAGATE_LAYER,234,3354107,DSP,graph_xvgj3gl0
14812096543,FORWARD_PROPAGATE_LAYER,235,0,DSP,graph_xvgj3gl0
14812096543,FORWARD_PROPAGATE_LAYER,236,657485,DSP,graph_xvgj3gl0
14812096543,FORWARD_PROPAGATE_LAYER,237,3676373,DSP,graph_xvgj3gl0
14812096543,FORWARD_PROPAGATE_LAYER,238,0,DSP,graph_xvgj3gl0
14812096543,FORWARD_PROPAGATE_LAYER,239,587268,DSP,graph_xvgj3gl0
14812096543,FORWARD_PROPAGATE_LAYER,240,2120705,DSP,graph_xvgj3gl0
14812096543,FORWARD_PROPAGATE_LAYER,241,0,DSP,graph_xvgj3gl0
14812096543,FORWARD_PROPAGATE_LAYER,242,567424,DSP,graph_xvgj3gl0
14812096543,FORWARD_PROPAGATE_LAYER,243,0,DSP,graph_xvgj3gl0
14812096543,FORWARD_PROPAGATE_LAYER,244,3060739,DSP,graph_xvgj3gl0
14812096543,FORWARD_PROPAGATE_LAYER,245,2017020,DSP,graph_xvgj3gl0
14812096543,FORWARD_PROPAGATE_LAYER,246,2282224,DSP,graph_xvgj3gl0
14812096543,FORWARD_PROPAGATE_LAYER,247,412278,DSP,graph_xvgj3gl0
14812096543,FORWARD_PROPAGATE_LAYER,248,2480180,DSP,graph_xvgj3gl0
14812096543,FORWARD_PROPAGATE_LAYER,249,3343974,DSP,graph_xvgj3gl0
14812096543,FORWARD_PROPAGATE_LAYER,250,1347939,DSP,graph_xvgj3gl0
14812096543,FORWARD_PROPAGATE_LAYER,251,1973536,DSP,graph_xvgj3gl0
14812096543,FORWARD_PROPAGATE_LAYER,252,5728,DSP,graph_xvgj3gl0
14812096543,FORWARD_PROPAGATE_LAYER,253,1146040,DSP,graph_xvgj3gl0
14812096543,FORWARD_PROPAGATE_LAYER,254,485235,DSP,graph_xvgj3gl0
14812096543,FORWARD_PROPAGATE_LAYER,255,1168041,DSP,graph_xvgj3gl0
14812096543,FORWARD_PROPAGATE_LAYER,256,1160308,DSP,graph_xvgj3gl0
14812096543,FORWARD_PROPAGATE_LAYER,257,7119008,DSP,graph_xvgj3gl0
14812096543,FORWARD_PROPAGATE_LAYER,258,1215511,DSP,graph_xvgj3gl0
14812096543,FORWARD_PROPAGATE_LAYER,259,338971,DSP,graph_xvgj3gl0
14812096543,FORWARD_PROPAGATE_LAYER,260,335713,DSP,graph_xvgj3gl0
14812096543,FORWARD_PROPAGATE_LAYER,261,72290,DSP,graph_xvgj3gl0
14812096543,FORWARD_PROPAGATE_LAYER,262,20795087,DSP,graph_xvgj3gl0
14812096543,FORWARD_PROPAGATE_LAYER,263,0,DSP,graph_xvgj3gl0
14812096543,FORWARD_PROPAGATE_LAYER,264,4532804,DSP,graph_xvgj3gl0
14812096543,FORWARD_PROPAGATE_LAYER,265,34892781,DSP,graph_xvgj3gl0
14812096543,FORWARD_PROPAGATE_LAYER,266,0,DSP,graph_xvgj3gl0
14812096543,FORWARD_PROPAGATE_LAYER,267,3870440,DSP,graph_xvgj3gl0
14812096543,FORWARD_PROPAGATE_LAYER,268,0,DSP,graph_xvgj3gl0
14812096543,FORWARD_PROPAGATE_LAYER,269,1547304,DSP,graph_xvgj3gl0
14812096543,FORWARD_PROPAGATE_LAYER,270,379529,DSP,graph_xvgj3gl0
14812096543,FORWARD_PROPAGATE_LAYER,271,0,DSP,graph_xvgj3gl0
14812096543,FORWARD_PROPAGATE_LAYER,272,1225069,DSP,graph_xvgj3gl0
14812096543,FORWARD_PROPAGATE_LAYER,273,836130,DSP,graph_xvgj3gl0
14812096543,FORWARD_PROPAGATE_LAYER,274,1392439,DSP,graph_xvgj3gl0
14812096543,FORWARD_PROPAGATE_LAYER,275,848329,DSP,graph_xvgj3gl0
14812096543,FORWARD_PROPAGATE_LAYER,276,1496066,DSP,graph_xvgj3gl0
14812096543,EXECUTE_TIME_SUBNET_0,-1,459255642,DSP,graph_xvgj3gl0
14812096543,TOTAL_INFERENCE_TIME,-1,190263,us,graph_xvgj3gl0
14812096543,FORWARD_PROPAGATE,-1,190229,us,graph_xvgj3gl0
14812096543,FORWARD_PROPAGATE_LAYER,0,996552,DSP,graph_xvgj3gl0
14812096543,FORWARD_PROPAGATE_LAYER,1,1388233,DSP,graph_xvgj3gl0
14812096543,FORWARD_PROPAGATE_LAYER,2,1213009,DSP,graph_xvgj3gl0
14812096543,FORWARD_PROPAGATE_LAYER,3,3042638,DSP,graph_xvgj3gl0
14812096543,FORWARD_PROPAGATE_LAYER,4,825408,DSP,graph_xvgj3gl0
14812096543,FORWARD_PROPAGATE_LAYER,5,5157688,DSP,graph_xvgj3gl0
14812096543,FORWARD_PROPAGATE_LAYER,6,963075,DSP,graph_xvgj3gl0
14812096543,FORWARD_PROPAGATE_LAYER,7,5377982,DSP,graph_xvgj3gl0
14812096543,FORWARD_PROPAGATE_LAYER,8,0,DSP,graph_xvgj3gl0
14812096543,FORWARD_PROPAGATE_LAYER,9,1490674,DSP,graph_xvgj3gl0
14812096543,FORWARD_PROPAGATE_LAYER,10,0,DSP,graph_xvgj3gl0
14812096543,FORWARD_PROPAGATE_LAYER,11,4095362,DSP,graph_xvgj3gl0
14812096543,FORWARD_PROPAGATE_LAYER,12,0,DSP,graph_xvgj3gl0
14812096543,FORWARD_PROPAGATE_LAYER,13,4057135,DSP,graph_xvgj3gl0
14812096543,FORWARD_PROPAGATE_LAYER,14,3384122,DSP,graph_xvgj3gl0
14812096543,FORWARD_PROPAGATE_LAYER,15,0,DSP,graph_xvgj3gl0
14812096543,FORWARD_PROPAGATE_LAYER,16,614838,DSP,graph_xvgj3gl0
14812096543,FORWARD_PROPAGATE_LAYER,17,3357340,DSP,graph_xvgj3gl0
14812096543,FORWARD_PROPAGATE_LAYER,18,0,DSP,graph_xvgj3gl0
14812096543,FORWARD_PROPAGATE_LAYER,19,606203,DSP,graph_xvgj3gl0
14812096543,FORWARD_PROPAGATE_LAYER,20,3564539,DSP,graph_xvgj3gl0
14812096543,FORWARD_PROPAGATE_LAYER,21,0,DSP,graph_xvgj3gl0
14812096543,FORWARD_PROPAGATE_LAYER,22,551397,DSP,graph_xvgj3gl0
14812096543,FORWARD_PROPAGATE_LAYER,23,2064267,DSP,graph_xvgj3gl0
14812096543,FORWARD_PROPAGATE_LAYER,24,0,DSP,graph_xvgj3gl0
14812096543,FORWARD_PROPAGATE_LAYER,25,509282,DSP,graph_xvgj3gl0
14812096543,FORWARD_PROPAGATE_LAYER,26,0,DSP,graph_xvgj3gl0
14812096543,FORWARD_PROPAGATE_LAYER,27,3075606,DSP,graph_xvgj3gl0
14812096543,FORWARD_PROPAGATE_LAYER,28,1979340,DSP,graph_xvgj3gl0
14812096543,FORWARD_PROPAGATE_LAYER,29,2232630,DSP,graph_xvgj3gl0
14812096543,FORWARD_PROPAGATE_LAYER,30,416214,DSP,graph_xvgj3gl0
14812096543,FORWARD_PROPAGATE_LAYER,31,2483364,DSP,graph_xvgj3gl0
14812096543,FORWARD_PROPAGATE_LAYER,32,3373446,DSP,graph_xvgj3gl0
14812096543,FORWARD_PROPAGATE_LAYER,33,1379270,DSP,graph_xvgj3gl0
14812096543,FORWARD_PROPAGATE_LAYER,34,1979075,DSP,graph_xvgj3gl0
14812096543,FORWARD_PROPAGATE_LAYER,35,6408,DSP,graph_xvgj3gl0
14812096543,FORWARD_PROPAGATE_LAYER,36,1149961,DSP,graph_xvgj3gl0
14812096543,FORWARD_PROPAGATE_LAYER,37,476865,DSP,graph_xvgj3gl0
14812096543,FORWARD_PROPAGATE_LAYER,38,1165229,DSP,graph_xvgj3gl0
14812096543,FORWARD_PROPAGATE_LAYER,39,1141145,DSP,graph_xvgj3gl0
14812096543,FORWARD_PROPAGATE_LAYER,40,7074393,DSP,graph_xvgj3gl0
14812096543,FORWARD_PROPAGATE_LAYER,41,1210942,DSP,graph_xvgj3gl0
14812096543,FORWARD_PROPAGATE_LAYER,42,324374,DSP,graph_xvgj3gl0
14812096543,FORWARD_PROPAGATE_LAYER,43,320316,DSP,graph_xvgj3gl0
14812096543,FORWARD_PROPAGATE_LAYER,44,430331,DSP,graph_xvgj3gl0
14812096543,FORWARD_PROPAGATE_LAYER,45,2949223,DSP,graph_xvgj3gl0
14812096543,FORWARD_PROPAGATE_LAYER,46,0,DSP,graph_xvgj3gl0
14812096543,FORWARD_PROPAGATE_LAYER,47,638416,DSP,graph_xvgj3gl0
14812096543,FORWARD_PROPAGATE_LAYER,48,3353824,DSP,graph_xvgj3gl0
14812096543,FORWARD_PROPAGATE_LAYER,49,0,DSP,graph_xvgj3gl0
14812096543,FORWARD_PROPAGATE_LAYER,50,668868,DSP,graph_xvgj3gl0
14812096543,FORWARD_PROPAGATE_LAYER,51,3669936,DSP,graph_xvgj3gl0
14812096543,FORWARD_PROPAGATE_LAYER,52,0,DSP,graph_xvgj3gl0
14812096543,FORWARD_PROPAGATE_LAYER,53,623916,DSP,graph_xvgj3gl0
14812096543,FORWARD_PROPAGATE_LAYER,54,2185184,DSP,graph_xvgj3gl0
14812096543,FORWARD_PROPAGATE_LAYER,55,0,DSP,graph_xvgj3gl0
14812096543,FORWARD_PROPAGATE_LAYER,56,549303,DSP,graph_xvgj3gl0
14812096543,FORWARD_PROPAGATE_LAYER,57,0,DSP,graph_xvgj3gl0
14812096543,FORWARD_PROPAGATE_LAYER,58,3082172,DSP,graph_xvgj3gl0
14812096543,FORWARD_PROPAGATE_LAYER,59,1996968,DSP,graph_xvgj3gl0
14812096543,FORWARD_PROPAGATE_LAYER,60,2281713,DSP,graph_xvgj3gl0
14812096543,FORWARD_PROPAGATE_LAYER,61,409135,DSP,graph_xvgj3gl0
14812096543,FORWARD_PROPAGATE_LAYER,62,2484457,DSP,graph_xvgj3gl0
14812096543,FORWARD_PROPAGATE_LAYER,63,3354814,DSP,graph_xvgj3gl0
14812096543,FORWARD_PROPAGATE_LAYER,64,1378504,DSP,graph_xvgj3gl0
14812096543,FORWARD_PROPAGATE_LAYER,65,1970249,DSP,graph_xvgj3gl0
14812096543,FORWARD_PROPAGATE_LAYER,66,4940,DSP,graph_xvgj3gl0
14812096543,FORWARD_PROPAGATE_LAYER,67,1146891,DSP,graph_xvgj3gl0
14812096543,FORWARD_PROPAGATE_LAYER,68,490121,DSP,graph_xvgj3gl0
14812096543,FORWARD_PROPAGATE_LAYER,69,1165005,DSP,graph_xvgj3gl0
14812096543,FORWARD_PROPAGATE_LAYER,70,1148234,DSP,graph_xvgj3gl0
14812096543,FORWARD_PROPAGATE_LAYER,71,7159047,DSP,graph_xvgj3gl0
14812096543,FORWARD_PROPAGATE_LAYER,72,1212345,DSP,graph_xvgj3gl0
14812096543,FORWARD_PROPAGATE_LAYER,73,323252,DSP,graph_xvgj3gl0
14812096543,FORWARD_PROPAGATE_LAYER,74,319438,DSP,graph_xvgj3gl0
14812096543,FORWARD_PROPAGATE_LAYER,75,395557,DSP,graph_xvgj3gl0
14812096543,FORWARD_PROPAGATE_LAYER,76,2939385,DSP,graph_xvgj3gl0
14812096543,FORWARD_PROPAGATE_LAYER,77,0,DSP,graph_xvgj3gl0
14812096543,FORWARD_PROPAGATE_LAYER,78,640497,DSP,graph_xvgj3gl0
14812096543,FORWARD_PROPAGATE_LAYER,79,3371766,DSP,graph_xvgj3gl0
14812096543,FORWARD_PROPAGATE_LAYER,80,0,DSP,graph_xvgj3gl0
14812096543,FORWARD_PROPAGATE_LAYER,81,661364,DSP,graph_xvgj3gl0
14812096543,FORWARD_PROPAGATE_LAYER,82,3673771,DSP,graph_xvgj3gl0
14812096543,FORWARD_PROPAGATE_LAYER,83,0,DSP,graph_xvgj3gl0
14812096543,FORWARD_PROPAGATE_LAYER,84,611409,DSP,graph_xvgj3gl0
14812096543,FORWARD_PROPAGATE_LAYER,85,2139276,DSP,graph_xvgj3gl0
14812096543,FORWARD_PROPAGATE_LAYER,86,0,DSP,graph_xvgj3gl0
14812096543,FORWARD_PROPAGATE_LAYER,87,549467,DSP,graph_xvgj3gl0
14812096543,FORWARD_PROPAGATE_LAYER,88,0,DSP,graph_xvgj3gl0
14812096543,FORWARD_PROPAGATE_LAYER,89,3098409,DSP,graph_xvgj3gl0
14812096543,FORWARD_PROPAGATE_LAYER,90,1989854,DSP,graph_xvgj3gl0
14812096543,FORWARD_PROPAGATE_LAYER,91,2272964,DSP,graph_xvgj3gl0
14812096543,FORWARD_PROPAGATE_LAYER,92,408958,DSP,graph_xvgj3gl0
14812096543,FORWARD_PROPAGATE_LAYER,93,2487533,DSP,graph_xvgj3gl0
14812096543,FORWARD_PROPAGATE_LAYER,94,3373050,DSP,graph_xvgj3gl0
14812096543,FORWARD_PROPAGATE_LAYER,95,1346235,DSP,graph_xvgj3gl0
14812096543,FORWARD_PROPAGATE_LAYER,96,1965526,DSP,graph_xvgj3gl0
14812096543,FORWARD_PROPAGATE_LAYER,97,3879,DSP,graph_xvgj3gl0
14812096543,FORWARD_PROPAGATE_LAYER,98,1143640,DSP,graph_xvgj3gl0
14812096543,FORWARD_PROPAGATE_LAYER,99,489354,DSP,graph_xvgj3gl0
14812096543,FORWARD_PROPAGATE_LAYER,100,1162118,DSP,graph_xvgj3gl0
14812096543,FORWARD_PROPAGATE_LAYER,101,1157111,DSP,graph_xvgj3gl0
14812096543,FORWARD_PROPAGATE_LAYER,102,7151934,DSP,graph_xvgj3gl0
14812096543,FORWARD_PROPAGATE_LAYER,103,1217690,DSP,graph_xvgj3gl0
14812096543,FORWARD_PROPAGATE_LAYER,104,323466,DSP,graph_xvgj3gl0
14812096543,FORWARD_PROPAGATE_LAYER,105,327982,DSP,graph_xvgj3gl0
14812096543,FORWARD_PROPAGATE_LAYER,106,379819,DSP,graph_xvgj3gl0
14812096543,FORWARD_PROPAGATE_LAYER,107,2953546,DSP,graph_xvgj3gl0
14812096543,FORWARD_PROPAGATE_LAYER,108,0,DSP,graph_xvgj3gl0
14812096543,FORWARD_PROPAGATE_LAYER,109,634799,DSP,graph_xvgj3gl0
14812096543,FORWARD_PROPAGATE_LAYER,110,3371972,DSP,graph_xvgj3gl0
14812096543,FORWARD_PROPAGATE_LAYER,111,0,DSP,graph_xvgj3gl0
14812096543,FORWARD_PROPAGATE_LAYER,112,664732,DSP,graph_xvgj3gl0
14812096543,FORWARD_PROPAGATE_LAYER,113,3664250,DSP,graph_xvgj3gl0
14812096543,FORWARD_PROPAGATE_LAYER,114,0,DSP,graph_xvgj3gl0
14812096543,FORWARD_PROPAGATE_LAYER,115,619993,DSP,graph_xvgj3gl0
14812096543,FORWARD_PROPAGATE_LAYER,116,2165806,DSP,graph_xvgj3gl0
14812096543,FORWARD_PROPAGATE_LAYER,117,0,DSP,graph_xvgj3gl0
14812096543,FORWARD_PROPAGATE_LAYER,118,550104,DSP,graph_xvgj3gl0
14812096543,FORWARD_PROPAGATE_LAYER,119,0,DSP,graph_xvgj3gl0
14812096543,FORWARD_PROPAGATE_LAYER,120,3076721,DSP,graph_xvgj3gl0
14812096543,FORWARD_PROPAGATE_LAYER,121,1981561,DSP,graph_xvgj3gl0
14812096543,FORWARD_PROPAGATE_LAYER,122,2273788,DSP,graph_xvgj3gl0
14812096543,FORWARD_PROPAGATE_LAYER,123,408442,DSP,graph_xvgj3gl0
14812096543,FORWARD_PROPAGATE_LAYER,124,2494940,DSP,graph_xvgj3gl0
14812096543,FORWARD_PROPAGATE_LAYER,125,3369910,DSP,graph_xvgj3gl0
14812096543,FORWARD_PROPAGATE_LAYER,126,1339208,DSP,graph_xvgj3gl0
14812096543,FORWARD_PROPAGATE_LAYER,127,1981697,DSP,graph_xvgj3gl0
14812096543,FORWARD_PROPAGATE_LAYER,128,6346,DSP,graph_xvgj3gl0
14812096543,FORWARD_PROPAGATE_LAYER,129,1142791,DSP,graph_xvgj3gl0
14812096543,FORWARD_PROPAGATE_LAYER,130,492193,DSP,graph_xvgj3gl0
14812096543,FORWARD_PROPAGATE_LAYER,131,1162514,DSP,graph_xvgj3gl0
14812096543,FORWARD_PROPAGATE_LAYER,132,1151351,DSP,graph_xvgj3gl0
14812096543,FORWARD_PROPAGATE_LAYER,133,7155180,DSP,graph_xvgj3gl0
14812096543,FORWARD_PROPAGATE_LAYER,134,1213225,DSP,graph_xvgj3gl0
14812096543,FORWARD_PROPAGATE_LAYER,135,322054,DSP,graph_xvgj3gl0
14812096543,FORWARD_PROPAGATE_LAYER,136,327802,DSP,graph_xvgj3gl0
14812096543,FORWARD_PROPAGATE_LAYER,137,398042,DSP,graph_xvgj3gl0
14812096543,FORWARD_PROPAGATE_LAYER,138,2957378,DSP,graph_xvgj3gl0
14812096543,FORWARD_PROPAGATE_LAYER,139,0,DSP,graph_xvgj3gl0
14812096543,FORWARD_PROPAGATE_LAYER,140,632365,DSP,graph_xvgj3gl0
14812096543,FORWARD_PROPAGATE_LAYER,141,3351893,DSP,graph_xvgj3gl0
14812096543,FORWARD_PROPAGATE_LAYER,142,0,DSP,graph_xvgj3gl0
14812096543,FORWARD_PROPAGATE_LAYER,143,659202,DSP,graph_xvgj3gl0
14812096543,FORWARD_PROPAGATE_LAYER,144,3684513,DSP,graph_xvgj3gl0
14812096543,FORWARD_PROPAGATE_LAYER,145,0,DSP,graph_xvgj3gl0
14812096543,FORWARD_PROPAGATE_LAYER,146,610956,DSP,graph_xvgj3gl0
14812096543,FORWARD_PROPAGATE_LAYER,147,2113605,DSP,graph_xvgj3gl0
14812096543,FORWARD_PROPAGATE_LAYER,148,0,DSP,graph_xvgj3gl0
14812096543,FORWARD_PROPAGATE_LAYER,149,552997,DSP,graph_xvgj3gl0
14812096543,FORWARD_PROPAGATE_LAYER,150,0,DSP,graph_xvgj3gl0
14812096543,FORWARD_PROPAGATE_LAYER,151,3097439,DSP,graph_xvgj3gl0
14812096543,FORWARD_PROPAGATE_LAYER,152,1996292,DSP,graph_xvgj3gl0
14812096543,FORWARD_PROPAGATE_LAYER,153,2278881,DSP,graph_xvgj3gl0
14812096543,FORWARD_PROPAGATE_LAYER,154,409471,DSP,graph_xvgj3gl0
14812096543,FORWARD_PROPAGATE_LAYER,155,2483364,DSP,graph_xvgj3gl0
14812096543,FORWARD_PROPAGATE_LAYER,156,3373698,DSP,graph_xvgj3gl0
14812096543,FORWARD_PROPAGATE_LAYER,157,1353741,DSP,graph_xvgj3gl0
14812096543,FORWARD_PROPAGATE_LAYER,158,1970057,DSP,graph_xvgj3gl0
14812096543,FORWARD_PROPAGATE_LAYER,159,4334,DSP,graph_xvgj3gl0
14812096543,FORWARD_PROPAGATE_LAYER,160,1148866,DSP,graph_xvgj3gl0
14812096543,FORWARD_PROPAGATE_LAYER,161,474591,DSP,graph_xvgj3gl0
14812096543,FORWARD_PROPAGATE_LAYER,162,1168355,DSP,graph_xvgj3gl0
14812096543,FORWARD_PROPAGATE_LAYER,163,1159202,DSP,graph_xvgj3gl0
14812096543,FORWARD_PROPAGATE_LAYER,164,7102243,DSP,graph_xvgj3gl0
14812096543,FORWARD_PROPAGATE_LAYER,165,1217482,DSP,graph_xvgj3gl0
14812096543,FORWARD_PROPAGATE_LAYER,166,328749,DSP,graph_xvgj3gl0
14812096543,FORWARD_PROPAGATE_LAYER,167,321744,DSP,graph_xvgj3gl0
14812096543,FORWARD_PROPAGATE_LAYER,168,380938,DSP,graph_xvgj3gl0
14812096543,FORWARD_PROPAGATE_LAYER,169,2951535,DSP,graph_xvgj3gl0
14812096543,FORWARD_PROPAGATE_LAYER,170,0,DSP,graph_xvgj3gl0
14812096543,FORWARD_PROPAGATE_LAYER,171,635039,DSP,graph_xvgj3gl0
14812096543,FORWARD_PROPAGATE_LAYER,172,3361230,DSP,graph_xvgj3gl0
14812096543,FORWARD_PROPAGATE_LAYER,173,0,DSP,graph_xvgj3gl0
14812096543,FORWARD_PROPAGATE_LAYER,174,660641,DSP,graph_xvgj3gl0
14812096543,FORWARD_PROPAGATE_LAYER,175,3691146,DSP,graph_xvgj3gl0
14812096543,FORWARD_PROPAGATE_LAYER,176,0,DSP,graph_xvgj3gl0
14812096543,FORWARD_PROPAGATE_LAYER,177,601684,DSP,graph_xvgj3gl0
14812096543,FORWARD_PROPAGATE_LAYER,178,2132428,DSP,graph_xvgj3gl0
14812096543,FORWARD_PROPAGATE_LAYER,179,0,DSP,graph_xvgj3gl0
14812096543,FORWARD_PROPAGATE_LAYER,180,541965,DSP,graph_xvgj3gl0
14812096543,FORWARD_PROPAGATE_LAYER,181,0,DSP,graph_xvgj3gl0
14812096543,FORWARD_PROPAGATE_LAYER,182,3097251,DSP,graph_xvgj3gl0
14812096543,FORWARD_PROPAGATE_LAYER,183,1995601,DSP,graph_xvgj3gl0
14812096543,FORWARD_PROPAGATE_LAYER,184,2277021,DSP,graph_xvgj3gl0
14812096543,FORWARD_PROPAGATE_LAYER,185,408817,DSP,graph_xvgj3gl0
14812096543,FORWARD_PROPAGATE_LAYER,186,2502414,DSP,graph_xvgj3gl0
14812096543,FORWARD_PROPAGATE_LAYER,187,3389341,DSP,graph_xvgj3gl0
14812096543,FORWARD_PROPAGATE_LAYER,188,1350438,DSP,graph_xvgj3gl0
14812096543,FORWARD_PROPAGATE_LAYER,189,1977766,DSP,graph_xvgj3gl0
14812096543,FORWARD_PROPAGATE_LAYER,190,5552,DSP,graph_xvgj3gl0
14812096543,FORWARD_PROPAGATE_LAYER,191,1147319,DSP,graph_xvgj3gl0
14812096543,FORWARD_PROPAGATE_LAYER,192,489919,DSP,graph_xvgj3gl0
14812096543,FORWARD_PROPAGATE_LAYER,193,1162281,DSP,graph_xvgj3gl0
14812096543,FORWARD_PROPAGATE_LAYER,194,1158192,DSP,graph_xvgj3gl0
14812096543,FORWARD_PROPAGATE_LAYER,195,7108813,DSP,graph_xvgj3gl0
14812096543,FORWARD_PROPAGATE_LAYER,196,1213905,DSP,graph_xvgj3gl0
14812096543,FORWARD_PROPAGATE_LAYER,197,331237,DSP,graph_xvgj3gl0
14812096543,FORWARD_PROPAGATE_LAYER,198,336529,DSP,graph_xvgj3gl0
14812096543,FORWARD_PROPAGATE_LAYER,199,396454,DSP,graph_xvgj3gl0
14812096543,FORWARD_PROPAGATE_LAYER,200,2945220,DSP,graph_xvgj3gl0
14812096543,FORWARD_PROPAGATE_LAYER,201,0,DSP,graph_xvgj3gl0
14812096543,FORWARD_PROPAGATE_LAYER,202,634489,DSP,graph_xvgj3gl0
14812096543,FORWARD_PROPAGATE_LAYER,203,3361801,DSP,graph_xvgj3gl0
14812096543,FORWARD_PROPAGATE_LAYER,204,0,DSP,graph_xvgj3gl0
14812096543,FORWARD_PROPAGATE_LAYER,205,663349,DSP,graph_xvgj3gl0
14812096543,FORWARD_PROPAGATE_LAYER,206,3688904,DSP,graph_xvgj3gl0
14812096543,FORWARD_PROPAGATE_LAYER,207,0,DSP,graph_xvgj3gl0
14812096543,FORWARD_PROPAGATE_LAYER,208,601726,DSP,graph_xvgj3gl0
14812096543,FORWARD_PROPAGATE_LAYER,209,2138561,DSP,graph_xvgj3gl0
14812096543,FORWARD_PROPAGATE_LAYER,210,0,DSP,graph_xvgj3gl0
14812096543,FORWARD_PROPAGATE_LAYER,211,544517,DSP,graph_xvgj3gl0
14812096543,FORWARD_PROPAGATE_LAYER,212,0,DSP,graph_xvgj3gl0
14812096543,FORWARD_PROPAGATE_LAYER,213,3090363,DSP,graph_xvgj3gl0
14812096543,FORWARD_PROPAGATE_LAYER,214,1993975,DSP,graph_xvgj3gl0
14812096543,FORWARD_PROPAGATE_LAYER,215,2289378,DSP,graph_xvgj3gl0
14812096543,FORWARD_PROPAGATE_LAYER,216,411878,DSP,graph_xvgj3gl0
14812096543,FORWARD_PROPAGATE_LAYER,217,2472594,DSP,graph_xvgj3gl0
14812096543,FORWARD_PROPAGATE_LAYER,218,3374112,DSP,graph_xvgj3gl0
14812096543,FORWARD_PROPAGATE_LAYER,219,1350046,DSP,graph_xvgj3gl0
14812096543,FORWARD_PROPAGATE_LAYER,220,1971727,DSP,graph_xvgj3gl0
14812096543,FORWARD_PROPAGATE_LAYER,221,3628,DSP,graph_xvgj3gl0
14812096543,FORWARD_PROPAGATE_LAYER,222,1144903,DSP,graph_xvgj3gl0
14812096543,FORWARD_PROPAGATE_LAYER,223,486664,DSP,graph_xvgj3gl0
14812096543,FORWARD_PROPAGATE_LAYER,224,1152549,DSP,graph_xvgj3gl0
14812096543,FORWARD_PROPAGATE_LAYER,225,1159464,DSP,graph_xvgj3gl0
14812096543,FORWARD_PROPAGATE_LAYER,226,7138991,DSP,graph_xvgj3gl0
14812096543,FORWARD_PROPAGATE_LAYER,227,1212994,DSP,graph_xvgj3gl0
14812096543,FORWARD_PROPAGATE_LAYER,228,330750,DSP,graph_xvgj3gl0
14812096543,FORWARD_PROPAGATE_LAYER,229,331983,DSP,graph_xvgj3gl0
14812096543,FORWARD_PROPAGATE_LAYER,230,410673,DSP,graph_xvgj3gl0
14812096543,FORWARD_PROPAGATE_LAYER,231,2950924,DSP,graph_xvgj3gl0
14812096543,FORWARD_PROPAGATE_LAYER,232,0,DSP,graph_xvgj3gl0
14812096543,FORWARD_PROPAGATE_LAYER,233,569506,DSP,graph_xvgj3gl0
14812096543,FORWARD_PROPAGATE_LAYER,234,3353928,DSP,graph_xvgj3gl0
14812096543,FORWARD_PROPAGATE_LAYER,235,0,DSP,graph_xvgj3gl0
14812096543,FORWARD_PROPAGATE_LAYER,236,655001,DSP,graph_xvgj3gl0
14812096543,FORWARD_PROPAGATE_LAYER,237,3661232,DSP,graph_xvgj3gl0
14812096543,FORWARD_PROPAGATE_LAYER,238,0,DSP,graph_xvgj3gl0
14812096543,FORWARD_PROPAGATE_LAYER,239,612586,DSP,graph_xvgj3gl0
14812096543,FORWARD_PROPAGATE_LAYER,240,2181969,DSP,graph_xvgj3gl0
14812096543,FORWARD_PROPAGATE_LAYER,241,0,DSP,graph_xvgj3gl0
14812096543,FORWARD_PROPAGATE_LAYER,242,560721,DSP,graph_xvgj3gl0
14812096543,FORWARD_PROPAGATE_LAYER,243,0,DSP,graph_xvgj3gl0
14812096543,FORWARD_PROPAGATE_LAYER,244,3068177,DSP,graph_xvgj3gl0
14812096543,FORWARD_PROPAGATE_LAYER,245,2015427,DSP,graph_xvgj3gl0
14812096543,FORWARD_PROPAGATE_LAYER,246,2279781,DSP,graph_xvgj3gl0
14812096543,FORWARD_PROPAGATE_LAYER,247,412074,DSP,graph_xvgj3gl0
14812096543,FORWARD_PROPAGATE_LAYER,248,2469260,DSP,graph_xvgj3gl0
14812096543,FORWARD_PROPAGATE_LAYER,249,3394853,DSP,graph_xvgj3gl0
14812096543,FORWARD_PROPAGATE_LAYER,250,1357838,DSP,graph_xvgj3gl0
14812096543,FORWARD_PROPAGATE_LAYER,251,1975192,DSP,graph_xvgj3gl0
14812096543,FORWARD_PROPAGATE_LAYER,252,3703,DSP,graph_xvgj3gl0
14812096543,FORWARD_PROPAGATE_LAYER,253,1145750,DSP,graph_xvgj3gl0
14812096543,FORWARD_PROPAGATE_LAYER,254,485618,DSP,graph_xvgj3gl0
14812096543,FORWARD_PROPAGATE_LAYER,255,1159292,DSP,graph_xvgj3gl0
14812096543,FORWARD_PROPAGATE_LAYER,256,1156747,DSP,graph_xvgj3gl0
14812096543,FORWARD_PROPAGATE_LAYER,257,7115028,DSP,graph_xvgj3gl0
14812096543,FORWARD_PROPAGATE_LAYER,258,1219169,DSP,graph_xvgj3gl0
14812096543,FORWARD_PROPAGATE_LAYER,259,341926,DSP,graph_xvgj3gl0
14812096543,FORWARD_PROPAGATE_LAYER,260,335687,DSP,graph_xvgj3gl0
14812096543,FORWARD_PROPAGATE_LAYER,261,72616,DSP,graph_xvgj3gl0
14812096543,FORWARD_PROPAGATE_LAYER,262,20790776,DSP,graph_xvgj3gl0
14812096543,FORWARD_PROPAGATE_LAYER,263,0,DSP,graph_xvgj3gl0
14812096543,FORWARD_PROPAGATE_LAYER,264,4533455,DSP,graph_xvgj3gl0
14812096543,FORWARD_PROPAGATE_LAYER,265,34883643,DSP,graph_xvgj3gl0
14812096543,FORWARD_PROPAGATE_LAYER,266,0,DSP,graph_xvgj3gl0
14812096543,FORWARD_PROPAGATE_LAYER,267,3870961,DSP,graph_xvgj3gl0
14812096543,FORWARD_PROPAGATE_LAYER,268,0,DSP,graph_xvgj3gl0
14812096543,FORWARD_PROPAGATE_LAYER,269,1545729,DSP,graph_xvgj3gl0
14812096543,FORWARD_PROPAGATE_LAYER,270,379758,DSP,graph_xvgj3gl0
14812096543,FORWARD_PROPAGATE_LAYER,271,0,DSP,graph_xvgj3gl0
14812096543,FORWARD_PROPAGATE_LAYER,272,1229276,DSP,graph_xvgj3gl0
14812096543,FORWARD_PROPAGATE_LAYER,273,837265,DSP,graph_xvgj3gl0
14812096543,FORWARD_PROPAGATE_LAYER,274,1388271,DSP,graph_xvgj3gl0
14812096543,FORWARD_PROPAGATE_LAYER,275,843794,DSP,graph_xvgj3gl0
14812096543,FORWARD_PROPAGATE_LAYER,276,1487007,DSP,graph_xvgj3gl0
14812096543,EXECUTE_TIME_SUBNET_0,-1,459108669,DSP,graph_xvgj3gl0
14812096543,TOTAL_INFERENCE_TIME,-1,187846,us,graph_xvgj3gl0
14812096543,FORWARD_PROPAGATE,-1,187815,us,graph_xvgj3gl0
14812096543,FORWARD_PROPAGATE_LAYER,0,1022615,DSP,graph_xvgj3gl0
14812096543,FORWARD_PROPAGATE_LAYER,1,1405388,DSP,graph_xvgj3gl0
14812096543,FORWARD_PROPAGATE_LAYER,2,1210265,DSP,graph_xvgj3gl0
14812096543,FORWARD_PROPAGATE_LAYER,3,3024815,DSP,graph_xvgj3gl0
14812096543,FORWARD_PROPAGATE_LAYER,4,825177,DSP,graph_xvgj3gl0
14812096543,FORWARD_PROPAGATE_LAYER,5,5077583,DSP,graph_xvgj3gl0
14812096543,FORWARD_PROPAGATE_LAYER,6,963685,DSP,graph_xvgj3gl0
14812096543,FORWARD_PROPAGATE_LAYER,7,5369979,DSP,graph_xvgj3gl0
14812096543,FORWARD_PROPAGATE_LAYER,8,0,DSP,graph_xvgj3gl0
14812096543,FORWARD_PROPAGATE_LAYER,9,1494384,DSP,graph_xvgj3gl0
14812096543,FORWARD_PROPAGATE_LAYER,10,0,DSP,graph_xvgj3gl0
14812096543,FORWARD_PROPAGATE_LAYER,11,4256215,DSP,graph_xvgj3gl0
14812096543,FORWARD_PROPAGATE_LAYER,12,0,DSP,graph_xvgj3gl0
14812096543,FORWARD_PROPAGATE_LAYER,13,4047406,DSP,graph_xvgj3gl0
14812096543,FORWARD_PROPAGATE_LAYER,14,3376112,DSP,graph_xvgj3gl0
14812096543,FORWARD_PROPAGATE_LAYER,15,0,DSP,graph_xvgj3gl0
14812096543,FORWARD_PROPAGATE_LAYER,16,616458,DSP,graph_xvgj3gl0
14812096543,FORWARD_PROPAGATE_LAYER,17,3357875,DSP,graph_xvgj3gl0
14812096543,FORWARD_PROPAGATE_LAYER,18,0,DSP,graph_xvgj3gl0
14812096543,FORWARD_PROPAGATE_LAYER,19,602703,DSP,graph_xvgj3gl0
14812096543,FORWARD_PROPAGATE_LAYER,20,3569614,DSP,graph_xvgj3gl0
14812096543,FORWARD_PROPAGATE_LAYER,21,0,DSP,graph_xvgj3gl0
14812096543,FORWARD_PROPAGATE_LAYER,22,552614,DSP,graph_xvgj3gl0
14812096543,FORWARD_PROPAGATE_LAYER,23,2086647,DSP,graph_xvgj3gl0
14812096543,FORWARD_PROPAGATE_LAYER,24,0,DSP,graph_xvgj3gl0
14812096543,FORWARD_PROPAGATE_LAYER,25,508439,DSP,graph_xvgj3gl0
14812096543,FORWARD_PROPAGATE_LAYER,26,0,DSP,graph_xvgj3gl0
14812096543,FORWARD_PROPAGATE_LAYER,27,3071495,DSP,graph_xvgj3gl0
14812096543,FORWARD_PROPAGATE_LAYER,28,1979212,DSP,graph_xvgj3gl0
14812096543,FORWARD_PROPAGATE_LAYER,29,2230479,DSP,graph_xvgj3gl0
14812096543,FORWARD_PROPAGATE_LAYER,30,415559,DSP,graph_xvgj3gl0
14812096543,FORWARD_PROPAGATE_LAYER,31,2477080,DSP,graph_xvgj3gl0
14812096543,FORWARD_PROPAGATE_LAYER,32,3404896,DSP,graph_xvgj3gl0
14812096543,FORWARD_PROPAGATE_LAYER,33,1351996,DSP,graph_xvgj3gl0
14812096543,FORWARD_PROPAGATE_LAYER,34,1983933,DSP,graph_xvgj3gl0
14812096543,FORWARD_PROPAGATE_LAYER,35,6508,DSP,graph_xvgj3gl0
14812096543,FORWARD_PROPAGATE_LAYER,36,1149485,DSP,graph_xvgj3gl0
14812096543,FORWARD_PROPAGATE_LAYER,37,477689,DSP,graph_xvgj3gl0
14812096543,FORWARD_PROPAGATE_LAYER,38,1165575,DSP,graph_xvgj3gl0
14812096543,FORWARD_PROPAGATE_LAYER,39,1142426,DSP,graph_xvgj3gl0
14812096543,FORWARD_PROPAGATE_LAYER,40,7067046,DSP,graph_xvgj3gl0
14812096543,FORWARD_PROPAGATE_LAYER,41,1218530,DSP,graph_xvgj3gl0
14812096543,FORWARD_PROPAGATE_LAYER,42,327450,DSP,graph_xvgj3gl0
14812096543,FORWARD_PROPAGATE_LAYER,43,319982,DSP,graph_xvgj3gl0
14812096543,FORWARD_PROPAGATE_LAYER,44,427922,DSP,graph_xvgj3gl0
14812096543,FORWARD_PROPAGATE_LAYER,45,2938289,DSP,graph_xvgj3gl0
14812096543,FORWARD_PROPAGATE_LAYER,46,0,DSP,graph_xvgj3gl0
14812096543,FORWARD_PROPAGATE_LAYER,47,643151,DSP,graph_xvgj3gl0
14812096543,FORWARD_PROPAGATE_LAYER,48,3365473,DSP,graph_xvgj3gl0
14812096543,FORWARD_PROPAGATE_LAYER,49,0,DSP,graph_xvgj3gl0
14812096543,FORWARD_PROPAGATE_LAYER,50,669961,DSP,graph_xvgj3gl0
14812096543,FORWARD_PROPAGATE_LAYER,51,3660961,DSP,graph_xvgj3gl0
14812096543,FORWARD_PROPAGATE_LAYER,52,0,DSP,graph_xvgj3gl0
14812096543,FORWARD_PROPAGATE_LAYER,53,610743,DSP,graph_xvgj3gl0
14812096543,FORWARD_PROPAGATE_LAYER,54,2109873,DSP,graph_xvgj3gl0
14812096543,FORWARD_PROPAGATE_LAYER,55,0,DSP,graph_xvgj3gl0
14812096543,FORWARD_PROPAGATE_LAYER,56,547202,DSP,graph_xvgj3gl0
14812096543,FORWARD_PROPAGATE_LAYER,57,0,DSP,graph_xvgj3gl0
14812096543,FORWARD_PROPAGATE_LAYER,58,3105953,DSP,graph_xvgj3gl0
14812096543,FORWARD_PROPAGATE_LAYER,59,1997195,DSP,graph_xvgj3gl0
14812096543,FORWARD_PROPAGATE_LAYER,60,2281447,DSP,graph_xvgj3gl0
14812096543,FORWARD_PROPAGATE_LAYER,61,408553,DSP,graph_xvgj3gl0
14812096543,FORWARD_PROPAGATE_LAYER,62,2479270,DSP,graph_xvgj3gl0
14812096543,FORWARD_PROPAGATE_LAYER,63,3387593,DSP,graph_xvgj3gl0
14812096543,FORWARD_PROPAGATE_LAYER,64,1348994,DSP,graph_xvgj3gl0
14812096543,FORWARD_PROPAGATE_LAYER,65,1965147,DSP,graph_xvgj3gl0
14812096543,FORWARD_PROPAGATE_LAYER,66,5439,DSP,graph_xvgj3gl0
14812096543,FORWARD_PROPAGATE_LAYER,67,1142029,DSP,graph_xvgj3gl0
14812096543,FORWARD_PROPAGATE_LAYER,68,489372,DSP,graph_xvgj3gl0
14812096543,FORWARD_PROPAGATE_LAYER,69,1167574,DSP,graph_xvgj3gl0
14812096543,FORWARD_PROPAGATE_LAYER,70,1156803,DSP,graph_xvgj3gl0
14812096543,FORWARD_PROPAGATE_LAYER,71,7165170,DSP,graph_xvgj3gl0
14812096543,FORWARD_PROPAGATE_LAYER,72,1210433,DSP,graph_xvgj3gl0
14812096543,FORWARD_PROPAGATE_LAYER,73,322484,DSP,graph_xvgj3gl0
14812096543,FORWARD_PROPAGATE_LAYER,74,327286,DSP,graph_xvgj3gl0
14812096543,FORWARD_PROPAGATE_LAYER,75,396261,DSP,graph_xvgj3gl0
14812096543,FORWARD_PROPAGATE_LAYER,76,2948265,DSP,graph_xvgj3gl0
14812096543,FORWARD_PROPAGATE_LAYER,77,0,DSP,graph_xvgj3gl0
14812096543,FORWARD_PROPAGATE_LAYER,78,642264,DSP,graph_xvgj3gl0
14812096543,FORWARD_PROPAGATE_LAYER,79,3366962,DSP,graph_xvgj3gl0
14812096543,FORWARD_PROPAGATE_LAYER,80,0,DSP,graph_xvgj3gl0
14812096543,FORWARD_PROPAGATE_LAYER,81,663452,DSP,graph_xvgj3gl0
14812096543,FORWARD_PROPAGATE_LAYER,82,3681473,DSP,graph_xvgj3gl0
14812096543,FORWARD_PROPAGATE_LAYER,83,0,DSP,graph_xvgj3gl0
14812096543,FORWARD_PROPAGATE_LAYER,84,611178,DSP,graph_xvgj3gl0
14812096543,FORWARD_PROPAGATE_LAYER,85,2132794,DSP,graph_xvgj3gl0
14812096543,FORWARD_PROPAGATE_LAYER,86,0,DSP,graph_xvgj3gl0
14812096543,FORWARD_PROPAGATE_LAYER,87,554027,DSP,graph_xvgj3gl0
14812096543,FORWARD_PROPAGATE_LAYER,88,0,DSP,graph_xvgj3gl0
14812096543,FORWARD_PROPAGATE_LAYER,89,3106816,DSP,graph_xvgj3gl0
14812096543,FORWARD_PROPAGATE_LAYER,90,1990021,DSP,graph_xvgj3gl0
14812096543,FORWARD_PROPAGATE_LAYER,91,2274066,DSP,graph_xvgj3gl0
14812096543,FORWARD_PROPAGATE_LAYER,92,408814,DSP,graph_xvgj3gl0
14812096543,FORWARD_PROPAGATE_LAYER,93,2492034,DSP,graph_xvgj3gl0
14812096543,FORWARD_PROPAGATE_LAYER,94,3345352,DSP,graph_xvgj3gl0
14812096543,FORWARD_PROPAGATE_LAYER,95,1346030,DSP,graph_xvgj3gl0
14812096543,FORWARD_PROPAGATE_LAYER,96,1964503,DSP,graph_xvgj3gl0
14812096543,FORWARD_PROPAGATE_LAYER,97,3762,DSP,graph_xvgj3gl0
14812096543,FORWARD_PROPAGATE_LAYER,98,1142869,DSP,graph_xvgj3gl0
14812096543,FORWARD_PROPAGATE_LAYER,99,487030,DSP,graph_xvgj3gl0
14812096543,FORWARD_PROPAGATE_LAYER,100,1159429,DSP,graph_xvgj3gl0
14812096543,FORWARD_PROPAGATE_LAYER,101,1155497,DSP,graph_xvgj3gl0
14812096543,FORWARD_PROPAGATE_LAYER,102,7144425,DSP,graph_xvgj3gl0
14812096543,FORWARD_PROPAGATE_LAYER,103,1217774,DSP,graph_xvgj3gl0
14812096543,FORWARD_PROPAGATE_LAYER,104,323608,DSP,graph_xvgj3gl0
14812096543,FORWARD_PROPAGATE_LAYER,105,325087,DSP,graph_xvgj3gl0
14812096543,FORWARD_PROPAGATE_LAYER,106,376105,DSP,graph_xvgj3gl0
14812096543,FORWARD_PROPAGATE_LAYER,107,2965535,DSP,graph_xvgj3gl0
14812096543,FORWARD_PROPAGATE_LAYER,108,0,DSP,graph_xvgj3gl0
14812096543,FORWARD_PROPAGATE_LAYER,109,638553,DSP,graph_xvgj3gl0
14812096543,FORWARD_PROPAGATE_LAYER,110,3365838,DSP,graph_xvgj3gl0
14812096543,FORWARD_PROPAGATE_LAYER,111,0,DSP,graph_xvgj3gl0
14812096543,FORWARD_PROPAGATE_LAYER,112,663837,DSP,graph_xvgj3gl0
14812096543,FORWARD_PROPAGATE_LAYER,113,3684647,DSP,graph_xvgj3gl0
14812096543,FORWARD_PROPAGATE_LAYER,114,0,DSP,graph_xvgj3gl0
14812096543,FORWARD_PROPAGATE_LAYER,115,608491,DSP,graph_xvgj3gl0
14812096543,FORWARD_PROPAGATE_LAYER,116,2106702,DSP,graph_xvgj3gl0
14812096543,FORWARD_PROPAGATE_LAYER,117,0,DSP,graph_xvgj3gl0
14812096543,FORWARD_PROPAGATE_LAYER,118,549236,DSP,graph_xvgj3gl0
14812096543,FORWARD_PROPAGATE_LAYER,119,0,DSP,graph_xvgj3gl0
14812096543,FORWARD_PROPAGATE_LAYER,120,3066862,DSP,graph_xvgj3gl0
14812096543,FORWARD_PROPAGATE_LAYER,121,1980389,DSP,graph_xvgj3gl0
14812096543,FORWARD_PROPAGATE_LAYER,122,2273128,DSP,graph_xvgj3gl0
14812096543,FORWARD_PROPAGATE_LAYER,123,408574,DSP,graph_xvgj3gl0
14812096543,FORWARD_PROPAGATE_LAYER,124,2497155,DSP,graph_xvgj3gl0
14812096543,FORWARD_PROPAGATE_LAYER,125,3353035,DSP,graph_xvgj3gl0
14812096543,FORWARD_PROPAGATE_LAYER,126,1359440,DSP,graph_xvgj3gl0
14812096543,FORWARD_PROPAGATE_LAYER,127,1973141,DSP,graph_xvgj3gl0
14812096543,FORWARD_PROPAGATE_LAYER,128,6181,DSP,graph_xvgj3gl0
14812096543,FORWARD_PROPAGATE_LAYER,129,1145616,DSP,graph_xvgj3gl0
14812096543,FORWARD_PROPAGATE_LAYER,130,492073,DSP,graph_xvgj3gl0
14812096543,FORWARD_PROPAGATE_LAYER,131,1180507,DSP,graph_xvgj3gl0
14812096543,FORWARD_PROPAGATE_LAYER,132,1149726,DSP,graph_xvgj3gl0
14812096543,FORWARD_PROPAGATE_LAYER,133,7150255,DSP,graph_xvgj3gl0
14812096543,FORWARD_PROPAGATE_LAYER,134,1210523,DSP,graph_xvgj3gl0
14812096543,FORWARD_PROPAGATE_LAYER,135,320702,DSP,graph_xvgj3gl0
14812096543,FORWARD_PROPAGATE_LAYER,136,321404,DSP,graph_xvgj3gl0
14812096543,FORWARD_PROPAGATE_LAYER,137,400346,DSP,graph_xvgj3gl0
14812096543,FORWARD_PROPAGATE_LAYER,138,2962268,DSP,graph_xvgj3gl0
14812096543,FORWARD_PROPAGATE_LAYER,139,0,DSP,graph_xvgj3gl0
14812096543,FORWARD_PROPAGATE_LAYER,140,635766,DSP,graph_xvgj3gl0
14812096543,FORWARD_PROPAGATE_LAYER,141,3350324,DSP,graph_xvgj3gl0
14812096543,FORWARD_PROPAGATE_LAYER,142,0,DSP,graph_xvgj3gl0
14812096543,FORWARD_PROPAGATE_LAYER,143,661908,DSP,graph_xvgj3gl0
14812096543,FORWARD_PROPAGATE_LAYER,144,3678724,DSP,graph_xvgj3gl0
14812096543,FORWARD_PROPAGATE_LAYER,145,0,DSP,graph_xvgj3gl0
14812096543,FORWARD_PROPAGATE_LAYER,146,601790,DSP,graph_xvgj3gl0
14812096543,FORWARD_PROPAGATE_LAYER,147,2122971,DSP,graph_xvgj3gl0
14812096543,FORWARD_PROPAGATE_LAYER,148,0,DSP,graph_xvgj3gl0
14812096543,FORWARD_PROPAGATE_LAYER,149,550412,DSP,graph_xvgj3gl0
14812096543,FORWARD_PROPAGATE_LAYER,150,0,DSP,graph_xvgj3gl0
14812096543,FORWARD_PROPAGATE_LAYER,151,3090996,DSP,graph_xvgj3gl0
14812096543,FORWARD_PROPAGATE_LAYER,152,1995722,DSP,graph_xvgj3gl0
14812096543,FORWARD_PROPAGATE_LAYER,153,2279002,DSP,graph_xvgj3gl0
14812096543,FORWARD_PROPAGATE_LAYER,154,409355,DSP,graph_xvgj3gl0
14812096543,FORWARD_PROPAGATE_LAYER,155,2496716,DSP,graph_xvgj3gl0
14812096543,FORWARD_PROPAGATE_LAYER,156,3378956,DSP,graph_xvgj3gl0
14812096543,FORWARD_PROPAGATE_LAYER,157,1345998,DSP,graph_xvgj3gl0
14812096543,FORWARD_PROPAGATE_LAYER,158,1971566,DSP,graph_xvgj3gl0
14812096543,FORWARD_PROPAGATE_LAYER,159,4465,DSP,graph_xvgj3gl0
14812096543,FORWARD_PROPAGATE_LAYER,160,1144617,DSP,graph_xvgj3gl0
14812096543,FORWARD_PROPAGATE_LAYER,161,474068,DSP,graph_xvgj3gl0
14812096543,FORWARD_PROPAGATE_LAYER,162,1166695,DSP,graph_xvgj3gl0
14812096543,FORWARD_PROPAGATE_LAYER,163,1159873,DSP,graph_xvgj3gl0
14812096543,FORWARD_PROPAGATE_LAYER,164,7080506,DSP,graph_xvgj3gl0
14812096543,FORWARD_PROPAGATE_LAYER,165,1212648,DSP,graph_xvgj3gl0
14812096543,FORWARD_PROPAGATE_LAYER,166,327671,DSP,graph_xvgj3gl0
14812096543,FORWARD_PROPAGATE_LAYER,167,323222,DSP,graph_xvgj3gl0
14812096543,FORWARD_PROPAGATE_LAYER,168,382133,DSP,graph_xvgj3gl0
14812096543,FORWARD_PROPAGATE_LAYER,169,2940444,DSP,graph_xvgj3gl0
14812096543,FORWARD_PROPAGATE_LAYER,170,0,DSP,graph_xvgj3gl0
14812096543,FORWARD_PROPAGATE_LAYER,171,638476,DSP,graph_xvgj3gl0
14812096543,FORWARD_PROPAGATE_LAYER,172,3357131,DSP,graph_xvgj3gl0
14812096543,FORWARD_PROPAGATE_LAYER,173,0,DSP,graph_xvgj3gl0
14812096543,FORWARD_PROPAGATE_LAYER,174,661265,DSP,graph_xvgj3gl0
14812096543,FORWARD_PROPAGATE_LAYER,175,3680181,DSP,graph_xvgj3gl0
14812096543,FORWARD_PROPAGATE_LAYER,176,0,DSP,graph_xvgj3gl0
14812096543,FORWARD_PROPAGATE_LAYER,177,602673,DSP,graph_xvgj3gl0
14812096543,FORWARD_PROPAGATE_LAYER,178,2126053,DSP,graph_xvgj3gl0
14812096543,FORWARD_PROPAGATE_LAYER,179,0,DSP,graph_xvgj3gl0
14812096543,FORWARD_PROPAGATE_LAYER,180,553293,DSP,graph_xvgj3gl0
14812096543,FORWARD_PROPAGATE_LAYER,181,0,DSP,graph_xvgj3gl0
14812096543,FORWARD_PROPAGATE_LAYER,182,3079433,DSP,graph_xvgj3gl0
14812096543,FORWARD_PROPAGATE_LAYER,183,1992414,DSP,graph_xvgj3gl0
14812096543,FORWARD_PROPAGATE_LAYER,184,2282115,DSP,graph_xvgj3gl0
14812096543,FORWARD_PROPAGATE_LAYER,185,409832,DSP,graph_xvgj3gl0
14812096543,FORWARD_PROPAGATE_LAYER,186,2532004,DSP,graph_xvgj3gl0
14812096543,FORWARD_PROPAGATE_LAYER,187,3346715,DSP,graph_xvgj3gl0
14812096543,FORWARD_PROPAGATE_LAYER,188,1350056,DSP,graph_xvgj3gl0
14812096543,FORWARD_PROPAGATE_LAYER,189,1967537,DSP,graph_xvgj3gl0
14812096543,FORWARD_PROPAGATE_LAYER,190,4545,DSP,graph_xvgj3gl0
14812096543,FORWARD_PROPAGATE_LAYER,191,1151202,DSP,graph_xvgj3gl0
14812096543,FORWARD_PROPAGATE_LAYER,192,490524,DSP,graph_xvgj3gl0
14812096543,FORWARD_PROPAGATE_LAYER,193,1164090,DSP,graph_xvgj3gl0
14812096543,FORWARD_PROPAGATE_LAYER,194,1159021,DSP,graph_xvgj3gl0
14812096543,FORWARD_PROPAGATE_LAYER,195,7110294,DSP,graph_xvgj3gl0
14812096543,FORWARD_PROPAGATE_LAYER,196,1213577,DSP,graph_xvgj3gl0
14812096543,FORWARD_PROPAGATE_LAYER,197,330801,DSP,graph_xvgj3gl0
14812096543,FORWARD_PROPAGATE_LAYER,198,337297,DSP,graph_xvgj3gl0
14812096543,FORWARD_PROPAGATE_LAYER,199,394603,DSP,graph_xvgj3gl0
14812096543,FORWARD_PROPAGATE_LAYER,200,2939010,DSP,graph_xvgj3gl0
14812096543,FORWARD_PROPAGATE_LAYER,201,0,DSP,graph_xvgj3gl0
14812096543,FORWARD_PROPAGATE_LAYER,202,635268,DSP,graph_xvgj3gl0
14812096543,FORWARD_PROPAGATE_LAYER,203,3365465,DSP,graph_xvgj3gl0
14812096543,FORWARD_PROPAGATE_LAYER,204,0,DSP,graph_xvgj3gl0
14812096543,FORWARD_PROPAGATE_LAYER,205,664992,DSP,graph_xvgj3gl0
14812096543,FORWARD_PROPAGATE_LAYER,206,3670293,DSP,graph_xvgj3gl0
14812096543,FORWARD_PROPAGATE_LAYER,207,0,DSP,graph_xvgj3gl0
14812096543,FORWARD_PROPAGATE_LAYER,208,600658,DSP,graph_xvgj3gl0
14812096543,FORWARD_PROPAGATE_LAYER,209,2135730,DSP,graph_xvgj3gl0
14812096543,FORWARD_PROPAGATE_LAYER,210,0,DSP,graph_xvgj3gl0
14812096543,FORWARD_PROPAGATE_LAYER,211,553331,DSP,graph_xvgj3gl0
14812096543,FORWARD_PROPAGATE_LAYER,212,0,DSP,graph_xvgj3gl0
14812096543,FORWARD_PROPAGATE_LAYER,213,3085453,DSP,graph_xvgj3gl0
14812096543,FORWARD_PROPAGATE_LAYER,214,1995614,DSP,graph_xvgj3gl0
14812096543,FORWARD_PROPAGATE_LAYER,215,2288891,DSP,graph_xvgj3gl0
14812096543,FORWARD_PROPAGATE_LAYER,216,411596,DSP,graph_xvgj3gl0
14812096543,FORWARD_PROPAGATE_LAYER,217,2479908,DSP,graph_xvgj3gl0
14812096543,FORWARD_PROPAGATE_LAYER,218,3389013,DSP,graph_xvgj3gl0
14812096543,FORWARD_PROPAGATE_LAYER,219,1348891,DSP,graph_xvgj3gl0
14812096543,FORWARD_PROPAGATE_LAYER,220,1967187,DSP,graph_xvgj3gl0
14812096543,FORWARD_PROPAGATE_LAYER,221,4831,DSP,graph_xvgj3gl0
14812096543,FORWARD_PROPAGATE_LAYER,222,1142622,DSP,graph_xvgj3gl0
14812096543,FORWARD_PROPAGATE_LAYER,223,485036,DSP,graph_xvgj3gl0
14812096543,FORWARD_PROPAGATE_LAYER,224,1157106,DSP,graph_xvgj3gl0
14812096543,FORWARD_PROPAGATE_LAYER,225,1157757,DSP,graph_xvgj3gl0
14812096543,FORWARD_PROPAGATE_LAYER,226,7131335,DSP,graph_xvgj3gl0
14812096543,FORWARD_PROPAGATE_LAYER,227,1216919,DSP,graph_xvgj3gl0
14812096543,FORWARD_PROPAGATE_LAYER,228,330481,DSP,graph_xvgj3gl0
14812096543,FORWARD_PROPAGATE_LAYER,229,331083,DSP,graph_xvgj3gl0
14812096543,FORWARD_PROPAGATE_LAYER,230,408975,DSP,graph_xvgj3gl0
14812096543,FORWARD_PROPAGATE_LAYER,231,2964580,DSP,graph_xvgj3gl0
14812096543,FORWARD_PROPAGATE_LAYER,232,0,DSP,graph_xvgj3gl0
14812096543,FORWARD_PROPAGATE_LAYER,233,572738,DSP,graph_xvgj3gl0
14812096543,FORWARD_PROPAGATE_LAYER,234,3359499,DSP,graph_xvgj3gl0
14812096543,FORWARD_PROPAGATE_LAYER,235,0,DSP,graph_xvgj3gl0
14812096543,FORWARD_PROPAGATE_LAYER,236,657303,DSP,graph_xvgj3gl0
14812096543,FORWARD_PROPAGATE_LAYER,237,3680493,DSP,graph_xvgj3gl0
14812096543,FORWARD_PROPAGATE_LAYER,238,0,DSP,graph_xvgj3gl0
14812096543,FORWARD_PROPAGATE_LAYER,239,598610,DSP,graph_xvgj3gl0
14812096543,FORWARD_PROPAGATE_LAYER,240,2120925,DSP,graph_xvgj3gl0
14812096543,FORWARD_PROPAGATE_LAYER,241,0,DSP,graph_xvgj3gl0
14812096543,FORWARD_PROPAGATE_LAYER,242,563291,DSP,graph_xvgj3gl0
14812096543,FORWARD_PROPAGATE_LAYER,243,0,DSP,graph_xvgj3gl0
14812096543,FORWARD_PROPAGATE_LAYER,244,3068534,DSP,graph_xvgj3gl0
14812096543,FORWARD_PROPAGATE_LAYER,245,2016283,DSP,graph_xvgj3gl0
14812096543,FORWARD_PROPAGATE_LAYER,246,2280174,DSP,graph_xvgj3gl0
14812096543,FORWARD_PROPAGATE_LAYER,247,409277,DSP,graph_xvgj3gl0
14812096543,FORWARD_PROPAGATE_LAYER,248,2479920,DSP,graph_xvgj3gl0
14812096543,FORWARD_PROPAGATE_LAYER,249,3367919,DSP,graph_xvgj3gl0
14812096543,FORWARD_PROPAGATE_LAYER,250,1358007,DSP,graph_xvgj3gl0
14812096543,FORWARD_PROPAGATE_LAYER,251,1974929,DSP,graph_xvgj3gl0
14812096543,FORWARD_PROPAGATE_LAYER,252,4422,DSP,graph_xvgj3gl0
14812096543,FORWARD_PROPAGATE_LAYER,253,1144543,DSP,graph_xvgj3gl0
14812096543,FORWARD_PROPAGATE_LAYER,254,485495,DSP,graph_xvgj3gl0
14812096543,FORWARD_PROPAGATE_LAYER,255,1165065,DSP,graph_xvgj3gl0
14812096543,FORWARD_PROPAGATE_LAYER,256,1158469,DSP,graph_xvgj3gl0
14812096543,FORWARD_PROPAGATE_LAYER,257,7113514,DSP,graph_xvgj3gl0
14812096543,FORWARD_PROPAGATE_LAYER,258,1219957,DSP,graph_xvgj3gl0
14812096543,FORWARD_PROPAGATE_LAYER,259,342403,DSP,graph_xvgj3gl0
14812096543,FORWARD_PROPAGATE_LAYER,260,335283,DSP,graph_xvgj3gl0
14812096543,FORWARD_PROPAGATE_LAYER,261,73513,DSP,graph_xvgj3gl0
14812096543,FORWARD_PROPAGATE_LAYER,262,20772295,DSP,graph_xvgj3gl0
14812096543,FORWARD_PROPAGATE_LAYER,263,0,DSP,graph_xvgj3gl0
14812096543,FORWARD_PROPAGATE_LAYER,264,4532750,DSP,graph_xvgj3gl0
14812096543,FORWARD_PROPAGATE_LAYER,265,34901144,DSP,graph_xvgj3gl0
14812096543,FORWARD_PROPAGATE_LAYER,266,0,DSP,graph_xvgj3gl0
14812096543,FORWARD_PROPAGATE_LAYER,267,3870848,DSP,graph_xvgj3gl0
14812096543,FORWARD_PROPAGATE_LAYER,268,0,DSP,graph_xvgj3gl0
14812096543,FORWARD_PROPAGATE_LAYER,269,1547329,DSP,graph_xvgj3gl0
14812096543,FORWARD_PROPAGATE_LAYER,270,376155,DSP,graph_xvgj3gl0
14812096543,FORWARD_PROPAGATE_LAYER,271,0,DSP,graph_xvgj3gl0
14812096543,FORWARD_PROPAGATE_LAYER,272,1229801,DSP,graph_xvgj3gl0
14812096543,FORWARD_PROPAGATE_LAYER,273,837887,DSP,graph_xvgj3gl0
14812096543,FORWARD_PROPAGATE_LAYER,274,1391769,DSP,graph_xvgj3gl0
14812096543,FORWARD_PROPAGATE_LAYER,275,843914,DSP,graph_xvgj3gl0
14812096543,FORWARD_PROPAGATE_LAYER,276,1484812,DSP,graph_xvgj3gl0
14812096543,EXECUTE_TIME_SUBNET_0,-1,458939901,DSP,graph_xvgj3gl0
14812096543,TOTAL_INFERENCE_TIME,-1,186416,us,graph_xvgj3gl0
14812096543,FORWARD_PROPAGATE,-1,186390,us,graph_xvgj3gl0
14812096543,FORWARD_PROPAGATE_LAYER,0,987639,DSP,graph_xvgj3gl0
14812096543,FORWARD_PROPAGATE_LAYER,1,1383409,DSP,graph_xvgj3gl0
14812096543,FORWARD_PROPAGATE_LAYER,2,1209541,DSP,graph_xvgj3gl0
14812096543,FORWARD_PROPAGATE_LAYER,3,3025828,DSP,graph_xvgj3gl0
14812096543,FORWARD_PROPAGATE_LAYER,4,834999,DSP,graph_xvgj3gl0
14812096543,FORWARD_PROPAGATE_LAYER,5,5116811,DSP,graph_xvgj3gl0
14812096543,FORWARD_PROPAGATE_LAYER,6,966536,DSP,graph_xvgj3gl0
14812096543,FORWARD_PROPAGATE_LAYER,7,5379413,DSP,graph_xvgj3gl0
14812096543,FORWARD_PROPAGATE_LAYER,8,0,DSP,graph_xvgj3gl0
14812096543,FORWARD_PROPAGATE_LAYER,9,1495547,DSP,graph_xvgj3gl0
14812096543,FORWARD_PROPAGATE_LAYER,10,0,DSP,graph_xvgj3gl0
14812096543,FORWARD_PROPAGATE_LAYER,11,4133443,DSP,graph_xvgj3gl0
14812096543,FORWARD_PROPAGATE_LAYER,12,0,DSP,graph_xvgj3gl0
14812096543,FORWARD_PROPAGATE_LAYER,13,3998456,DSP,graph_xvgj3gl0
14812096543,FORWARD_PROPAGATE_LAYER,14,3362154,DSP,graph_xvgj3gl0
14812096543,FORWARD_PROPAGATE_LAYER,15,0,DSP,graph_xvgj3gl0
14812096543,FORWARD_PROPAGATE_LAYER,16,615674,DSP,graph_xvgj3gl0
14812096543,FORWARD_PROPAGATE_LAYER,17,3355048,DSP,graph_xvgj3gl0
14812096543,FORWARD_PROPAGATE_LAYER,18,0,DSP,graph_xvgj3gl0
14812096543,FORWARD_PROPAGATE_LAYER,19,604824,DSP,graph_xvgj3gl0
14812096543,FORWARD_PROPAGATE_LAYER,20,3571245,DSP,graph_xvgj3gl0
14812096543,FORWARD_PROPAGATE_LAYER,21,0,DSP,graph_xvgj3gl0
14812096543,FORWARD_PROPAGATE_LAYER,22,551256,DSP,graph_xvgj3gl0
14812096543,FORWARD_PROPAGATE_LAYER,23,2082269,DSP,graph_xvgj3gl0
14812096543,FORWARD_PROPAGATE_LAYER,24,0,DSP,graph_xvgj3gl0
14812096543,FORWARD_PROPAGATE_LAYER,25,508816,DSP,graph_xvgj3gl0
14812096543,FORWARD_PROPAGATE_LAYER,26,0,DSP,graph_xvgj3gl0
14812096543,FORWARD_PROPAGATE_LAYER,27,3095433,DSP,graph_xvgj3gl0
14812096543,FORWARD_PROPAGATE_LAYER,28,1981027,DSP,graph_xvgj3gl0
14812096543,FORWARD_PROPAGATE_LAYER,29,2233100,DSP,graph_xvgj3gl0
14812096543,FORWARD_PROPAGATE_LAYER,30,414449,DSP,graph_xvgj3gl0
14812096543,FORWARD_PROPAGATE_LAYER,31,2492733,DSP,graph_xvgj3gl0
14812096543,FORWARD_PROPAGATE_LAYER,32,3393584,DSP,graph_xvgj3gl0
14812096543,FORWARD_PROPAGATE_LAYER,33,1362879,DSP,graph_xvgj3gl0
14812096543,FORWARD_PROPAGATE_LAYER,34,1987203,DSP,graph_xvgj3gl0
14812096543,FORWARD_PROPAGATE_LAYER,35,6350,DSP,graph_xvgj3gl0
14812096543,FORWARD_PROPAGATE_LAYER,36,1149619,DSP,graph_xvgj3gl0
14812096543,FORWARD_PROPAGATE_LAYER,37,478814,DSP,graph_xvgj3gl0
14812096543,FORWARD_PROPAGATE_LAYER,38,1168305,DSP,graph_xvgj3gl0
14812096543,FORWARD_PROPAGATE_LAYER,39,1154433,DSP,graph_xvgj3gl0
14812096543,FORWARD_PROPAGATE_LAYER,40,7058075,DSP,graph_xvgj3gl0
14812096543,FORWARD_PROPAGATE_LAYER,41,1209939,DSP,graph_xvgj3gl0
14812096543,FORWARD_PROPAGATE_LAYER,42,325577,DSP,graph_xvgj3gl0
14812096543,FORWARD_PROPAGATE_LAYER,43,319189,DSP,graph_xvgj3gl0
14812096543,FORWARD_PROPAGATE_LAYER,44,423954,DSP,graph_xvgj3gl0
14812096543,FORWARD_PROPAGATE_LAYER,45,2941465,DSP,graph_xvgj3gl0
14812096543,FORWARD_PROPAGATE_LAYER,46,0,DSP,graph_xvgj3gl0
14812096543,FORWARD_PROPAGATE_LAYER,47,642433,DSP,graph_xvgj3gl0
14812096543,FORWARD_PROPAGATE_LAYER,48,3368745,DSP,graph_xvgj3gl0
14812096543,FORWARD_PROPAGATE_LAYER,49,0,DSP,graph_xvgj3gl0
14812096543,FORWARD_PROPAGATE_LAYER,50,668772,DSP,graph_xvgj3gl0
14812096543,FORWARD_PROPAGATE_LAYER,51,3660826,DSP,graph_xvgj3gl0
14812096543,FORWARD_PROPAGATE_LAYER,52,0,DSP,graph_xvgj3gl0
14812096543,FORWARD_PROPAGATE_LAYER,53,597176,DSP,graph_xvgj3gl0
14812096543,FORWARD_PROPAGATE_LAYER,54,2110608,DSP,graph_xvgj3gl0
14812096543,FORWARD_PROPAGATE_LAYER,55,0,DSP,graph_xvgj3gl0
14812096543,FORWARD_PROPAGATE_LAYER,56,544219,DSP,graph_xvgj3gl0
14812096543,FORWARD_PROPAGATE_LAYER,57,0,DSP,graph_xvgj3gl0
14812096543,FORWARD_PROPAGATE_LAYER,58,3084182,DSP,graph_xvgj3gl0
14812096543,FORWARD_PROPAGATE_LAYER,59,1996270,DSP,graph_xvgj3gl0
14812096543,FORWARD_PROPAGATE_LAYER,60,2283878,DSP,graph_xvgj3gl0
14812096543,FORWARD_PROPAGATE_LAYER,61,408594,DSP,graph_xvgj3gl0
14812096543,FORWARD_PROPAGATE_LAYER,62,2489452,DSP,graph_xvgj3gl0
14812096543,FORWARD_PROPAGATE_LAYER,63,3381025,DSP,graph_xvgj3gl0
14812096543,FORWARD_PROPAGATE_LAYER,64,1352964,DSP,graph_xvgj3gl0
14812096543,FORWARD_PROPAGATE_LAYER,65,1970996,DSP,graph_xvgj3gl0
14812096543,FORWARD_PROPAGATE_LAYER,66,4444,DSP,graph_xvgj3gl0
14812096543,FORWARD_PROPAGATE_LAYER,67,1149099,DSP,graph_xvgj3gl0
14812096543,FORWARD_PROPAGATE_LAYER,68,489955,DSP,graph_xvgj3gl0
14812096543,FORWARD_PROPAGATE_LAYER,69,1171846,DSP,graph_xvgj3gl0
14812096543,FORWARD_PROPAGATE_LAYER,70,1148784,DSP,graph_xvgj3gl0
14812096543,FORWARD_PROPAGATE_LAYER,71,7171024,DSP,graph_xvgj3gl0
14812096543,FORWARD_PROPAGATE_LAYER,72,1217622,DSP,graph_xvgj3gl0
14812096543,FORWARD_PROPAGATE_LAYER,73,321173,DSP,graph_xvgj3gl0
14812096543,FORWARD_PROPAGATE_LAYER,74,319053,DSP,graph_xvgj3gl0
14812096543,FORWARD_PROPAGATE_LAYER,75,394416,DSP,graph_xvgj3gl0
14812096543,FORWARD_PROPAGATE_LAYER,76,2957304,DSP,graph_xvgj3gl0
14812096543,FORWARD_PROPAGATE_LAYER,77,0,DSP,graph_xvgj3gl0
14812096543,FORWARD_PROPAGATE_LAYER,78,641814,DSP,graph_xvgj3gl0
14812096543,FORWARD_PROPAGATE_LAYER,79,3364785,DSP,graph_xvgj3gl0
14812096543,FORWARD_PROPAGATE_LAYER,80,0,DSP,graph_xvgj3gl0
14812096543,FORWARD_PROPAGATE_LAYER,81,664785,DSP,graph_xvgj3gl0
14812096543,FORWARD_PROPAGATE_LAYER,82,3664066,DSP,graph_xvgj3gl0
14812096543,FORWARD_PROPAGATE_LAYER,83,0,DSP,graph_xvgj3gl0
14812096543,FORWARD_PROPAGATE_LAYER,84,611263,DSP,graph_xvgj3gl0
14812096543,FORWARD_PROPAGATE_LAYER,85,2123131,DSP,graph_xvgj3gl0
14812096543,FORWARD_PROPAGATE_LAYER,86,0,DSP,graph_xvgj3gl0
14812096543,FORWARD_PROPAGATE_LAYER,87,549997,DSP,graph_xvgj3gl0
14812096543,FORWARD_PROPAGATE_LAYER,88,0,DSP,graph_xvgj3gl0
14812096543,FORWARD_PROPAGATE_LAYER,89,3082727,DSP,graph_xvgj3gl0
14812096543,FORWARD_PROPAGATE_LAYER,90,1989755,DSP,graph_xvgj3gl0
14812096543,FORWARD_PROPAGATE_LAYER,91,2275452,DSP,graph_xvgj3gl0
14812096543,FORWARD_PROPAGATE_LAYER,92,408887,DSP,graph_xvgj3gl0
14812096543,FORWARD_PROPAGATE_LAYER,93,2502461,DSP,graph_xvgj3gl0
14812096543,FORWARD_PROPAGATE_LAYER,94,3360298,DSP,graph_xvgj3gl0
14812096543,FORWARD_PROPAGATE_LAYER,95,1353965,DSP,graph_xvgj3gl0
14812096543,FORWARD_PROPAGATE_LAYER,96,1967066,DSP,graph_xvgj3gl0
14812096543,FORWARD_PROPAGATE_LAYER,97,3660,DSP,graph_xvgj3gl0
14812096543,FORWARD_PROPAGATE_LAYER,98,1139375,DSP,graph_xvgj3gl0
14812096543,FORWARD_PROPAGATE_LAYER,99,486455,DSP,graph_xvgj3gl0
14812096543,FORWARD_PROPAGATE_LAYER,100,1160839,DSP,graph_xvgj3gl0
14812096543,FORWARD_PROPAGATE_LAYER,101,1164132,DSP,graph_xvgj3gl0
14812096543,FORWARD_PROPAGATE_LAYER,102,7134319,DSP,graph_xvgj3gl0
14812096543,FORWARD_PROPAGATE_LAYER,103,1217291,DSP,graph_xvgj3gl0
14812096543,FORWARD_PROPAGATE_LAYER,104,323165,DSP,graph_xvgj3gl0
14812096543,FORWARD_PROPAGATE_LAYER,105,327491,DSP,graph_xvgj3gl0
14812096543,FORWARD_PROPAGATE_LAYER,106,375319,DSP,graph_xvgj3gl0
14812096543,FORWARD_PROPAGATE_LAYER,107,2959163,DSP,graph_xvgj3gl0
14812096543,FORWARD_PROPAGATE_LAYER,108,0,DSP,graph_xvgj3gl0
14812096543,FORWARD_PROPAGATE_LAYER,109,636110,DSP,graph_xvgj3gl0
14812096543,FORWARD_PROPAGATE_LAYER,110,3375381,DSP,graph_xvgj3gl0
14812096543,FORWARD_PROPAGATE_LAYER,111,0,DSP,graph_xvgj3gl0
14812096543,FORWARD_PROPAGATE_LAYER,112,662392,DSP,graph_xvgj3gl0
14812096543,FORWARD_PROPAGATE_LAYER,113,3670908,DSP,graph_xvgj3gl0
14812096543,FORWARD_PROPAGATE_LAYER,114,0,DSP,graph_xvgj3gl0
14812096543,FORWARD_PROPAGATE_LAYER,115,605543,DSP,graph_xvgj3gl0
14812096543,FORWARD_PROPAGATE_LAYER,116,2104594,DSP,graph_xvgj3gl0
14812096543,FORWARD_PROPAGATE_LAYER,117,0,DSP,graph_xvgj3gl0
14812096543,FORWARD_PROPAGATE_LAYER,118,546568,DSP,graph_xvgj3gl0
14812096543,FORWARD_PROPAGATE_LAYER,119,0,DSP,graph_xvgj3gl0
14812096543,FORWARD_PROPAGATE_LAYER,120,3098832,DSP,graph_xvgj3gl0
14812096543,FORWARD_PROPAGATE_LAYER,121,1980706,DSP,graph_xvgj3gl0
14812096543,FORWARD_PROPAGATE_LAYER,122,2272493,DSP,graph_xvgj3gl0
14812096543,FORWARD_PROPAGATE_LAYER,123,408718,DSP,graph_xvgj3gl0
14812096543,FORWARD_PROPAGATE_LAYER,124,2501027,DSP,graph_xvgj3gl0
14812096543,FORWARD_PROPAGATE_LAYER,125,3389875,DSP,graph_xvgj3gl0
14812096543,FORWARD_PROPAGATE_LAYER,126,1346839,DSP,graph_xvgj3gl0
14812096543,FORWARD_PROPAGATE_LAYER,127,1984255,DSP,graph_xvgj3gl0
14812096543,FORWARD_PROPAGATE_LAYER,128,6546,DSP,graph_xvgj3gl0
14812096543,FORWARD_PROPAGATE_LAYER,129,1145364,DSP,graph_xvgj3gl0
14812096543,FORWARD_PROPAGATE_LAYER,130,490987,DSP,graph_xvgj3gl0
14812096543,FORWARD_PROPAGATE_LAYER,131,1168089,DSP,graph_xvgj3gl0
14812096543,FORWARD_PROPAGATE_LAYER,132,1150012,DSP,graph_xvgj3gl0
14812096543,FORWARD_PROPAGATE_LAYER,133,7146528,DSP,graph_xvgj3gl0
14812096543,FORWARD_PROPAGATE_LAYER,134,1209832,DSP,graph_xvgj3gl0
14812096543,FORWARD_PROPAGATE_LAYER,135,320716,DSP,graph_xvgj3gl0
14812096543,FORWARD_PROPAGATE_LAYER,136,321458,DSP,graph_xvgj3gl0
14812096543,FORWARD_PROPAGATE_LAYER,137,396873,DSP,graph_xvgj3gl0
14812096543,FORWARD_PROPAGATE_LAYER,138,2965602,DSP,graph_xvgj3gl0
14812096543,FORWARD_PROPAGATE_LAYER,139,0,DSP,graph_xvgj3gl0
14812096543,FORWARD_PROPAGATE_LAYER,140,633849,DSP,graph_xvgj3gl0
14812096543,FORWARD_PROPAGATE_LAYER,141,3360438,DSP,graph_xvgj3gl0
14812096543,FORWARD_PROPAGATE_LAYER,142,0,DSP,graph_xvgj3gl0
14812096543,FORWARD_PROPAGATE_LAYER,143,661639,DSP,graph_xvgj3gl0
14812096543,FORWARD_PROPAGATE_LAYER,144,3677012,DSP,graph_xvgj3gl0
14812096543,FORWARD_PROPAGATE_LAYER,145,0,DSP,graph_xvgj3gl0
14812096543,FORWARD_PROPAGATE_LAYER,146,600700,DSP,graph_xvgj3gl0
14812096543,FORWARD_PROPAGATE_LAYER,147,2105015,DSP,graph_xvgj3gl0
14812096543,FORWARD_PROPAGATE_LAYER,148,0,DSP,graph_xvgj3gl0
14812096543,FORWARD_PROPAGATE_LAYER,149,551124,DSP,graph_xvgj3gl0
14812096543,FORWARD_PROPAGATE_LAYER,150,0,DSP,graph_xvgj3gl0
14812096543,FORWARD_PROPAGATE_LAYER,151,3102847,DSP,graph_xvgj3gl0
14812096543,FORWARD_PROPAGATE_LAYER,152,1996484,DSP,graph_xvgj3gl0
14812096543,FORWARD_PROPAGATE_LAYER,153,2279401,DSP,graph_xvgj3gl0
14812096543,FORWARD_PROPAGATE_LAYER,154,408784,DSP,graph_xvgj3gl0
14812096543,FORWARD_PROPAGATE_LAYER,155,2479979,DSP,graph_xvgj3gl0
14812096543,FORWARD_PROPAGATE_LAYER,156,3340594,DSP,graph_xvgj3gl0
14812096543,FORWARD_PROPAGATE_LAYER,157,1347005,DSP,graph_xvgj3gl0
14812096543,FORWARD_PROPAGATE_LAYER,158,1974622,DSP,graph_xvgj3gl0
14812096543,FORWARD_PROPAGATE_LAYER,159,3649,DSP,graph_xvgj3gl0
14812096543,FORWARD_PROPAGATE_LAYER,160,1143149,DSP,graph_xvgj3gl0
14812096543,FORWARD_PROPAGATE_LAYER,161,473340,DSP,graph_xvgj3gl0
14812096543,FORWARD_PROPAGATE_LAYER,162,1167740,DSP,graph_xvgj3gl0
14812096543,FORWARD_PROPAGATE_LAYER,163,1160131,DSP,graph_xvgj3gl0
14812096543,FORWARD_PROPAGATE_LAYER,164,7093170,DSP,graph_xvgj3gl0
14812096543,FORWARD_PROPAGATE_LAYER,165,1207470,DSP,graph_xvgj3gl0
14812096543,FORWARD_PROPAGATE_LAYER,166,325700,DSP,graph_xvgj3gl0
14812096543,FORWARD_PROPAGATE_LAYER,167,323922,DSP,graph_xvgj3gl0
14812096543,FORWARD_PROPAGATE_LAYER,168,382125,DSP,graph_xvgj3gl0
14812096543,FORWARD_PROPAGATE_LAYER,169,2940068,DSP,graph_xvgj3gl0
14812096543,FORWARD_PROPAGATE_LAYER,170,0,DSP,graph_xvgj3gl0
14812096543,FORWARD_PROPAGATE_LAYER,171,637822,DSP,graph_xvgj3gl0
14812096543,FORWARD_PROPAGATE_LAYER,172,3351544,DSP,graph_xvgj3gl0
14812096543,FORWARD_PROPAGATE_LAYER,173,0,DSP,graph_xvgj3gl0
14812096543,FORWARD_PROPAGATE_LAYER,174,659591,DSP,graph_xvgj3gl0
14812096543,FORWARD_PROPAGATE_LAYER,175,3686262,DSP,graph_xvgj3gl0
14812096543,FORWARD_PROPAGATE_LAYER,176,0,DSP,graph_xvgj3gl0
14812096543,FORWARD_PROPAGATE_LAYER,177,611726,DSP,graph_xvgj3gl0
14812096543,FORWARD_PROPAGATE_LAYER,178,2132994,DSP,graph_xvgj3gl0
14812096543,FORWARD_PROPAGATE_LAYER,179,0,DSP,graph_xvgj3gl0
14812096543,FORWARD_PROPAGATE_LAYER,180,555853,DSP,graph_xvgj3gl0
14812096543,FORWARD_PROPAGATE_LAYER,181,0,DSP,graph_xvgj3gl0
14812096543,FORWARD_PROPAGATE_LAYER,182,3074758,DSP,graph_xvgj3gl0
14812096543,FORWARD_PROPAGATE_LAYER,183,1993761,DSP,graph_xvgj3gl0
14812096543,FORWARD_PROPAGATE_LAYER,184,2283692,DSP,graph_xvgj3gl0
14812096543,FORWARD_PROPAGATE_LAYER,185,409682,DSP,graph_xvgj3gl0
14812096543,FORWARD_PROPAGATE_LAYER,186,2501032,DSP,graph_xvgj3gl0
14812096543,FORWARD_PROPAGATE_LAYER,187,3364021,DSP,graph_xvgj3gl0
14812096543,FORWARD_PROPAGATE_LAYER,188,1352728,DSP,graph_xvgj3gl0
14812096543,FORWARD_PROPAGATE_LAYER,189,1973286,DSP,graph_xvgj3gl0
14812096543,FORWARD_PROPAGATE_LAYER,190,4586,DSP,graph_xvgj3gl0
14812096543,FORWARD_PROPAGATE_LAYER,191,1146241,DSP,graph_xvgj3gl0
14812096543,FORWARD_PROPAGATE_LAYER,192,488994,DSP,graph_xvgj3gl0
14812096543,FORWARD_PROPAGATE_LAYER,193,1167886,DSP,graph_xvgj3gl0
14812096543,FORWARD_PROPAGATE_LAYER,194,1160073,DSP,graph_xvgj3gl0
14812096543,FORWARD_PROPAGATE_LAYER,195,7113213,DSP,graph_xvgj3gl0
14812096543,FORWARD_PROPAGATE_LAYER,196,1215528,DSP,graph_xvgj3gl0
14812096543,FORWARD_PROPAGATE_LAYER,197,331353,DSP,graph_xvgj3gl0
14812096543,FORWARD_PROPAGATE_LAYER,198,336488,DSP,graph_xvgj3gl0
14812096543,FORWARD_PROPAGATE_LAYER,199,393092,DSP,graph_xvgj3gl0
14812096543,FORWARD_PROPAGATE_LAYER,200,2942973,DSP,graph_xvgj3gl0
14812096543,FORWARD_PROPAGATE_LAYER,201,0,DSP,graph_xvgj3gl0
14812096543,FORWARD_PROPAGATE_LAYER,202,638371,DSP,graph_xvgj3gl0
14812096543,FORWARD_PROPAGATE_LAYER,203,3367900,DSP,graph_xvgj3gl0
14812096543,FORWARD_PROPAGATE_LAYER,204,0,DSP,graph_xvgj3gl0
14812096543,FORWARD_PROPAGATE_LAYER,205,665458,DSP,graph_xvgj3gl0
14812096543,FORWARD_PROPAGATE_LAYER,206,3679769,DSP,graph_xvgj3gl0
14812096543,FORWARD_PROPAGATE_LAYER,207,0,DSP,graph_xvgj3gl0
14812096543,FORWARD_PROPAGATE_LAYER,208,601246,DSP,graph_xvgj3gl0
14812096543,FORWARD_PROPAGATE_LAYER,209,2130600,DSP,graph_xvgj3gl0
14812096543,FORWARD_PROPAGATE_LAYER,210,0,DSP,graph_xvgj3gl0
14812096543,FORWARD_PROPAGATE_LAYER,211,550809,DSP,graph_xvgj3gl0
14812096543,FORWARD_PROPAGATE_LAYER,212,0,DSP,graph_xvgj3gl0
14812096543,FORWARD_PROPAGATE_LAYER,213,3077279,DSP,graph_xvgj3gl0
14812096543,FORWARD_PROPAGATE_LAYER,214,1996903,DSP,graph_xvgj3gl0
14812096543,FORWARD_PROPAGATE_LAYER,215,2291440,DSP,graph_xvgj3gl0
14812096543,FORWARD_PROPAGATE_LAYER,216,412242,DSP,graph_xvgj3gl0
14812096543,FORWARD_PROPAGATE_LAYER,217,2483438,DSP,graph_xvgj3gl0
14812096543,FORWARD_PROPAGATE_LAYER,218,3394828,DSP,graph_xvgj3gl0
14812096543,FORWARD_PROPAGATE_LAYER,219,1350747,DSP,graph_xvgj3gl0
14812096543,FORWARD_PROPAGATE_LAYER,220,1976467,DSP,graph_xvgj3gl0
14812096543,FORWARD_PROPAGATE_LAYER,221,5244,DSP,graph_xvgj3gl0
14812096543,FORWARD_PROPAGATE_LAYER,222,1144741,DSP,graph_xvgj3gl0
14812096543,FORWARD_PROPAGATE_LAYER,223,488235,DSP,graph_xvgj3gl0
14812096543,FORWARD_PROPAGATE_LAYER,224,1159056,DSP,graph_xvgj3gl0
14812096543,FORWARD_PROPAGATE_LAYER,225,1164612,DSP,graph_xvgj3gl0
14812096543,FORWARD_PROPAGATE_LAYER,226,7138144,DSP,graph_xvgj3gl0
14812096543,FORWARD_PROPAGATE_LAYER,227,1213217,DSP,graph_xvgj3gl0
14812096543,FORWARD_PROPAGATE_LAYER,228,331418,DSP,graph_xvgj3gl0
14812096543,FORWARD_PROPAGATE_LAYER,229,332514,DSP,graph_xvgj3gl0
14812096543,FORWARD_PROPAGATE_LAYER,230,410116,DSP,graph_xvgj3gl0
14812096543,FORWARD_PROPAGATE_LAYER,231,2971377,DSP,graph_xvgj3gl0
14812096543,FORWARD_PROPAGATE_LAYER,232,0,DSP,graph_xvgj3gl0
14812096543,FORWARD_PROPAGATE_LAYER,233,573345,DSP,graph_xvgj3gl0
14812096543,FORWARD_PROPAGATE_LAYER,234,3352262,DSP,graph_xvgj3gl0
14812096543,FORWARD_PROPAGATE_LAYER,235,0,DSP,graph_xvgj3gl0
14812096543,FORWARD_PROPAGATE_LAYER,236,654788,DSP,graph_xvgj3gl0
14812096543,FORWARD_PROPAGATE_LAYER,237,3666569,DSP,graph_xvgj3gl0
14812096543,FORWARD_PROPAGATE_LAYER,238,0,DSP,graph_xvgj3gl0
14812096543,FORWARD_PROPAGATE_LAYER,239,587141,DSP,graph_xvgj3gl0
14812096543,FORWARD_PROPAGATE_LAYER,240,2123396,DSP,graph_xvgj3gl0
14812096543,FORWARD_PROPAGATE_LAYER,241,0,DSP,graph_xvgj3gl0
14812096543,FORWARD_PROPAGATE_LAYER,242,562223,DSP,graph_xvgj3gl0
14812096543,FORWARD_PROPAGATE_LAYER,243,0,DSP,graph_xvgj3gl0
14812096543,FORWARD_PROPAGATE_LAYER,244,3096622,DSP,graph_xvgj3gl0
14812096543,FORWARD_PROPAGATE_LAYER,245,2016118,DSP,graph_xvgj3gl0
14812096543,FORWARD_PROPAGATE_LAYER,246,2281236,DSP,graph_xvgj3gl0
14812096543,FORWARD_PROPAGATE_LAYER,247,413454,DSP,graph_xvgj3gl0
14812096543,FORWARD_PROPAGATE_LAYER,248,2477906,DSP,graph_xvgj3gl0
14812096543,FORWARD_PROPAGATE_LAYER,249,3358982,DSP,graph_xvgj3gl0
14812096543,FORWARD_PROPAGATE_LAYER,250,1347554,DSP,graph_xvgj3gl0
14812096543,FORWARD_PROPAGATE_LAYER,251,1969266,DSP,graph_xvgj3gl0
14812096543,FORWARD_PROPAGATE_LAYER,252,6303,DSP,graph_xvgj3gl0
14812096543,FORWARD_PROPAGATE_LAYER,253,1144537,DSP,graph_xvgj3gl0
14812096543,FORWARD_PROPAGATE_LAYER,254,484709,DSP,graph_xvgj3gl0
14812096543,FORWARD_PROPAGATE_LAYER,255,1163668,DSP,graph_xvgj3gl0
14812096543,FORWARD_PROPAGATE_LAYER,256,1168727,DSP,graph_xvgj3gl0
14812096543,FORWARD_PROPAGATE_LAYER,257,7114325,DSP,graph_xvgj3gl0
14812096543,FORWARD_PROPAGATE_LAYER,258,1219340,DSP,graph_xvgj3gl0
14812096543,FORWARD_PROPAGATE_LAYER,259,341026,DSP,graph_xvgj3gl0
14812096543,FORWARD_PROPAGATE_LAYER,260,334584,DSP,graph_xvgj3gl0
14812096543,FORWARD_PROPAGATE_LAYER,261,72921,DSP,graph_xvgj3gl0
14812096543,FORWARD_PROPAGATE_LAYER,262,20781022,DSP,graph_xvgj3gl0
14812096543,FORWARD_PROPAGATE_LAYER,263,0,DSP,graph_xvgj3gl0
14812096543,FORWARD_PROPAGATE_LAYER,264,4539413,DSP,graph_xvgj3gl0
14812096543,FORWARD_PROPAGATE_LAYER,265,34869165,DSP,graph_xvgj3gl0
14812096543,FORWARD_PROPAGATE_LAYER,266,0,DSP,graph_xvgj3gl0
14812096543,FORWARD_PROPAGATE_LAYER,267,3871330,DSP,graph_xvgj3gl0
14812096543,FORWARD_PROPAGATE_LAYER,268,0,DSP,graph_xvgj3gl0
14812096543,FORWARD_PROPAGATE_LAYER,269,1546891,DSP,graph_xvgj3gl0
14812096543,FORWARD_PROPAGATE_LAYER,270,378603,DSP,graph_xvgj3gl0
14812096543,FORWARD_PROPAGATE_LAYER,271,0,DSP,graph_xvgj3gl0
14812096543,FORWARD_PROPAGATE_LAYER,272,1220776,DSP,graph_xvgj3gl0
14812096543,FORWARD_PROPAGATE_LAYER,273,836144,DSP,graph_xvgj3gl0
14812096543,FORWARD_PROPAGATE_LAYER,274,1385187,DSP,graph_xvgj3gl0
14812096543,FORWARD_PROPAGATE_LAYER,275,849494,DSP,graph_xvgj3gl0
14812096543,FORWARD_PROPAGATE_LAYER,276,1483762,DSP,graph_xvgj3gl0
14812096543,EXECUTE_TIME_SUBNET_0,-1,459088542,DSP,graph_xvgj3gl0
14812096543,TOTAL_INFERENCE_TIME,-1,188245,us,graph_xvgj3gl0
14812096543,FORWARD_PROPAGATE,-1,188223,us,graph_xvgj3gl0
14812096543,FORWARD_PROPAGATE_LAYER,0,1009854,DSP,graph_xvgj3gl0
14812096543,FORWARD_PROPAGATE_LAYER,1,1384098,DSP,graph_xvgj3gl0
14812096543,FORWARD_PROPAGATE_LAYER,2,1274611,DSP,graph_xvgj3gl0
14812096543,FORWARD_PROPAGATE_LAYER,3,3024775,DSP,graph_xvgj3gl0
14812096543,FORWARD_PROPAGATE_LAYER,4,858617,DSP,graph_xvgj3gl0
14812096543,FORWARD_PROPAGATE_LAYER,5,5073118,DSP,graph_xvgj3gl0
14812096543,FORWARD_PROPAGATE_LAYER,6,957682,DSP,graph_xvgj3gl0
14812096543,FORWARD_PROPAGATE_LAYER,7,5378126,DSP,graph_xvgj3gl0
14812096543,FORWARD_PROPAGATE_LAYER,8,0,DSP,graph_xvgj3gl0
14812096543,FORWARD_PROPAGATE_LAYER,9,1491185,DSP,graph_xvgj3gl0
14812096543,FORWARD_PROPAGATE_LAYER,10,0,DSP,graph_xvgj3gl0
14812096543,FORWARD_PROPAGATE_LAYER,11,4121625,DSP,graph_xvgj3gl0
14812096543,FORWARD_PROPAGATE_LAYER,12,0,DSP,graph_xvgj3gl0
14812096543,FORWARD_PROPAGATE_LAYER,13,4043034,DSP,graph_xvgj3gl0
14812096543,FORWARD_PROPAGATE_LAYER,14,3383961,DSP,graph_xvgj3gl0
14812096543,FORWARD_PROPAGATE_LAYER,15,0,DSP,graph_xvgj3gl0
14812096543,FORWARD_PROPAGATE_LAYER,16,613227,DSP,graph_xvgj3gl0
14812096543,FORWARD_PROPAGATE_LAYER,17,3354553,DSP,graph_xvgj3gl0
14812096543,FORWARD_PROPAGATE_LAYER,18,0,DSP,graph_xvgj3gl0
14812096543,FORWARD_PROPAGATE_LAYER,19,604524,DSP,graph_xvgj3gl0
14812096543,FORWARD_PROPAGATE_LAYER,20,3568229,DSP,graph_xvgj3gl0
14812096543,FORWARD_PROPAGATE_LAYER,21,0,DSP,graph_xvgj3gl0
14812096543,FORWARD_PROPAGATE_LAYER,22,550160,DSP,graph_xvgj3gl0
14812096543,FORWARD_PROPAGATE_LAYER,23,2076652,DSP,graph_xvgj3gl0
14812096543,FORWARD_PROPAGATE_LAYER,24,0,DSP,graph_xvgj3gl0
14812096543,FORWARD_PROPAGATE_LAYER,25,509170,DSP,graph_xvgj3gl0
14812096543,FORWARD_PROPAGATE_LAYER,26,0,DSP,graph_xvgj3gl0
14812096543,FORWARD_PROPAGATE_LAYER,27,3077420,DSP,graph_xvgj3gl0
14812096543,FORWARD_PROPAGATE_LAYER,28,1980628,DSP,graph_xvgj3gl0
14812096543,FORWARD_PROPAGATE_LAYER,29,2231966,DSP,graph_xvgj3gl0
14812096543,FORWARD_PROPAGATE_LAYER,30,415679,DSP,graph_xvgj3gl0
14812096543,FORWARD_PROPAGATE_LAYER,31,2474093,DSP,graph_xvgj3gl0
14812096543,FORWARD_PROPAGATE_LAYER,32,3401520,DSP,graph_xvgj3gl0
14812096543,FORWARD_PROPAGATE_LAYER,33,1359525,DSP,graph_xvgj3gl0
14812096543,FORWARD_PROPAGATE_LAYER,34,1983071,DSP,graph_xvgj3gl0
14812096543,FORWARD_PROPAGATE_LAYER,35,6308,DSP,graph_xvgj3gl0
14812096543,FORWARD_PROPAGATE_LAYER,36,1147156,DSP,graph_xvgj3gl0
14812096543,FORWARD_PROPAGATE_LAYER,37,477783,DSP,graph_xvgj3gl0
14812096543,FORWARD_PROPAGATE_LAYER,38,1177674,DSP,graph_xvgj3gl0
14812096543,FORWARD_PROPAGATE_LAYER,39,1141616,DSP,graph_xvgj3gl0
14812096543,FORWARD_PROPAGATE_LAYER,40,7072531,DSP,graph_xvgj3gl0
14812096543,FORWARD_PROPAGATE_LAYER,41,1215967,DSP,graph_xvgj3gl0
14812096543,FORWARD_PROPAGATE_LAYER,42,323516,DSP,graph_xvgj3gl0
14812096543,FORWARD_PROPAGATE_LAYER,43,319221,DSP,graph_xvgj3gl0
14812096543,FORWARD_PROPAGATE_LAYER,44,424256,DSP,graph_xvgj3gl0
14812096543,FORWARD_PROPAGATE_LAYER,45,2934128,DSP,graph_xvgj3gl0
14812096543,FORWARD_PROPAGATE_LAYER,46,0,DSP,graph_xvgj3gl0
14812096543,FORWARD_PROPAGATE_LAYER,47,643295,DSP,graph_xvgj3gl0
14812096543,FORWARD_PROPAGATE_LAYER,48,3361254,DSP,graph_xvgj3gl0
14812096543,FORWARD_PROPAGATE_LAYER,49,0,DSP,graph_xvgj3gl0
14812096543,FORWARD_PROPAGATE_LAYER,50,665644,DSP,graph_xvgj3gl0
14812096543,FORWARD_PROPAGATE_LAYER,51,3665665,DSP,graph_xvgj3gl0
14812096543,FORWARD_PROPAGATE_LAYER,52,0,DSP,graph_xvgj3gl0
14812096543,FORWARD_PROPAGATE_LAYER,53,608844,DSP,graph_xvgj3gl0
14812096543,FORWARD_PROPAGATE_LAYER,54,2111550,DSP,graph_xvgj3gl0
14812096543,FORWARD_PROPAGATE_LAYER,55,0,DSP,graph_xvgj3gl0
14812096543,FORWARD_PROPAGATE_LAYER,56,551754,DSP,graph_xvgj3gl0
14812096543,FORWARD_PROPAGATE_LAYER,57,0,DSP,graph_xvgj3gl0
14812096543,FORWARD_PROPAGATE_LAYER,58,3102918,DSP,graph_xvgj3gl0
14812096543,FORWARD_PROPAGATE_LAYER,59,2000380,DSP,graph_xvgj3gl0
14812096543,FORWARD_PROPAGATE_LAYER,60,2280778,DSP,graph_xvgj3gl0
14812096543,FORWARD_PROPAGATE_LAYER,61,411011,DSP,graph_xvgj3gl0
14812096543,FORWARD_PROPAGATE_LAYER,62,2481232,DSP,graph_xvgj3gl0
14812096543,FORWARD_PROPAGATE_LAYER,63,3372624,DSP,graph_xvgj3gl0
14812096543,FORWARD_PROPAGATE_LAYER,64,1352139,DSP,graph_xvgj3gl0
14812096543,FORWARD_PROPAGATE_LAYER,65,1971238,DSP,graph_xvgj3gl0
14812096543,FORWARD_PROPAGATE_LAYER,66,4809,DSP,graph_xvgj3gl0
14812096543,FORWARD_PROPAGATE_LAYER,67,1146751,DSP,graph_xvgj3gl0
14812096543,FORWARD_PROPAGATE_LAYER,68,489763,DSP,graph_xvgj3gl0
14812096543,FORWARD_PROPAGATE_LAYER,69,1172493,DSP,graph_xvgj3gl0
14812096543,FORWARD_PROPAGATE_LAYER,70,1151103,DSP,graph_xvgj3gl0
14812096543,FORWARD_PROPAGATE_LAYER,71,7176632,DSP,graph_xvgj3gl0
14812096543,FORWARD_PROPAGATE_LAYER,72,1208202,DSP,graph_xvgj3gl0
14812096543,FORWARD_PROPAGATE_LAYER,73,321620,DSP,graph_xvgj3gl0
14812096543,FORWARD_PROPAGATE_LAYER,74,319339,DSP,graph_xvgj3gl0
14812096543,FORWARD_PROPAGATE_LAYER,75,394589,DSP,graph_xvgj3gl0
14812096543,FORWARD_PROPAGATE_LAYER,76,2962057,DSP,graph_xvgj3gl0
14812096543,FORWARD_PROPAGATE_LAYER,77,0,DSP,graph_xvgj3gl0
14812096543,FORWARD_PROPAGATE_LAYER,78,645200,DSP,graph_xvgj3gl0
14812096543,FORWARD_PROPAGATE_LAYER,79,3356684,DSP,graph_xvgj3gl0
14812096543,FORWARD_PROPAGATE_LAYER,80,0,DSP,graph_xvgj3gl0
14812096543,FORWARD_PROPAGATE_LAYER,81,661773,DSP,graph_xvgj3gl0
14812096543,FORWARD_PROPAGATE_LAYER,82,3670803,DSP,graph_xvgj3gl0
14812096543,FORWARD_PROPAGATE_LAYER,83,0,DSP,graph_xvgj3gl0
14812096543,FORWARD_PROPAGATE_LAYER,84,610560,DSP,graph_xvgj3gl0
14812096543,FORWARD_PROPAGATE_LAYER,85,2138081,DSP,graph_xvgj3gl0
14812096543,FORWARD_PROPAGATE_LAYER,86,0,DSP,graph_xvgj3gl0
14812096543,FORWARD_PROPAGATE_LAYER,87,554369,DSP,graph_xvgj3gl0
14812096543,FORWARD_PROPAGATE_LAYER,88,0,DSP,graph_xvgj3gl0
14812096543,FORWARD_PROPAGATE_LAYER,89,3079613,DSP,graph_xvgj3gl0
14812096543,FORWARD_PROPAGATE_LAYER,90,1989251,DSP,graph_xvgj3gl0
14812096543,FORWARD_PROPAGATE_LAYER,91,2275968,DSP,graph_xvgj3gl0
14812096543,FORWARD_PROPAGATE_LAYER,92,406750,DSP,graph_xvgj3gl0
14812096543,FORWARD_PROPAGATE_LAYER,93,2500601,DSP,graph_xvgj3gl0
14812096543,FORWARD_PROPAGATE_LAYER,94,3400013,DSP,graph_xvgj3gl0
14812096543,FORWARD_PROPAGATE_LAYER,95,1344326,DSP,graph_xvgj3gl0
14812096543,FORWARD_PROPAGATE_LAYER,96,1978575,DSP,graph_xvgj3gl0
14812096543,FORWARD_PROPAGATE_LAYER,97,3872,DSP,graph_xvgj3gl0
14812096543,FORWARD_PROPAGATE_LAYER,98,1138282,DSP,graph_xvgj3gl0
14812096543,FORWARD_PROPAGATE_LAYER,99,487257,DSP,graph_xvgj3gl0
14812096543,FORWARD_PROPAGATE_LAYER,100,1169113,DSP,graph_xvgj3gl0
14812096543,FORWARD_PROPAGATE_LAYER,101,1155989,DSP,graph_xvgj3gl0
14812096543,FORWARD_PROPAGATE_LAYER,102,7122224,DSP,graph_xvgj3gl0
14812096543,FORWARD_PROPAGATE_LAYER,103,1216048,DSP,graph_xvgj3gl0
14812096543,FORWARD_PROPAGATE_LAYER,104,325046,DSP,graph_xvgj3gl0
14812096543,FORWARD_PROPAGATE_LAYER,105,326665,DSP,graph_xvgj3gl0
14812096543,FORWARD_PROPAGATE_LAYER,106,375430,DSP,graph_xvgj3gl0
14812096543,FORWARD_PROPAGATE_LAYER,107,2951256,DSP,graph_xvgj3gl0
14812096543,FORWARD_PROPAGATE_LAYER,108,0,DSP,graph_xvgj3gl0
14812096543,FORWARD_PROPAGATE_LAYER,109,634254,DSP,graph_xvgj3gl0
14812096543,FORWARD_PROPAGATE_LAYER,110,3354417,DSP,graph_xvgj3gl0
14812096543,FORWARD_PROPAGATE_LAYER,111,0,DSP,graph_xvgj3gl0
14812096543,FORWARD_PROPAGATE_LAYER,112,663603,DSP,graph_xvgj3gl0
14812096543,FORWARD_PROPAGATE_LAYER,113,3665137,DSP,graph_xvgj3gl0
14812096543,FORWARD_PROPAGATE_LAYER,114,0,DSP,graph_xvgj3gl0
14812096543,FORWARD_PROPAGATE_LAYER,115,605830,DSP,graph_xvgj3gl0
14812096543,FORWARD_PROPAGATE_LAYER,116,2134632,DSP,graph_xvgj3gl0
14812096543,FORWARD_PROPAGATE_LAYER,117,0,DSP,graph_xvgj3gl0
14812096543,FORWARD_PROPAGATE_LAYER,118,549734,DSP,graph_xvgj3gl0
14812096543,FORWARD_PROPAGATE_LAYER,119,0,DSP,graph_xvgj3gl0
14812096543,FORWARD_PROPAGATE_LAYER,120,3079003,DSP,graph_xvgj3gl0
14812096543,FORWARD_PROPAGATE_LAYER,121,1980318,DSP,graph_xvgj3gl0
14812096543,FORWARD_PROPAGATE_LAYER,122,2273076,DSP,graph_xvgj3gl0
14812096543,FORWARD_PROPAGATE_LAYER,123,408091,DSP,graph_xvgj3gl0
14812096543,FORWARD_PROPAGATE_LAYER,124,2494000,DSP,graph_xvgj3gl0
14812096543,FORWARD_PROPAGATE_LAYER,125,3393009,DSP,graph_xvgj3gl0
14812096543,FORWARD_PROPAGATE_LAYER,126,1347910,DSP,graph_xvgj3gl0
14812096543,FORWARD_PROPAGATE_LAYER,127,1979173,DSP,graph_xvgj3gl0
14812096543,FORWARD_PROPAGATE_LAYER,128,6528,DSP,graph_xvgj3gl0
14812096543,FORWARD_PROPAGATE_LAYER,129,1149925,DSP,graph_xvgj3gl0
14812096543,FORWARD_PROPAGATE_LAYER,130,491167,DSP,graph_xvgj3gl0
14812096543,FORWARD_PROPAGATE_LAYER,131,1172307,DSP,graph_xvgj3gl0
14812096543,FORWARD_PROPAGATE_LAYER,132,1151089,DSP,graph_xvgj3gl0
14812096543,FORWARD_PROPAGATE_LAYER,133,7164438,DSP,graph_xvgj3gl0
14812096543,FORWARD_PROPAGATE_LAYER,134,1210710,DSP,graph_xvgj3gl0
14812096543,FORWARD_PROPAGATE_LAYER,135,322453,DSP,graph_xvgj3gl0
14812096543,FORWARD_PROPAGATE_LAYER,136,320747,DSP,graph_xvgj3gl0
14812096543,FORWARD_PROPAGATE_LAYER,137,395767,DSP,graph_xvgj3gl0
14812096543,FORWARD_PROPAGATE_LAYER,138,2960032,DSP,graph_xvgj3gl0
14812096543,FORWARD_PROPAGATE_LAYER,139,0,DSP,graph_xvgj3gl0
14812096543,FORWARD_PROPAGATE_LAYER,140,630678,DSP,graph_xvgj3gl0
14812096543,FORWARD_PROPAGATE_LAYER,141,3351316,DSP,graph_xvgj3gl0
14812096543,FORWARD_PROPAGATE_LAYER,142,0,DSP,graph_xvgj3gl0
14812096543,FORWARD_PROPAGATE_LAYER,143,665859,DSP,graph_xvgj3gl0
14812096543,FORWARD_PROPAGATE_LAYER,144,3689862,DSP,graph_xvgj3gl0
14812096543,FORWARD_PROPAGATE_LAYER,145,0,DSP,graph_xvgj3gl0
14812096543,FORWARD_PROPAGATE_LAYER,146,627275,DSP,graph_xvgj3gl0
14812096543,FORWARD_PROPAGATE_LAYER,147,2186110,DSP,graph_xvgj3gl0
14812096543,FORWARD_PROPAGATE_LAYER,148,0,DSP,graph_xvgj3gl0
14812096543,FORWARD_PROPAGATE_LAYER,149,541793,DSP,graph_xvgj3gl0
14812096543,FORWARD_PROPAGATE_LAYER,150,0,DSP,graph_xvgj3gl0
14812096543,FORWARD_PROPAGATE_LAYER,151,3076823,DSP,graph_xvgj3gl0
14812096543,FORWARD_PROPAGATE_LAYER,152,1996295,DSP,graph_xvgj3gl0
14812096543,FORWARD_PROPAGATE_LAYER,153,2282135,DSP,graph_xvgj3gl0
14812096543,FORWARD_PROPAGATE_LAYER,154,409649,DSP,graph_xvgj3gl0
14812096543,FORWARD_PROPAGATE_LAYER,155,2485125,DSP,graph_xvgj3gl0
14812096543,FORWARD_PROPAGATE_LAYER,156,3362171,DSP,graph_xvgj3gl0
14812096543,FORWARD_PROPAGATE_LAYER,157,1344633,DSP,graph_xvgj3gl0
14812096543,FORWARD_PROPAGATE_LAYER,158,1974691,DSP,graph_xvgj3gl0
14812096543,FORWARD_PROPAGATE_LAYER,159,4194,DSP,graph_xvgj3gl0
14812096543,FORWARD_PROPAGATE_LAYER,160,1141354,DSP,graph_xvgj3gl0
14812096543,FORWARD_PROPAGATE_LAYER,161,474057,DSP,graph_xvgj3gl0
14812096543,FORWARD_PROPAGATE_LAYER,162,1168854,DSP,graph_xvgj3gl0
14812096543,FORWARD_PROPAGATE_LAYER,163,1168004,DSP,graph_xvgj3gl0
14812096543,FORWARD_PROPAGATE_LAYER,164,7098359,DSP,graph_xvgj3gl0
14812096543,FORWARD_PROPAGATE_LAYER,165,1215014,DSP,graph_xvgj3gl0
14812096543,FORWARD_PROPAGATE_LAYER,166,328938,DSP,graph_xvgj3gl0
14812096543,FORWARD_PROPAGATE_LAYER,167,325545,DSP,graph_xvgj3gl0
14812096543,FORWARD_PROPAGATE_LAYER,168,379469,DSP,graph_xvgj3gl0
14812096543,FORWARD_PROPAGATE_LAYER,169,2934944,DSP,graph_xvgj3gl0
14812096543,FORWARD_PROPAGATE_LAYER,170,0,DSP,graph_xvgj3gl0
14812096543,FORWARD_PROPAGATE_LAYER,171,637730,DSP,graph_xvgj3gl0
14812096543,FORWARD_PROPAGATE_LAYER,172,3355164,DSP,graph_xvgj3gl0
14812096543,FORWARD_PROPAGATE_LAYER,173,0,DSP,graph_xvgj3gl0
14812096543,FORWARD_PROPAGATE_LAYER,174,659751,DSP,graph_xvgj3gl0
14812096543,FORWARD_PROPAGATE_LAYER,175,3679243,DSP,graph_xvgj3gl0
14812096543,FORWARD_PROPAGATE_LAYER,176,0,DSP,graph_xvgj3gl0
14812096543,FORWARD_PROPAGATE_LAYER,177,612339,DSP,graph_xvgj3gl0
14812096543,FORWARD_PROPAGATE_LAYER,178,2120779,DSP,graph_xvgj3gl0
14812096543,FORWARD_PROPAGATE_LAYER,179,0,DSP,graph_xvgj3gl0
14812096543,FORWARD_PROPAGATE_LAYER,180,550676,DSP,graph_xvgj3gl0
14812096543,FORWARD_PROPAGATE_LAYER,181,0,DSP,graph_xvgj3gl0
14812096543,FORWARD_PROPAGATE_LAYER,182,3107739,DSP,graph_xvgj3gl0
14812096543,FORWARD_PROPAGATE_LAYER,183,1997001,DSP,graph_xvgj3gl0
14812096543,FORWARD_PROPAGATE_LAYER,184,2277795,DSP,graph_xvgj3gl0
14812096543,FORWARD_PROPAGATE_LAYER,185,407801,DSP,graph_xvgj3gl0
14812096543,FORWARD_PROPAGATE_LAYER,186,2500431,DSP,graph_xvgj3gl0
14812096543,FORWARD_PROPAGATE_LAYER,187,3389558,DSP,graph_xvgj3gl0
14812096543,FORWARD_PROPAGATE_LAYER,188,1353643,DSP,graph_xvgj3gl0
14812096543,FORWARD_PROPAGATE_LAYER,189,1971540,DSP,graph_xvgj3gl0
14812096543,FORWARD_PROPAGATE_LAYER,190,4026,DSP,graph_xvgj3gl0
14812096543,FORWARD_PROPAGATE_LAYER,191,1148705,DSP,graph_xvgj3gl0
14812096543,FORWARD_PROPAGATE_LAYER,192,488820,DSP,graph_xvgj3gl0
14812096543,FORWARD_PROPAGATE_LAYER,193,1173383,DSP,graph_xvgj3gl0
14812096543,FORWARD_PROPAGATE_LAYER,194,1165110,DSP,graph_xvgj3gl0
14812096543,FORWARD_PROPAGATE_LAYER,195,7100015,DSP,graph_xvgj3gl0
14812096543,FORWARD_PROPAGATE_LAYER,196,1212255,DSP,graph_xvgj3gl0
14812096543,FORWARD_PROPAGATE_LAYER,197,327272,DSP,graph_xvgj3gl0
14812096543,FORWARD_PROPAGATE_LAYER,198,337360,DSP,graph_xvgj3gl0
14812096543,FORWARD_PROPAGATE_LAYER,199,393975,DSP,graph_xvgj3gl0
14812096543,FORWARD_PROPAGATE_LAYER,200,2930299,DSP,graph_xvgj3gl0
14812096543,FORWARD_PROPAGATE_LAYER,201,0,DSP,graph_xvgj3gl0
14812096543,FORWARD_PROPAGATE_LAYER,202,638136,DSP,graph_xvgj3gl0
14812096543,FORWARD_PROPAGATE_LAYER,203,3368855,DSP,graph_xvgj3gl0
14812096543,FORWARD_PROPAGATE_LAYER,204,0,DSP,graph_xvgj3gl0
14812096543,FORWARD_PROPAGATE_LAYER,205,663793,DSP,graph_xvgj3gl0
14812096543,FORWARD_PROPAGATE_LAYER,206,3676586,DSP,graph_xvgj3gl0
14812096543,FORWARD_PROPAGATE_LAYER,207,0,DSP,graph_xvgj3gl0
14812096543,FORWARD_PROPAGATE_LAYER,208,611195,DSP,graph_xvgj3gl0
14812096543,FORWARD_PROPAGATE_LAYER,209,2115770,DSP,graph_xvgj3gl0
14812096543,FORWARD_PROPAGATE_LAYER,210,0,DSP,graph_xvgj3gl0
14812096543,FORWARD_PROPAGATE_LAYER,211,546679,DSP,graph_xvgj3gl0
14812096543,FORWARD_PROPAGATE_LAYER,212,0,DSP,graph_xvgj3gl0
14812096543,FORWARD_PROPAGATE_LAYER,213,3102768,DSP,graph_xvgj3gl0
14812096543,FORWARD_PROPAGATE_LAYER,214,1995212,DSP,graph_xvgj3gl0
14812096543,FORWARD_PROPAGATE_LAYER,215,2288031,DSP,graph_xvgj3gl0
14812096543,FORWARD_PROPAGATE_LAYER,216,411868,DSP,graph_xvgj3gl0
14812096543,FORWARD_PROPAGATE_LAYER,217,2477271,DSP,graph_xvgj3gl0
14812096543,FORWARD_PROPAGATE_LAYER,218,3385271,DSP,graph_xvgj3gl0
14812096543,FORWARD_PROPAGATE_LAYER,219,1351932,DSP,graph_xvgj3gl0
14812096543,FORWARD_PROPAGATE_LAYER,220,1970274,DSP,graph_xvgj3gl0
14812096543,FORWARD_PROPAGATE_LAYER,221,4567,DSP,graph_xvgj3gl0
14812096543,FORWARD_PROPAGATE_LAYER,222,1143190,DSP,graph_xvgj3gl0
14812096543,FORWARD_PROPAGATE_LAYER,223,487587,DSP,graph_xvgj3gl0
14812096543,FORWARD_PROPAGATE_LAYER,224,1158892,DSP,graph_xvgj3gl0
14812096543,FORWARD_PROPAGATE_LAYER,225,1157569,DSP,graph_xvgj3gl0
14812096543,FORWARD_PROPAGATE_LAYER,226,7130460,DSP,graph_xvgj3gl0
14812096543,FORWARD_PROPAGATE_LAYER,227,1216078,DSP,graph_xvgj3gl0
14812096543,FORWARD_PROPAGATE_LAYER,228,331024,DSP,graph_xvgj3gl0
14812096543,FORWARD_PROPAGATE_LAYER,229,337066,DSP,graph_xvgj3gl0
14812096543,FORWARD_PROPAGATE_LAYER,230,416485,DSP,graph_xvgj3gl0
14812096543,FORWARD_PROPAGATE_LAYER,231,2955925,DSP,graph_xvgj3gl0
14812096543,FORWARD_PROPAGATE_LAYER,232,0,DSP,graph_xvgj3gl0
14812096543,FORWARD_PROPAGATE_LAYER,233,569457,DSP,graph_xvgj3gl0
14812096543,FORWARD_PROPAGATE_LAYER,234,3363028,DSP,graph_xvgj3gl0
14812096543,FORWARD_PROPAGATE_LAYER,235,0,DSP,graph_xvgj3gl0
14812096543,FORWARD_PROPAGATE_LAYER,236,655492,DSP,graph_xvgj3gl0
14812096543,FORWARD_PROPAGATE_LAYER,237,3662299,DSP,graph_xvgj3gl0
14812096543,FORWARD_PROPAGATE_LAYER,238,0,DSP,graph_xvgj3gl0
14812096543,FORWARD_PROPAGATE_LAYER,239,598549,DSP,graph_xvgj3gl0
14812096543,FORWARD_PROPAGATE_LAYER,240,2127071,DSP,graph_xvgj3gl0
14812096543,FORWARD_PROPAGATE_LAYER,241,0,DSP,graph_xvgj3gl0
14812096543,FORWARD_PROPAGATE_LAYER,242,565185,DSP,graph_xvgj3gl0
14812096543,FORWARD_PROPAGATE_LAYER,243,0,DSP,graph_xvgj3gl0
14812096543,FORWARD_PROPAGATE_LAYER,244,3074286,DSP,graph_xvgj3gl0
14812096543,FORWARD_PROPAGATE_LAYER,245,2013783,DSP,graph_xvgj3gl0
14812096543,FORWARD_PROPAGATE_LAYER,246,2279792,DSP,graph_xvgj3gl0
14812096543,FORWARD_PROPAGATE_LAYER,247,411901,DSP,graph_xvgj3gl0
14812096543,FORWARD_PROPAGATE_LAYER,248,2479343,DSP,graph_xvgj3gl0
14812096543,FORWARD_PROPAGATE_LAYER,249,3344891,DSP,graph_xvgj3gl0
14812096543,FORWARD_PROPAGATE_LAYER,250,1347928,DSP,graph_xvgj3gl0
14812096543,FORWARD_PROPAGATE_LAYER,251,1971392,DSP,graph_xvgj3gl0
14812096543,FORWARD_PROPAGATE_LAYER,252,3344,DSP,graph_xvgj3gl0
14812096543,FORWARD_PROPAGATE_LAYER,253,1145379,DSP,graph_xvgj3gl0
14812096543,FORWARD_PROPAGATE_LAYER,254,485384,DSP,graph_xvgj3gl0
14812096543,FORWARD_PROPAGATE_LAYER,255,1165484,DSP,graph_xvgj3gl0
14812096543,FORWARD_PROPAGATE_LAYER,256,1155853,DSP,graph_xvgj3gl0
14812096543,FORWARD_PROPAGATE_LAYER,257,7115829,DSP,graph_xvgj3gl0
14812096543,FORWARD_PROPAGATE_LAYER,258,1215436,DSP,graph_xvgj3gl0
14812096543,FORWARD_PROPAGATE_LAYER,259,339892,DSP,graph_xvgj3gl0
14812096543,FORWARD_PROPAGATE_LAYER,260,335234,DSP,graph_xvgj3gl0
14812096543,FORWARD_PROPAGATE_LAYER,261,71900,DSP,graph_xvgj3gl0
14812096543,FORWARD_PROPAGATE_LAYER,262,20757577,DSP,graph_xvgj3gl0
14812096543,FORWARD_PROPAGATE_LAYER,263,0,DSP,graph_xvgj3gl0
14812096543,FORWARD_PROPAGATE_LAYER,264,4531565,DSP,graph_xvgj3gl0
14812096543,FORWARD_PROPAGATE_LAYER,265,34863563,DSP,graph_xvgj3gl0
14812096543,FORWARD_PROPAGATE_LAYER,266,0,DSP,graph_xvgj3gl0
14812096543,FORWARD_PROPAGATE_LAYER,267,3871031,DSP,graph_xvgj3gl0
14812096543,FORWARD_PROPAGATE_LAYER,268,0,DSP,graph_xvgj3gl0
14812096543,FORWARD_PROPAGATE_LAYER,269,1545548,DSP,graph_xvgj3gl0
14812096543,FORWARD_PROPAGATE_LAYER,270,380000,DSP,graph_xvgj3gl0
14812096543,FORWARD_PROPAGATE_LAYER,271,0,DSP,graph_xvgj3gl0
14812096543,FORWARD_PROPAGATE_LAYER,272,1222175,DSP,graph_xvgj3gl0
14812096543,FORWARD_PROPAGATE_LAYER,273,835926,DSP,graph_xvgj3gl0
14812096543,FORWARD_PROPAGATE_LAYER,274,1391468,DSP,graph_xvgj3gl0
14812096543,FORWARD_PROPAGATE_LAYER,275,843214,DSP,graph_xvgj3gl0
14812096543,FORWARD_PROPAGATE_LAYER,276,1480260,DSP,graph_xvgj3gl0
14812096543,EXECUTE_TIME_SUBNET_0,-1,459413144,DSP,graph_xvgj3gl0
14812096543,TOTAL_INFERENCE_TIME,-1,187146,us,graph_xvgj3gl0
14812096543,FORWARD_PROPAGATE,-1,187129,us,graph_xvgj3gl0
14812096543,FORWARD_PROPAGATE_LAYER,0,993942,DSP,graph_xvgj3gl0
14812096543,FORWARD_PROPAGATE_LAYER,1,1376874,DSP,graph_xvgj3gl0
14812096543,FORWARD_PROPAGATE_LAYER,2,1210699,DSP,graph_xvgj3gl0
14812096543,FORWARD_PROPAGATE_LAYER,3,3024525,DSP,graph_xvgj3gl0
14812096543,FORWARD_PROPAGATE_LAYER,4,826650,DSP,graph_xvgj3gl0
14812096543,FORWARD_PROPAGATE_LAYER,5,5152906,DSP,graph_xvgj3gl0
14812096543,FORWARD_PROPAGATE_LAYER,6,998054,DSP,graph_xvgj3gl0
14812096543,FORWARD_PROPAGATE_LAYER,7,5372382,DSP,graph_xvgj3gl0
14812096543,FORWARD_PROPAGATE_LAYER,8,0,DSP,graph_xvgj3gl0
14812096543,FORWARD_PROPAGATE_LAYER,9,1494565,DSP,graph_xvgj3gl0
14812096543,FORWARD_PROPAGATE_LAYER,10,0,DSP,graph_xvgj3gl0
14812096543,FORWARD_PROPAGATE_LAYER,11,4096339,DSP,graph_xvgj3gl0
14812096543,FORWARD_PROPAGATE_LAYER,12,0,DSP,graph_xvgj3gl0
14812096543,FORWARD_PROPAGATE_LAYER,13,4048550,DSP,graph_xvgj3gl0
14812096543,FORWARD_PROPAGATE_LAYER,14,3386479,DSP,graph_xvgj3gl0
14812096543,FORWARD_PROPAGATE_LAYER,15,0,DSP,graph_xvgj3gl0
14812096543,FORWARD_PROPAGATE_LAYER,16,616599,DSP,graph_xvgj3gl0
14812096543,FORWARD_PROPAGATE_LAYER,17,3365361,DSP,graph_xvgj3gl0
14812096543,FORWARD_PROPAGATE_LAYER,18,0,DSP,graph_xvgj3gl0
14812096543,FORWARD_PROPAGATE_LAYER,19,604549,DSP,graph_xvgj3gl0
14812096543,FORWARD_PROPAGATE_LAYER,20,3569665,DSP,graph_xvgj3gl0
14812096543,FORWARD_PROPAGATE_LAYER,21,0,DSP,graph_xvgj3gl0
14812096543,FORWARD_PROPAGATE_LAYER,22,549537,DSP,graph_xvgj3gl0
14812096543,FORWARD_PROPAGATE_LAYER,23,2086117,DSP,graph_xvgj3gl0
14812096543,FORWARD_PROPAGATE_LAYER,24,0,DSP,graph_xvgj3gl0
14812096543,FORWARD_PROPAGATE_LAYER,25,508887,DSP,graph_xvgj3gl0
14812096543,FORWARD_PROPAGATE_LAYER,26,0,DSP,graph_xvgj3gl0
14812096543,FORWARD_PROPAGATE_LAYER,27,3093618,DSP,graph_xvgj3gl0
14812096543,FORWARD_PROPAGATE_LAYER,28,1980175,DSP,graph_xvgj3gl0
14812096543,FORWARD_PROPAGATE_LAYER,29,2234999,DSP,graph_xvgj3gl0
14812096543,FORWARD_PROPAGATE_LAYER,30,414600,DSP,graph_xvgj3gl0
14812096543,FORWARD_PROPAGATE_LAYER,31,2484618,DSP,graph_xvgj3gl0
14812096543,FORWARD_PROPAGATE_LAYER,32,3438573,DSP,graph_xvgj3gl0
14812096543,FORWARD_PROPAGATE_LAYER,33,1357439,DSP,graph_xvgj3gl0
14812096543,FORWARD_PROPAGATE_LAYER,34,1983260,DSP,graph_xvgj3gl0
14812096543,FORWARD_PROPAGATE_LAYER,35,6387,DSP,graph_xvgj3gl0
14812096543,FORWARD_PROPAGATE_LAYER,36,1152196,DSP,graph_xvgj3gl0
14812096543,FORWARD_PROPAGATE_LAYER,37,477811,DSP,graph_xvgj3gl0
14812096543,FORWARD_PROPAGATE_LAYER,38,1168550,DSP,graph_xvgj3gl0
14812096543,FORWARD_PROPAGATE_LAYER,39,1144199,DSP,graph_xvgj3gl0
14812096543,FORWARD_PROPAGATE_LAYER,40,7071395,DSP,graph_xvgj3gl0
14812096543,FORWARD_PROPAGATE_LAYER,41,1210473,DSP,graph_xvgj3gl0
14812096543,FORWARD_PROPAGATE_LAYER,42,327212,DSP,graph_xvgj3gl0
14812096543,FORWARD_PROPAGATE_LAYER,43,320560,DSP,graph_xvgj3gl0
14812096543,FORWARD_PROPAGATE_LAYER,44,428097,DSP,graph_xvgj3gl0
14812096543,FORWARD_PROPAGATE_LAYER,45,2942712,DSP,graph_xvgj3gl0
14812096543,FORWARD_PROPAGATE_LAYER,46,0,DSP,graph_xvgj3gl0
14812096543,FORWARD_PROPAGATE_LAYER,47,644187,DSP,graph_xvgj3gl0
14812096543,FORWARD_PROPAGATE_LAYER,48,3360654,DSP,graph_xvgj3gl0
14812096543,FORWARD_PROPAGATE_LAYER,49,0,DSP,graph_xvgj3gl0
14812096543,FORWARD_PROPAGATE_LAYER,50,666171,DSP,graph_xvgj3gl0
14812096543,FORWARD_PROPAGATE_LAYER,51,3662872,DSP,graph_xvgj3gl0
14812096543,FORWARD_PROPAGATE_LAYER,52,0,DSP,graph_xvgj3gl0
14812096543,FORWARD_PROPAGATE_LAYER,53,613014,DSP,graph_xvgj3gl0
14812096543,FORWARD_PROPAGATE_LAYER,54,2117539,DSP,graph_xvgj3gl0
14812096543,FORWARD_PROPAGATE_LAYER,55,0,DSP,graph_xvgj3gl0
14812096543,FORWARD_PROPAGATE_LAYER,56,549751,DSP,graph_xvgj3gl0
14812096543,FORWARD_PROPAGATE_LAYER,57,0,DSP,graph_xvgj3gl0
14812096543,FORWARD_PROPAGATE_LAYER,58,3097846,DSP,graph_xvgj3gl0
14812096543,FORWARD_PROPAGATE_LAYER,59,1999001,DSP,graph_xvgj3gl0
14812096543,FORWARD_PROPAGATE_LAYER,60,2278187,DSP,graph_xvgj3gl0
14812096543,FORWARD_PROPAGATE_LAYER,61,409854,DSP,graph_xvgj3gl0
14812096543,FORWARD_PROPAGATE_LAYER,62,2484813,DSP,graph_xvgj3gl0
14812096543,FORWARD_PROPAGATE_LAYER,63,3399187,DSP,graph_xvgj3gl0
14812096543,FORWARD_PROPAGATE_LAYER,64,1351821,DSP,graph_xvgj3gl0
14812096543,FORWARD_PROPAGATE_LAYER,65,1975456,DSP,graph_xvgj3gl0
14812096543,FORWARD_PROPAGATE_LAYER,66,4999,DSP,graph_xvgj3gl0
14812096543,FORWARD_PROPAGATE_LAYER,67,1144504,DSP,graph_xvgj3gl0
14812096543,FORWARD_PROPAGATE_LAYER,68,488891,DSP,graph_xvgj3gl0
14812096543,FORWARD_PROPAGATE_LAYER,69,1167240,DSP,graph_xvgj3gl0
14812096543,FORWARD_PROPAGATE_LAYER,70,1150983,DSP,graph_xvgj3gl0
14812096543,FORWARD_PROPAGATE_LAYER,71,7168279,DSP,graph_xvgj3gl0
14812096543,FORWARD_PROPAGATE_LAYER,72,1213172,DSP,graph_xvgj3gl0
14812096543,FORWARD_PROPAGATE_LAYER,73,322598,DSP,graph_xvgj3gl0
14812096543,FORWARD_PROPAGATE_LAYER,74,319779,DSP,graph_xvgj3gl0
14812096543,FORWARD_PROPAGATE_LAYER,75,395004,DSP,graph_xvgj3gl0
14812096543,FORWARD_PROPAGATE_LAYER,76,2954671,DSP,graph_xvgj3gl0
14812096543,FORWARD_PROPAGATE_LAYER,77,0,DSP,graph_xvgj3gl0
14812096543,FORWARD_PROPAGATE_LAYER,78,642407,DSP,graph_xvgj3gl0
14812096543,FORWARD_PROPAGATE_LAYER,79,3361569,DSP,graph_xvgj3gl0
14812096543,FORWARD_PROPAGATE_LAYER,80,0,DSP,graph_xvgj3gl0
14812096543,FORWARD_PROPAGATE_LAYER,81,668438,DSP,graph_xvgj3gl0
14812096543,FORWARD_PROPAGATE_LAYER,82,3673489,DSP,graph_xvgj3gl0
14812096543,FORWARD_PROPAGATE_LAYER,83,0,DSP,graph_xvgj3gl0
14812096543,FORWARD_PROPAGATE_LAYER,84,611662,DSP,graph_xvgj3gl0
14812096543,FORWARD_PROPAGATE_LAYER,85,2141084,DSP,graph_xvgj3gl0
14812096543,FORWARD_PROPAGATE_LAYER,86,0,DSP,graph_xvgj3gl0
14812096543,FORWARD_PROPAGATE_LAYER,87,546075,DSP,graph_xvgj3gl0
14812096543,FORWARD_PROPAGATE_LAYER,88,0,DSP,graph_xvgj3gl0
14812096543,FORWARD_PROPAGATE_LAYER,89,3105902,DSP,graph_xvgj3gl0
14812096543,FORWARD_PROPAGATE_LAYER,90,1986294,DSP,graph_xvgj3gl0
14812096543,FORWARD_PROPAGATE_LAYER,91,2270889,DSP,graph_xvgj3gl0
14812096543,FORWARD_PROPAGATE_LAYER,92,408257,DSP,graph_xvgj3gl0
14812096543,FORWARD_PROPAGATE_LAYER,93,2494865,DSP,graph_xvgj3gl0
14812096543,FORWARD_PROPAGATE_LAYER,94,3376113,DSP,graph_xvgj3gl0
14812096543,FORWARD_PROPAGATE_LAYER,95,1348715,DSP,graph_xvgj3gl0
14812096543,FORWARD_PROPAGATE_LAYER,96,1972767,DSP,graph_xvgj3gl0
14812096543,FORWARD_PROPAGATE_LAYER,97,3467,DSP,graph_xvgj3gl0
14812096543,FORWARD_PROPAGATE_LAYER,98,1147996,DSP,graph_xvgj3gl0
14812096543,FORWARD_PROPAGATE_LAYER,99,488173,DSP,graph_xvgj3gl0
14812096543,FORWARD_PROPAGATE_LAYER,100,1159566,DSP,graph_xvgj3gl0
14812096543,FORWARD_PROPAGATE_LAYER,101,1157610,DSP,graph_xvgj3gl0
14812096543,FORWARD_PROPAGATE_LAYER,102,7137412,DSP,graph_xvgj3gl0
14812096543,FORWARD_PROPAGATE_LAYER,103,1217468,DSP,graph_xvgj3gl0
14812096543,FORWARD_PROPAGATE_LAYER,104,322391,DSP,graph_xvgj3gl0
14812096543,FORWARD_PROPAGATE_LAYER,105,326223,DSP,graph_xvgj3gl0
14812096543,FORWARD_PROPAGATE_LAYER,106,376842,DSP,graph_xvgj3gl0
14812096543,FORWARD_PROPAGATE_LAYER,107,2956227,DSP,graph_xvgj3gl0
14812096543,FORWARD_PROPAGATE_LAYER,108,0,DSP,graph_xvgj3gl0
14812096543,FORWARD_PROPAGATE_LAYER,109,634695,DSP,graph_xvgj3gl0
14812096543,FORWARD_PROPAGATE_LAYER,110,3359864,DSP,graph_xvgj3gl0
14812096543,FORWARD_PROPAGATE_LAYER,111,0,DSP,graph_xvgj3gl0
14812096543,FORWARD_PROPAGATE_LAYER,112,663980,DSP,graph_xvgj3gl0
14812096543,FORWARD_PROPAGATE_LAYER,113,3692346,DSP,graph_xvgj3gl0
14812096543,FORWARD_PROPAGATE_LAYER,114,0,DSP,graph_xvgj3gl0
14812096543,FORWARD_PROPAGATE_LAYER,115,598045,DSP,graph_xvgj3gl0
14812096543,FORWARD_PROPAGATE_LAYER,116,2128853,DSP,graph_xvgj3gl0
14812096543,FORWARD_PROPAGATE_LAYER,117,0,DSP,graph_xvgj3gl0
14812096543,FORWARD_PROPAGATE_LAYER,118,550163,DSP,graph_xvgj3gl0
14812096543,FORWARD_PROPAGATE_LAYER,119,0,DSP,graph_xvgj3gl0
14812096543,FORWARD_PROPAGATE_LAYER,120,3081769,DSP,graph_xvgj3gl0
14812096543,FORWARD_PROPAGATE_LAYER,121,1980698,DSP,graph_xvgj3gl0
14812096543,FORWARD_PROPAGATE_LAYER,122,2274800,DSP,graph_xvgj3gl0
14812096543,FORWARD_PROPAGATE_LAYER,123,409278,DSP,graph_xvgj3gl0
14812096543,FORWARD_PROPAGATE_LAYER,124,2494461,DSP,graph_xvgj3gl0
14812096543,FORWARD_PROPAGATE_LAYER,125,3377771,DSP,graph_xvgj3gl0
14812096543,FORWARD_PROPAGATE_LAYER,126,1340244,DSP,graph_xvgj3gl0
14812096543,FORWARD_PROPAGATE_LAYER,127,1978125,DSP,graph_xvgj3gl0
14812096543,FORWARD_PROPAGATE_LAYER,128,6657,DSP,graph_xvgj3gl0
14812096543,FORWARD_PROPAGATE_LAYER,129,1147183,DSP,graph_xvgj3gl0
14812096543,FORWARD_PROPAGATE_LAYER,130,490162,DSP,graph_xvgj3gl0
14812096543,FORWARD_PROPAGATE_LAYER,131,1175067,DSP,graph_xvgj3gl0
14812096543,FORWARD_PROPAGATE_LAYER,132,1149597,DSP,graph_xvgj3gl0
14812096543,FORWARD_PROPAGATE_LAYER,133,7167798,DSP,graph_xvgj3gl0
14812096543,FORWARD_PROPAGATE_LAYER,134,1209410,DSP,graph_xvgj3gl0
14812096543,FORWARD_PROPAGATE_LAYER,135,321974,DSP,graph_xvgj3gl0
14812096543,FORWARD_PROPAGATE_LAYER,136,321039,DSP,graph_xvgj3gl0
14812096543,FORWARD_PROPAGATE_LAYER,137,399890,DSP,graph_xvgj3gl0
14812096543,FORWARD_PROPAGATE_LAYER,138,2961473,DSP,graph_xvgj3gl0
14812096543,FORWARD_PROPAGATE_LAYER,139,0,DSP,graph_xvgj3gl0
14812096543,FORWARD_PROPAGATE_LAYER,140,630446,DSP,graph_xvgj3gl0
14812096543,FORWARD_PROPAGATE_LAYER,141,3346370,DSP,graph_xvgj3gl0
14812096543,FORWARD_PROPAGATE_LAYER,142,0,DSP,graph_xvgj3gl0
14812096543,FORWARD_PROPAGATE_LAYER,143,660147,DSP,graph_xvgj3gl0
14812096543,FORWARD_PROPAGATE_LAYER,144,3686107,DSP,graph_xvgj3gl0
14812096543,FORWARD_PROPAGATE_LAYER,145,0,DSP,graph_xvgj3gl0
14812096543,FORWARD_PROPAGATE_LAYER,146,602168,DSP,graph_xvgj3gl0
14812096543,FORWARD_PROPAGATE_LAYER,147,2137642,DSP,graph_xvgj3gl0
14812096543,FORWARD_PROPAGATE_LAYER,148,0,DSP,graph_xvgj3gl0
14812096543,FORWARD_PROPAGATE_LAYER,149,548272,DSP,graph_xvgj3gl0
14812096543,FORWARD_PROPAGATE_LAYER,150,0,DSP,graph_xvgj3gl0
14812096543,FORWARD_PROPAGATE_LAYER,151,3101294,DSP,graph_xvgj3gl0
14812096543,FORWARD_PROPAGATE_LAYER,152,1998463,DSP,graph_xvgj3gl0
14812096543,FORWARD_PROPAGATE_LAYER,153,2274026,DSP,graph_xvgj3gl0
14812096543,FORWARD_PROPAGATE_LAYER,154,409419,DSP,graph_xvgj3gl0
14812096543,FORWARD_PROPAGATE_LAYER,155,2479315,DSP,graph_xvgj3gl0
14812096543,FORWARD_PROPAGATE_LAYER,156,3397306,DSP,graph_xvgj3gl0
14812096543,FORWARD_PROPAGATE_LAYER,157,1344849,DSP,graph_xvgj3gl0
14812096543,FORWARD_PROPAGATE_LAYER,158,1971830,DSP,graph_xvgj3gl0
14812096543,FORWARD_PROPAGATE_LAYER,159,4191,DSP,graph_xvgj3gl0
14812096543,FORWARD_PROPAGATE_LAYER,160,1140751,DSP,graph_xvgj3gl0
14812096543,FORWARD_PROPAGATE_LAYER,161,474545,DSP,graph_xvgj3gl0
14812096543,FORWARD_PROPAGATE_LAYER,162,1170237,DSP,graph_xvgj3gl0
14812096543,FORWARD_PROPAGATE_LAYER,163,1161731,DSP,graph_xvgj3gl0
14812096543,FORWARD_PROPAGATE_LAYER,164,7086627,DSP,graph_xvgj3gl0
14812096543,FORWARD_PROPAGATE_LAYER,165,1214250,DSP,graph_xvgj3gl0
14812096543,FORWARD_PROPAGATE_LAYER,166,327894,DSP,graph_xvgj3gl0
14812096543,FORWARD_PROPAGATE_LAYER,167,324357,DSP,graph_xvgj3gl0
14812096543,FORWARD_PROPAGATE_LAYER,168,379545,DSP,graph_xvgj3gl0
14812096543,FORWARD_PROPAGATE_LAYER,169,2944404,DSP,graph_xvgj3gl0
14812096543,FORWARD_PROPAGATE_LAYER,170,0,DSP,graph_xvgj3gl0
14812096543,FORWARD_PROPAGATE_LAYER,171,635918,DSP,graph_xvgj3gl0
14812096543,FORWARD_PROPAGATE_LAYER,172,3362473,DSP,graph_xvgj3gl0
14812096543,FORWARD_PROPAGATE_LAYER,173,0,DSP,graph_xvgj3gl0
14812096543,FORWARD_PROPAGATE_LAYER,174,660432,DSP,graph_xvgj3gl0
14812096543,FORWARD_PROPAGATE_LAYER,175,3701034,DSP,graph_xvgj3gl0
14812096543,FORWARD_PROPAGATE_LAYER,176,0,DSP,graph_xvgj3gl0
14812096543,FORWARD_PROPAGATE_LAYER,177,626805,DSP,graph_xvgj3gl0
14812096543,FORWARD_PROPAGATE_LAYER,178,2188053,DSP,graph_xvgj3gl0
14812096543,FORWARD_PROPAGATE_LAYER,179,0,DSP,graph_xvgj3gl0
14812096543,FORWARD_PROPAGATE_LAYER,180,551323,DSP,graph_xvgj3gl0
14812096543,FORWARD_PROPAGATE_LAYER,181,0,DSP,graph_xvgj3gl0
14812096543,FORWARD_PROPAGATE_LAYER,182,3070414,DSP,graph_xvgj3gl0
14812096543,FORWARD_PROPAGATE_LAYER,183,1995013,DSP,graph_xvgj3gl0
14812096543,FORWARD_PROPAGATE_LAYER,184,2277809,DSP,graph_xvgj3gl0
14812096543,FORWARD_PROPAGATE_LAYER,185,408039,DSP,graph_xvgj3gl0
14812096543,FORWARD_PROPAGATE_LAYER,186,2502423,DSP,graph_xvgj3gl0
14812096543,FORWARD_PROPAGATE_LAYER,187,3357511,DSP,graph_xvgj3gl0
14812096543,FORWARD_PROPAGATE_LAYER,188,1353897,DSP,graph_xvgj3gl0
14812096543,FORWARD_PROPAGATE_LAYER,189,1967644,DSP,graph_xvgj3gl0
14812096543,FORWARD_PROPAGATE_LAYER,190,3876,DSP,graph_xvgj3gl0
14812096543,FORWARD_PROPAGATE_LAYER,191,1147551,DSP,graph_xvgj3gl0
14812096543,FORWARD_PROPAGATE_LAYER,192,489559,DSP,graph_xvgj3gl0
14812096543,FORWARD_PROPAGATE_LAYER,193,1164970,DSP,graph_xvgj3gl0
14812096543,FORWARD_PROPAGATE_LAYER,194,1163077,DSP,graph_xvgj3gl0
14812096543,FORWARD_PROPAGATE_LAYER,195,7117169,DSP,graph_xvgj3gl0
14812096543,FORWARD_PROPAGATE_LAYER,196,1215656,DSP,graph_xvgj3gl0
14812096543,FORWARD_PROPAGATE_LAYER,197,329777,DSP,graph_xvgj3gl0
14812096543,FORWARD_PROPAGATE_LAYER,198,338059,DSP,graph_xvgj3gl0
14812096543,FORWARD_PROPAGATE_LAYER,199,394832,DSP,graph_xvgj3gl0
14812096543,FORWARD_PROPAGATE_LAYER,200,2933021,DSP,graph_xvgj3gl0
14812096543,FORWARD_PROPAGATE_LAYER,201,0,DSP,graph_xvgj3gl0
14812096543,FORWARD_PROPAGATE_LAYER,202,638371,DSP,graph_xvgj3gl0
14812096543,FORWARD_PROPAGATE_LAYER,203,3369527,DSP,graph_xvgj3gl0
14812096543,FORWARD_PROPAGATE_LAYER,204,0,DSP,graph_xvgj3gl0
14812096543,FORWARD_PROPAGATE_LAYER,205,666677,DSP,graph_xvgj3gl0
14812096543,FORWARD_PROPAGATE_LAYER,206,3670999,DSP,graph_xvgj3gl0
14812096543,FORWARD_PROPAGATE_LAYER,207,0,DSP,graph_xvgj3gl0
14812096543,FORWARD_PROPAGATE_LAYER,208,613544,DSP,graph_xvgj3gl0
14812096543,FORWARD_PROPAGATE_LAYER,209,2142242,DSP,graph_xvgj3gl0
14812096543,FORWARD_PROPAGATE_LAYER,210,0,DSP,graph_xvgj3gl0
14812096543,FORWARD_PROPAGATE_LAYER,211,554531,DSP,graph_xvgj3gl0
14812096543,FORWARD_PROPAGATE_LAYER,212,0,DSP,graph_xvgj3gl0
14812096543,FORWARD_PROPAGATE_LAYER,213,3086168,DSP,graph_xvgj3gl0
14812096543,FORWARD_PROPAGATE_LAYER,214,1994828,DSP,graph_xvgj3gl0
14812096543,FORWARD_PROPAGATE_LAYER,215,2290691,DSP,graph_xvgj3gl0
14812096543,FORWARD_PROPAGATE_LAYER,216,412216,DSP,graph_xvgj3gl0
14812096543,FORWARD_PROPAGATE_LAYER,217,2483350,DSP,graph_xvgj3gl0
14812096543,FORWARD_PROPAGATE_LAYER,218,3399052,DSP,graph_xvgj3gl0
14812096543,FORWARD_PROPAGATE_LAYER,219,1352665,DSP,graph_xvgj3gl0
14812096543,FORWARD_PROPAGATE_LAYER,220,1974138,DSP,graph_xvgj3gl0
14812096543,FORWARD_PROPAGATE_LAYER,221,4151,DSP,graph_xvgj3gl0
14812096543,FORWARD_PROPAGATE_LAYER,222,1142815,DSP,graph_xvgj3gl0
14812096543,FORWARD_PROPAGATE_LAYER,223,488595,DSP,graph_xvgj3gl0
14812096543,FORWARD_PROPAGATE_LAYER,224,1156211,DSP,graph_xvgj3gl0
14812096543,FORWARD_PROPAGATE_LAYER,225,1155615,DSP,graph_xvgj3gl0
14812096543,FORWARD_PROPAGATE_LAYER,226,7142450,DSP,graph_xvgj3gl0
14812096543,FORWARD_PROPAGATE_LAYER,227,1224092,DSP,graph_xvgj3gl0
14812096543,FORWARD_PROPAGATE_LAYER,228,330408,DSP,graph_xvgj3gl0
14812096543,FORWARD_PROPAGATE_LAYER,229,330168,DSP,graph_xvgj3gl0
14812096543,FORWARD_PROPAGATE_LAYER,230,411455,DSP,graph_xvgj3gl0
14812096543,FORWARD_PROPAGATE_LAYER,231,2946103,DSP,graph_xvgj3gl0
14812096543,FORWARD_PROPAGATE_LAYER,232,0,DSP,graph_xvgj3gl0
14812096543,FORWARD_PROPAGATE_LAYER,233,567665,DSP,graph_xvgj3gl0
14812096543,FORWARD_PROPAGATE_LAYER,234,3390446,DSP,graph_xvgj3gl0
14812096543,FORWARD_PROPAGATE_LAYER,235,0,DSP,graph_xvgj3gl0
14812096543,FORWARD_PROPAGATE_LAYER,236,657670,DSP,graph_xvgj3gl0
14812096543,FORWARD_PROPAGATE_LAYER,237,3665783,DSP,graph_xvgj3gl0
14812096543,FORWARD_PROPAGATE_LAYER,238,0,DSP,graph_xvgj3gl0
14812096543,FORWARD_PROPAGATE_LAYER,239,587649,DSP,graph_xvgj3gl0
14812096543,FORWARD_PROPAGATE_LAYER,240,2126522,DSP,graph_xvgj3gl0
14812096543,FORWARD_PROPAGATE_LAYER,241,0,DSP,graph_xvgj3gl0
14812096543,FORWARD_PROPAGATE_LAYER,242,569663,DSP,graph_xvgj3gl0
14812096543,FORWARD_PROPAGATE_LAYER,243,0,DSP,graph_xvgj3gl0
14812096543,FORWARD_PROPAGATE_LAYER,244,3068548,DSP,graph_xvgj3gl0
14812096543,FORWARD_PROPAGATE_LAYER,245,2016208,DSP,graph_xvgj3gl0
14812096543,FORWARD_PROPAGATE_LAYER,246,2282184,DSP,graph_xvgj3gl0
14812096543,FORWARD_PROPAGATE_LAYER,247,412076,DSP,graph_xvgj3gl0
14812096543,FORWARD_PROPAGATE_LAYER,248,2484835,DSP,graph_xvgj3gl0
14812096543,FORWARD_PROPAGATE_LAYER,249,3384663,DSP,graph_xvgj3gl0
14812096543,FORWARD_PROPAGATE_LAYER,250,1348055,DSP,graph_xvgj3gl0
14812096543,FORWARD_PROPAGATE_LAYER,251,1966513,DSP,graph_xvgj3gl0
14812096543,FORWARD_PROPAGATE_LAYER,252,3914,DSP,graph_xvgj3gl0
14812096543,FORWARD_PROPAGATE_LAYER,253,1146080,DSP,graph_xvgj3gl0
14812096543,FORWARD_PROPAGATE_LAYER,254,485922,DSP,graph_xvgj3gl0
14812096543,FORWARD_PROPAGATE_LAYER,255,1167675,DSP,graph_xvgj3gl0
14812096543,FORWARD_PROPAGATE_LAYER,256,1167762,DSP,graph_xvgj3gl0
14812096543,FORWARD_PROPAGATE_LAYER,257,7119166,DSP,graph_xvgj3gl0
14812096543,FORWARD_PROPAGATE_LAYER,258,1220008,DSP,graph_xvgj3gl0
14812096543,FORWARD_PROPAGATE_LAYER,259,342537,DSP,graph_xvgj3gl0
14812096543,FORWARD_PROPAGATE_LAYER,260,334279,DSP,graph_xvgj3gl0
14812096543,FORWARD_PROPAGATE_LAYER,261,72442,DSP,graph_xvgj3gl0
14812096543,FORWARD_PROPAGATE_LAYER,262,20778462,DSP,graph_xvgj3gl0
14812096543,FORWARD_PROPAGATE_LAYER,263,0,DSP,graph_xvgj3gl0
14812096543,FORWARD_PROPAGATE_LAYER,264,4534955,DSP,graph_xvgj3gl0
14812096543,FORWARD_PROPAGATE_LAYER,265,34914025,DSP,graph_xvgj3gl0
14812096543,FORWARD_PROPAGATE_LAYER,266,0,DSP,graph_xvgj3gl0
14812096543,FORWARD_PROPAGATE_LAYER,267,3870986,DSP,graph_xvgj3gl0
14812096543,FORWARD_PROPAGATE_LAYER,268,0,DSP,graph_xvgj3gl0
14812096543,FORWARD_PROPAGATE_LAYER,269,1547701,DSP,graph_xvgj3gl0
14812096543,FORWARD_PROPAGATE_LAYER,270,378046,DSP,graph_xvgj3gl0
14812096543,FORWARD_PROPAGATE_LAYER,271,0,DSP,graph_xvgj3gl0
14812096543,FORWARD_PROPAGATE_LAYER,272,1223432,DSP,graph_xvgj3gl0
14812096543,FORWARD_PROPAGATE_LAYER,273,837306,DSP,graph_xvgj3gl0
14812096543,FORWARD_PROPAGATE_LAYER,274,1389588,DSP,graph_xvgj3gl0
14812096543,FORWARD_PROPAGATE_LAYER,275,843668,DSP,graph_xvgj3gl0
14812096543,FORWARD_PROPAGATE_LAYER,276,1475857,DSP,graph_xvgj3gl0
